Copyright 1986-2022 Xilinx, Inc. All Rights Reserved. Copyright 2022-2026 Advanced Micro Devices, Inc. All Rights Reserved.
---------------------------------------------------------------------------------------------------------------------------------------------------------------------------------------------------------------------------------------------
| Tool Version : Vivado v.2025.2.1 (lin64) Build 6403652 Thu Mar 19 13:47:00 MDT 2026
| Date         : Fri Oct  9 01:30:26 2026
| Host         : HomeLab-Latitude-3410 running 64-bit CachyOS
| Command      : report_timing_summary -max_paths 10 -routable_nets -report_unconstrained -file top_boolean_timing_summary_routed.rpt -pb top_boolean_timing_summary_routed.pb -rpx top_boolean_timing_summary_routed.rpx -warn_on_violation
| Design       : top_boolean
| Device       : 7s50-csga324
| Speed File   : -1  PRODUCTION 1.23 2018-06-13
| Design State : Routed
---------------------------------------------------------------------------------------------------------------------------------------------------------------------------------------------------------------------------------------------

Timing Summary Report

------------------------------------------------------------------------------------------------
| Timer Settings
| --------------
------------------------------------------------------------------------------------------------

  Enable Multi Corner Analysis               :  Yes
  Enable Pessimism Removal                   :  Yes
  Pessimism Removal Resolution               :  Nearest Common Node
  Enable Input Delay Default Clock           :  No
  Enable Preset / Clear Arcs                 :  No
  Disable Flight Delays                      :  No
  Ignore I/O Paths                           :  No
  Timing Early Launch at Borrowing Latches   :  No
  Borrow Time for Max Delay Exceptions       :  Yes
  Merge Timing Exceptions                    :  Yes
  Inter-SLR Compensation                     :  Conservative

  Corner  Analyze    Analyze    
  Name    Max Paths  Min Paths  
  ------  ---------  ---------  
  Slow    Yes        Yes        
  Fast    Yes        Yes        


------------------------------------------------------------------------------------------------
| Report Methodology
| ------------------
------------------------------------------------------------------------------------------------

Rule       Severity          Description                                 Violations  
---------  ----------------  ------------------------------------------  ----------  
TIMING-17  Critical Warning  Non-clocked sequential cell                 165         
LUTAR-1    Warning           LUT drives async reset alert                2           
SYNTH-6    Warning           Timing of a RAM block might be sub-optimal  32          
SYNTH-15   Warning           Byte wide write enable not inferred         32          

Note: This report is based on the most recent report_methodology run and may not be up-to-date. Run report_methodology on the current design for the latest report.



check_timing report

Table of Contents
-----------------
1. checking no_clock (165)
2. checking constant_clock (0)
3. checking pulse_width_clock (0)
4. checking unconstrained_internal_endpoints (318)
5. checking no_input_delay (21)
6. checking no_output_delay (23)
7. checking multiple_clock (0)
8. checking generated_clocks (0)
9. checking loops (0)
10. checking partial_input_delay (0)
11. checking partial_output_delay (0)
12. checking latch_loops (0)

1. checking no_clock (165)
--------------------------
 There are 165 register/latch pins with no clock driven by root clock pin: u_ibex_demo_system/gen_dm_top.u_dm_top/dap/i_dmi_jtag_tap/i_tap_dtmcs/TCK (HIGH)


2. checking constant_clock (0)
------------------------------
 There are 0 register/latch pins with constant_clock.


3. checking pulse_width_clock (0)
---------------------------------
 There are 0 register/latch pins which need pulse_width check


4. checking unconstrained_internal_endpoints (318)
--------------------------------------------------
 There are 318 pins that are not constrained for maximum delay. (HIGH)

 There are 0 pins that are not constrained for maximum delay due to constant clock.


5. checking no_input_delay (21)
-------------------------------
 There are 21 input ports with no input delay specified. (HIGH)

 There are 0 input ports with no input delay but user has a false path constraint.


6. checking no_output_delay (23)
--------------------------------
 There are 23 ports with no output delay specified. (HIGH)

 There are 0 ports with no output delay but user has a false path constraint

 There are 0 ports with no output delay but with a timing clock defined on it or propagating through it


7. checking multiple_clock (0)
------------------------------
 There are 0 register/latch pins with multiple clocks.


8. checking generated_clocks (0)
--------------------------------
 There are 0 generated clocks that are not connected to a clock source.


9. checking loops (0)
---------------------
 There are 0 combinational loops in the design.


10. checking partial_input_delay (0)
------------------------------------
 There are 0 input ports with partial input delay specified.


11. checking partial_output_delay (0)
-------------------------------------
 There are 0 ports with partial output delay specified.


12. checking latch_loops (0)
----------------------------
 There are 0 combinational latch loops in the design through latch input



------------------------------------------------------------------------------------------------
| Design Timing Summary
| ---------------------
------------------------------------------------------------------------------------------------

    WNS(ns)      TNS(ns)  TNS Failing Endpoints  TNS Total Endpoints      WHS(ns)      THS(ns)  THS Failing Endpoints  THS Total Endpoints     WPWS(ns)     TPWS(ns)  TPWS Failing Endpoints  TPWS Total Endpoints  
    -------      -------  ---------------------  -------------------      -------      -------  ---------------------  -------------------     --------     --------  ----------------------  --------------------  
      0.716        0.000                      0                12162        0.058        0.000                      0                12162        3.000        0.000                       0                  5102  


All user specified timing constraints are met.


------------------------------------------------------------------------------------------------
| Clock Summary
| -------------
------------------------------------------------------------------------------------------------

Clock           Waveform(ns)       Period(ns)      Frequency(MHz)
-----           ------------       ----------      --------------
gclk            {0.000 5.000}      10.000          100.000         
  clk_50_unbuf  {0.000 10.000}     20.000          50.000          
  clk_fb_unbuf  {0.000 5.000}      10.000          100.000         


------------------------------------------------------------------------------------------------
| Intra Clock Table
| -----------------
------------------------------------------------------------------------------------------------

Clock               WNS(ns)      TNS(ns)  TNS Failing Endpoints  TNS Total Endpoints      WHS(ns)      THS(ns)  THS Failing Endpoints  THS Total Endpoints     WPWS(ns)     TPWS(ns)  TPWS Failing Endpoints  TPWS Total Endpoints  
-----               -------      -------  ---------------------  -------------------      -------      -------  ---------------------  -------------------     --------     --------  ----------------------  --------------------  
gclk                                                                                                                                                              3.000        0.000                       0                     1  
  clk_50_unbuf        0.716        0.000                      0                11448        0.058        0.000                      0                11448        8.750        0.000                       0                  5098  
  clk_fb_unbuf                                                                                                                                                    7.845        0.000                       0                     3  


------------------------------------------------------------------------------------------------
| Inter Clock Table
| -----------------
------------------------------------------------------------------------------------------------

From Clock    To Clock          WNS(ns)      TNS(ns)  TNS Failing Endpoints  TNS Total Endpoints      WHS(ns)      THS(ns)  THS Failing Endpoints  THS Total Endpoints  
----------    --------          -------      -------  ---------------------  -------------------      -------      -------  ---------------------  -------------------  


------------------------------------------------------------------------------------------------
| Other Path Groups Table
| -----------------------
------------------------------------------------------------------------------------------------

Path Group         From Clock         To Clock               WNS(ns)      TNS(ns)  TNS Failing Endpoints  TNS Total Endpoints      WHS(ns)      THS(ns)  THS Failing Endpoints  THS Total Endpoints  
----------         ----------         --------               -------      -------  ---------------------  -------------------      -------      -------  ---------------------  -------------------  
**async_default**  clk_50_unbuf       clk_50_unbuf             8.204        0.000                      0                  714        0.638        0.000                      0                  714  


------------------------------------------------------------------------------------------------
| User Ignored Path Table
| -----------------------
------------------------------------------------------------------------------------------------

Path Group    From Clock    To Clock    
----------    ----------    --------    


------------------------------------------------------------------------------------------------
| Unconstrained Path Table
| ------------------------
------------------------------------------------------------------------------------------------

Path Group    From Clock    To Clock    
----------    ----------    --------    
(none)                                    
(none)        clk_50_unbuf                
(none)                      clk_50_unbuf  


------------------------------------------------------------------------------------------------
| Timing Details
| --------------
------------------------------------------------------------------------------------------------


---------------------------------------------------------------------------------------------------
From Clock:  gclk
  To Clock:  gclk

Setup :           NA  Failing Endpoints,  Worst Slack           NA  ,  Total Violation           NA
Hold  :           NA  Failing Endpoints,  Worst Slack           NA  ,  Total Violation           NA
PW    :            0  Failing Endpoints,  Worst Slack        3.000ns,  Total Violation        0.000ns
---------------------------------------------------------------------------------------------------


Pulse Width Checks
--------------------------------------------------------------------------------------
Clock Name:         gclk
Waveform(ns):       { 0.000 5.000 }
Period(ns):         10.000
Sources:            { IO_CLK }

Check Type        Corner  Lib Pin           Reference Pin  Required(ns)  Actual(ns)  Slack(ns)  Location        Pin
Min Period        n/a     PLLE2_ADV/CLKIN1  n/a            1.249         10.000      8.751      PLLE2_ADV_X0Y1  clkgen/pll/CLKIN1
Max Period        n/a     PLLE2_ADV/CLKIN1  n/a            52.633        10.000      42.633     PLLE2_ADV_X0Y1  clkgen/pll/CLKIN1
Low Pulse Width   Slow    PLLE2_ADV/CLKIN1  n/a            2.000         5.000       3.000      PLLE2_ADV_X0Y1  clkgen/pll/CLKIN1
Low Pulse Width   Fast    PLLE2_ADV/CLKIN1  n/a            2.000         5.000       3.000      PLLE2_ADV_X0Y1  clkgen/pll/CLKIN1
High Pulse Width  Slow    PLLE2_ADV/CLKIN1  n/a            2.000         5.000       3.000      PLLE2_ADV_X0Y1  clkgen/pll/CLKIN1
High Pulse Width  Fast    PLLE2_ADV/CLKIN1  n/a            2.000         5.000       3.000      PLLE2_ADV_X0Y1  clkgen/pll/CLKIN1



---------------------------------------------------------------------------------------------------
From Clock:  clk_50_unbuf
  To Clock:  clk_50_unbuf

Setup :            0  Failing Endpoints,  Worst Slack        0.716ns,  Total Violation        0.000ns
Hold  :            0  Failing Endpoints,  Worst Slack        0.058ns,  Total Violation        0.000ns
PW    :            0  Failing Endpoints,  Worst Slack        8.750ns,  Total Violation        0.000ns
---------------------------------------------------------------------------------------------------


Max Delay Paths
--------------------------------------------------------------------------------------
Slack (MET) :             0.716ns  (required time - arrival time)
  Source:                 u_ibex_demo_system/u_top/u_ibex_core/if_stage_i/g_instr_rdata_nr.instr_rdata_id_o_reg[4]/C
                            (rising edge-triggered cell FDRE clocked by clk_50_unbuf  {rise@0.000ns fall@10.000ns period=20.000ns})
  Destination:            u_ibex_demo_system/u_top/u_ibex_core/cs_registers_i/gen_cntrs[1].gen_imp.mcounters_variable_i/g_cnt_dsp.counter_q_reg[15]/D
                            (rising edge-triggered cell FDRE clocked by clk_50_unbuf  {rise@0.000ns fall@10.000ns period=20.000ns})
  Path Group:             clk_50_unbuf
  Path Type:              Setup (Max at Slow Process Corner)
  Requirement:            20.000ns  (clk_50_unbuf rise@20.000ns - clk_50_unbuf rise@0.000ns)
  Data Path Delay:        19.150ns  (logic 6.528ns (34.090%)  route 12.622ns (65.910%))
  Logic Levels:           25  (CARRY4=7 DSP48E1=1 LUT2=1 LUT4=3 LUT5=3 LUT6=10)
  Clock Path Skew:        -0.015ns (DCD - SCD + CPR)
    Destination Clock Delay (DCD):    -1.818ns = ( 18.182 - 20.000 ) 
    Source Clock Delay      (SCD):    -2.218ns
    Clock Pessimism Removal (CPR):    -0.415ns
  Clock Uncertainty:      0.074ns  ((TSJ^2 + DJ^2)^1/2) / 2 + PE
    Total System Jitter     (TSJ):    0.071ns
    Discrete Jitter          (DJ):    0.130ns
    Phase Error              (PE):    0.000ns

    Location             Delay type                Incr(ns)  Path(ns)    Netlist Resource(s)
  -------------------------------------------------------------------    -------------------
                         (clock clk_50_unbuf rise edge)
                                                      0.000     0.000 r  
    F14                                               0.000     0.000 r  IO_CLK (IN)
                         net (fo=0)                   0.000     0.000    clkgen/IO_CLK
    F14                  IBUF (Prop_ibuf_I_O)         1.458     1.458 r  clkgen/io_clk_ibuf/O
                         net (fo=1, routed)           1.253     2.712    clkgen/io_clk_buf
    PLLE2_ADV_X0Y1       PLLE2_ADV (Prop_plle2_adv_CLKIN1_CLKOUT0)
                                                     -8.471    -5.760 r  clkgen/pll/CLKOUT0
                         net (fo=1, routed)           1.660    -4.099    clkgen/clk_50_unbuf
    BUFGCTRL_X0Y16       BUFG (Prop_bufg_I_O)         0.096    -4.003 r  clkgen/clk_50_bufg/O
                         net (fo=3640, routed)        0.140    -3.863    u_ibex_demo_system/u_top/core_clock_gate_i/gen_xilinx.u_impl_xilinx/clk_sys
    BUFGCTRL_X0Y17       BUFGCTRL (Prop_bufgctrl_I0_O)
                                                      0.096    -3.767 r  u_ibex_demo_system/u_top/core_clock_gate_i/gen_xilinx.u_impl_xilinx/gen_gate.gen_bufgce.u_bufgce/O
                         net (fo=1456, routed)        1.549    -2.218    u_ibex_demo_system/u_top/u_ibex_core/if_stage_i/CLK
    SLICE_X36Y26         FDRE                                         r  u_ibex_demo_system/u_top/u_ibex_core/if_stage_i/g_instr_rdata_nr.instr_rdata_id_o_reg[4]/C
  -------------------------------------------------------------------    -------------------
    SLICE_X36Y26         FDRE (Prop_fdre_C_Q)         0.456    -1.762 f  u_ibex_demo_system/u_top/u_ibex_core/if_stage_i/g_instr_rdata_nr.instr_rdata_id_o_reg[4]/Q
                         net (fo=41, routed)          0.897    -0.865    u_ibex_demo_system/u_top/u_ibex_core/if_stage_i/Q[4]
    SLICE_X37Y25         LUT2 (Prop_lut2_I0_O)        0.154    -0.711 f  u_ibex_demo_system/u_top/u_ibex_core/if_stage_i/adder_result_ext_o_carry_i_76/O
                         net (fo=2, routed)           0.982     0.271    u_ibex_demo_system/u_top/u_ibex_core/if_stage_i/adder_result_ext_o_carry_i_76_n_0
    SLICE_X40Y26         LUT6 (Prop_lut6_I3_O)        0.327     0.598 f  u_ibex_demo_system/u_top/u_ibex_core/if_stage_i/adder_result_ext_o_carry_i_47/O
                         net (fo=2, routed)           0.685     1.283    u_ibex_demo_system/u_top/u_ibex_core/if_stage_i/adder_result_ext_o_carry_i_47_n_0
    SLICE_X40Y26         LUT6 (Prop_lut6_I1_O)        0.124     1.407 r  u_ibex_demo_system/u_top/u_ibex_core/if_stage_i/adder_result_ext_o_carry__0_i_21/O
                         net (fo=31, routed)          0.691     2.098    u_ibex_demo_system/u_top/u_ibex_core/load_store_unit_i/adder_result_ext_o_carry__0_i_11_0
    SLICE_X44Y24         LUT4 (Prop_lut4_I3_O)        0.124     2.222 r  u_ibex_demo_system/u_top/u_ibex_core/load_store_unit_i/adder_result_ext_o_carry_i_21/O
                         net (fo=1, routed)           0.582     2.804    u_ibex_demo_system/u_top/u_ibex_core/if_stage_i/rdata_q_reg[2]
    SLICE_X43Y24         LUT5 (Prop_lut5_I4_O)        0.124     2.928 r  u_ibex_demo_system/u_top/u_ibex_core/if_stage_i/adder_result_ext_o_carry_i_9/O
                         net (fo=7, routed)           0.649     3.577    u_ibex_demo_system/u_top/u_ibex_core/ex_block_i/gen_multdiv_fast.multdiv_i/alu_operand_a_ex[2]
    SLICE_X43Y24         LUT6 (Prop_lut6_I0_O)        0.124     3.701 r  u_ibex_demo_system/u_top/u_ibex_core/ex_block_i/gen_multdiv_fast.multdiv_i/adder_result_ext_o_carry_i_1/O
                         net (fo=2, routed)           0.486     4.187    u_ibex_demo_system/u_top/u_ibex_core/if_stage_i/adder_in_a[2]
    SLICE_X41Y24         LUT5 (Prop_lut5_I0_O)        0.124     4.311 r  u_ibex_demo_system/u_top/u_ibex_core/if_stage_i/adder_result_ext_o_carry_i_5/O
                         net (fo=1, routed)           0.000     4.311    u_ibex_demo_system/u_top/u_ibex_core/ex_block_i/alu_i/S[3]
    SLICE_X41Y24         CARRY4 (Prop_carry4_S[3]_CO[3])
                                                      0.401     4.712 r  u_ibex_demo_system/u_top/u_ibex_core/ex_block_i/alu_i/adder_result_ext_o_carry/CO[3]
                         net (fo=1, routed)           0.009     4.721    u_ibex_demo_system/u_top/u_ibex_core/ex_block_i/alu_i/adder_result_ext_o_carry_n_0
    SLICE_X41Y25         CARRY4 (Prop_carry4_CI_CO[3])
                                                      0.114     4.835 r  u_ibex_demo_system/u_top/u_ibex_core/ex_block_i/alu_i/adder_result_ext_o_carry__0/CO[3]
                         net (fo=1, routed)           0.000     4.835    u_ibex_demo_system/u_top/u_ibex_core/ex_block_i/alu_i/adder_result_ext_o_carry__0_n_0
    SLICE_X41Y26         CARRY4 (Prop_carry4_CI_CO[3])
                                                      0.114     4.949 r  u_ibex_demo_system/u_top/u_ibex_core/ex_block_i/alu_i/adder_result_ext_o_carry__1/CO[3]
                         net (fo=1, routed)           0.000     4.949    u_ibex_demo_system/u_top/u_ibex_core/ex_block_i/alu_i/adder_result_ext_o_carry__1_n_0
    SLICE_X41Y27         CARRY4 (Prop_carry4_CI_CO[3])
                                                      0.114     5.063 r  u_ibex_demo_system/u_top/u_ibex_core/ex_block_i/alu_i/adder_result_ext_o_carry__2/CO[3]
                         net (fo=1, routed)           0.000     5.063    u_ibex_demo_system/u_top/u_ibex_core/ex_block_i/alu_i/adder_result_ext_o_carry__2_n_0
    SLICE_X41Y28         CARRY4 (Prop_carry4_CI_CO[3])
                                                      0.114     5.177 r  u_ibex_demo_system/u_top/u_ibex_core/ex_block_i/alu_i/adder_result_ext_o_carry__3/CO[3]
                         net (fo=1, routed)           0.000     5.177    u_ibex_demo_system/u_top/u_ibex_core/ex_block_i/alu_i/adder_result_ext_o_carry__3_n_0
    SLICE_X41Y29         CARRY4 (Prop_carry4_CI_CO[3])
                                                      0.114     5.291 r  u_ibex_demo_system/u_top/u_ibex_core/ex_block_i/alu_i/adder_result_ext_o_carry__4/CO[3]
                         net (fo=1, routed)           0.000     5.291    u_ibex_demo_system/u_top/u_ibex_core/ex_block_i/alu_i/adder_result_ext_o_carry__4_n_0
    SLICE_X41Y30         CARRY4 (Prop_carry4_CI_O[2])
                                                      0.256     5.547 f  u_ibex_demo_system/u_top/u_ibex_core/ex_block_i/alu_i/adder_result_ext_o_carry__5/O[2]
                         net (fo=17, routed)          1.085     6.633    u_ibex_demo_system/u_top/u_ibex_core/ex_block_i/alu_i/gen_intermediate_val_reg[0].imd_val_q_reg[0][26][2]
    SLICE_X42Y35         LUT4 (Prop_lut4_I2_O)        0.302     6.935 r  u_ibex_demo_system/u_top/u_ibex_core/ex_block_i/alu_i/FSM_sequential_md_state_q[2]_i_13/O
                         net (fo=1, routed)           0.446     7.381    u_ibex_demo_system/u_top/u_ibex_core/ex_block_i/alu_i/FSM_sequential_md_state_q[2]_i_13_n_0
    SLICE_X42Y32         LUT5 (Prop_lut5_I4_O)        0.124     7.505 r  u_ibex_demo_system/u_top/u_ibex_core/ex_block_i/alu_i/FSM_sequential_md_state_q[2]_i_11/O
                         net (fo=1, routed)           0.165     7.670    u_ibex_demo_system/u_top/u_ibex_core/ex_block_i/alu_i/FSM_sequential_md_state_q[2]_i_11_n_0
    SLICE_X42Y32         LUT6 (Prop_lut6_I5_O)        0.124     7.794 r  u_ibex_demo_system/u_top/u_ibex_core/ex_block_i/alu_i/FSM_sequential_md_state_q[2]_i_6/O
                         net (fo=1, routed)           0.786     8.579    u_ibex_demo_system/u_top/u_ibex_core/ex_block_i/alu_i/FSM_sequential_md_state_q[2]_i_6_n_0
    SLICE_X41Y23         LUT6 (Prop_lut6_I0_O)        0.124     8.703 r  u_ibex_demo_system/u_top/u_ibex_core/ex_block_i/alu_i/FSM_sequential_md_state_q[2]_i_5/O
                         net (fo=6, routed)           0.466     9.169    u_ibex_demo_system/u_top/u_ibex_core/if_stage_i/alu_is_equal_result
    SLICE_X40Y20         LUT4 (Prop_lut4_I3_O)        0.124     9.293 f  u_ibex_demo_system/u_top/u_ibex_core/if_stage_i/g_branch_set_flop.branch_set_raw_q_i_4/O
                         net (fo=3, routed)           0.303     9.597    u_ibex_demo_system/u_top/u_ibex_core/if_stage_i/branch_decision
    SLICE_X40Y20         LUT6 (Prop_lut6_I1_O)        0.124     9.721 f  u_ibex_demo_system/u_top/u_ibex_core/if_stage_i/id_fsm_q_i_4/O
                         net (fo=3, routed)           0.452    10.173    u_ibex_demo_system/u_top/u_ibex_core/if_stage_i/g_instr_rdata_nr.instr_rdata_id_o_reg[6]_0
    SLICE_X40Y19         LUT6 (Prop_lut6_I5_O)        0.124    10.297 f  u_ibex_demo_system/u_top/u_ibex_core/if_stage_i/rdata_q[31]_i_12/O
                         net (fo=2, routed)           0.462    10.759    u_ibex_demo_system/u_top/u_ibex_core/if_stage_i/id_fsm_q_reg_0
    SLICE_X42Y16         LUT6 (Prop_lut6_I3_O)        0.124    10.883 r  u_ibex_demo_system/u_top/u_ibex_core/if_stage_i/rdata_q[31]_i_5__1/O
                         net (fo=19, routed)          0.466    11.349    u_ibex_demo_system/u_top/u_ibex_core/if_stage_i/instr_valid_id_q_reg_5
    SLICE_X43Y14         LUT6 (Prop_lut6_I5_O)        0.124    11.473 f  u_ibex_demo_system/u_top/u_ibex_core/if_stage_i/counter_upd_i_38/O
                         net (fo=168, routed)         1.333    12.806    u_ibex_demo_system/u_top/u_ibex_core/if_stage_i/counter_upd_i_38_n_0
    SLICE_X54Y6          LUT6 (Prop_lut6_I0_O)        0.124    12.930 r  u_ibex_demo_system/u_top/u_ibex_core/if_stage_i/counter_upd_i_2/O
                         net (fo=2, routed)           0.816    13.745    u_ibex_demo_system/u_top/u_ibex_core/cs_registers_i/gen_cntrs[1].gen_imp.mcounters_variable_i/counter_upd_0[0]
    DSP48_X1Y0           DSP48E1 (Prop_dsp48e1_OPMODE[0]_P[15])
                                                      2.326    16.071 r  u_ibex_demo_system/u_top/u_ibex_core/cs_registers_i/gen_cntrs[1].gen_imp.mcounters_variable_i/counter_upd/P[15]
                         net (fo=1, routed)           0.860    16.931    u_ibex_demo_system/u_top/u_ibex_core/cs_registers_i/gen_cntrs[1].gen_imp.mcounters_variable_i/counter_upd_n_90
    SLICE_X54Y4          FDRE                                         r  u_ibex_demo_system/u_top/u_ibex_core/cs_registers_i/gen_cntrs[1].gen_imp.mcounters_variable_i/g_cnt_dsp.counter_q_reg[15]/D
  -------------------------------------------------------------------    -------------------

                         (clock clk_50_unbuf rise edge)
                                                     20.000    20.000 r  
    F14                                               0.000    20.000 r  IO_CLK (IN)
                         net (fo=0)                   0.000    20.000    clkgen/IO_CLK
    F14                  IBUF (Prop_ibuf_I_O)         1.388    21.388 r  clkgen/io_clk_ibuf/O
                         net (fo=1, routed)           1.181    22.569    clkgen/io_clk_buf
    PLLE2_ADV_X0Y1       PLLE2_ADV (Prop_plle2_adv_CLKIN1_CLKOUT0)
                                                     -7.740    14.829 r  clkgen/pll/CLKOUT0
                         net (fo=1, routed)           1.582    16.411    clkgen/clk_50_unbuf
    BUFGCTRL_X0Y16       BUFG (Prop_bufg_I_O)         0.091    16.502 r  clkgen/clk_50_bufg/O
                         net (fo=3640, routed)        0.133    16.635    u_ibex_demo_system/u_top/core_clock_gate_i/gen_xilinx.u_impl_xilinx/clk_sys
    BUFGCTRL_X0Y17       BUFGCTRL (Prop_bufgctrl_I0_O)
                                                      0.091    16.726 r  u_ibex_demo_system/u_top/core_clock_gate_i/gen_xilinx.u_impl_xilinx/gen_gate.gen_bufgce.u_bufgce/O
                         net (fo=1456, routed)        1.455    18.182    u_ibex_demo_system/u_top/u_ibex_core/cs_registers_i/gen_cntrs[1].gen_imp.mcounters_variable_i/CLK
    SLICE_X54Y4          FDRE                                         r  u_ibex_demo_system/u_top/u_ibex_core/cs_registers_i/gen_cntrs[1].gen_imp.mcounters_variable_i/g_cnt_dsp.counter_q_reg[15]/C
                         clock pessimism             -0.415    17.767    
                         clock uncertainty           -0.074    17.693    
    SLICE_X54Y4          FDRE (Setup_fdre_C_D)       -0.045    17.648    u_ibex_demo_system/u_top/u_ibex_core/cs_registers_i/gen_cntrs[1].gen_imp.mcounters_variable_i/g_cnt_dsp.counter_q_reg[15]
  -------------------------------------------------------------------
                         required time                         17.648    
                         arrival time                         -16.931    
  -------------------------------------------------------------------
                         slack                                  0.716    

Slack (MET) :             0.766ns  (required time - arrival time)
  Source:                 u_ibex_demo_system/u_top/u_ibex_core/if_stage_i/g_instr_rdata_nr.instr_rdata_id_o_reg[4]/C
                            (rising edge-triggered cell FDRE clocked by clk_50_unbuf  {rise@0.000ns fall@10.000ns period=20.000ns})
  Destination:            u_ibex_demo_system/u_top/u_ibex_core/cs_registers_i/gen_cntrs[9].gen_imp.mcounters_variable_i/g_cnt_dsp.counter_q_reg[29]/D
                            (rising edge-triggered cell FDRE clocked by clk_50_unbuf  {rise@0.000ns fall@10.000ns period=20.000ns})
  Path Group:             clk_50_unbuf
  Path Type:              Setup (Max at Slow Process Corner)
  Requirement:            20.000ns  (clk_50_unbuf rise@20.000ns - clk_50_unbuf rise@0.000ns)
  Data Path Delay:        19.012ns  (logic 6.528ns (34.337%)  route 12.484ns (65.663%))
  Logic Levels:           25  (CARRY4=7 DSP48E1=1 LUT2=1 LUT4=4 LUT5=3 LUT6=9)
  Clock Path Skew:        -0.090ns (DCD - SCD + CPR)
    Destination Clock Delay (DCD):    -1.821ns = ( 18.179 - 20.000 ) 
    Source Clock Delay      (SCD):    -2.218ns
    Clock Pessimism Removal (CPR):    -0.487ns
  Clock Uncertainty:      0.074ns  ((TSJ^2 + DJ^2)^1/2) / 2 + PE
    Total System Jitter     (TSJ):    0.071ns
    Discrete Jitter          (DJ):    0.130ns
    Phase Error              (PE):    0.000ns

    Location             Delay type                Incr(ns)  Path(ns)    Netlist Resource(s)
  -------------------------------------------------------------------    -------------------
                         (clock clk_50_unbuf rise edge)
                                                      0.000     0.000 r  
    F14                                               0.000     0.000 r  IO_CLK (IN)
                         net (fo=0)                   0.000     0.000    clkgen/IO_CLK
    F14                  IBUF (Prop_ibuf_I_O)         1.458     1.458 r  clkgen/io_clk_ibuf/O
                         net (fo=1, routed)           1.253     2.712    clkgen/io_clk_buf
    PLLE2_ADV_X0Y1       PLLE2_ADV (Prop_plle2_adv_CLKIN1_CLKOUT0)
                                                     -8.471    -5.760 r  clkgen/pll/CLKOUT0
                         net (fo=1, routed)           1.660    -4.099    clkgen/clk_50_unbuf
    BUFGCTRL_X0Y16       BUFG (Prop_bufg_I_O)         0.096    -4.003 r  clkgen/clk_50_bufg/O
                         net (fo=3640, routed)        0.140    -3.863    u_ibex_demo_system/u_top/core_clock_gate_i/gen_xilinx.u_impl_xilinx/clk_sys
    BUFGCTRL_X0Y17       BUFGCTRL (Prop_bufgctrl_I0_O)
                                                      0.096    -3.767 r  u_ibex_demo_system/u_top/core_clock_gate_i/gen_xilinx.u_impl_xilinx/gen_gate.gen_bufgce.u_bufgce/O
                         net (fo=1456, routed)        1.549    -2.218    u_ibex_demo_system/u_top/u_ibex_core/if_stage_i/CLK
    SLICE_X36Y26         FDRE                                         r  u_ibex_demo_system/u_top/u_ibex_core/if_stage_i/g_instr_rdata_nr.instr_rdata_id_o_reg[4]/C
  -------------------------------------------------------------------    -------------------
    SLICE_X36Y26         FDRE (Prop_fdre_C_Q)         0.456    -1.762 f  u_ibex_demo_system/u_top/u_ibex_core/if_stage_i/g_instr_rdata_nr.instr_rdata_id_o_reg[4]/Q
                         net (fo=41, routed)          0.897    -0.865    u_ibex_demo_system/u_top/u_ibex_core/if_stage_i/Q[4]
    SLICE_X37Y25         LUT2 (Prop_lut2_I0_O)        0.154    -0.711 f  u_ibex_demo_system/u_top/u_ibex_core/if_stage_i/adder_result_ext_o_carry_i_76/O
                         net (fo=2, routed)           0.982     0.271    u_ibex_demo_system/u_top/u_ibex_core/if_stage_i/adder_result_ext_o_carry_i_76_n_0
    SLICE_X40Y26         LUT6 (Prop_lut6_I3_O)        0.327     0.598 f  u_ibex_demo_system/u_top/u_ibex_core/if_stage_i/adder_result_ext_o_carry_i_47/O
                         net (fo=2, routed)           0.685     1.283    u_ibex_demo_system/u_top/u_ibex_core/if_stage_i/adder_result_ext_o_carry_i_47_n_0
    SLICE_X40Y26         LUT6 (Prop_lut6_I1_O)        0.124     1.407 r  u_ibex_demo_system/u_top/u_ibex_core/if_stage_i/adder_result_ext_o_carry__0_i_21/O
                         net (fo=31, routed)          0.691     2.098    u_ibex_demo_system/u_top/u_ibex_core/load_store_unit_i/adder_result_ext_o_carry__0_i_11_0
    SLICE_X44Y24         LUT4 (Prop_lut4_I3_O)        0.124     2.222 r  u_ibex_demo_system/u_top/u_ibex_core/load_store_unit_i/adder_result_ext_o_carry_i_21/O
                         net (fo=1, routed)           0.582     2.804    u_ibex_demo_system/u_top/u_ibex_core/if_stage_i/rdata_q_reg[2]
    SLICE_X43Y24         LUT5 (Prop_lut5_I4_O)        0.124     2.928 r  u_ibex_demo_system/u_top/u_ibex_core/if_stage_i/adder_result_ext_o_carry_i_9/O
                         net (fo=7, routed)           0.649     3.577    u_ibex_demo_system/u_top/u_ibex_core/ex_block_i/gen_multdiv_fast.multdiv_i/alu_operand_a_ex[2]
    SLICE_X43Y24         LUT6 (Prop_lut6_I0_O)        0.124     3.701 r  u_ibex_demo_system/u_top/u_ibex_core/ex_block_i/gen_multdiv_fast.multdiv_i/adder_result_ext_o_carry_i_1/O
                         net (fo=2, routed)           0.486     4.187    u_ibex_demo_system/u_top/u_ibex_core/if_stage_i/adder_in_a[2]
    SLICE_X41Y24         LUT5 (Prop_lut5_I0_O)        0.124     4.311 r  u_ibex_demo_system/u_top/u_ibex_core/if_stage_i/adder_result_ext_o_carry_i_5/O
                         net (fo=1, routed)           0.000     4.311    u_ibex_demo_system/u_top/u_ibex_core/ex_block_i/alu_i/S[3]
    SLICE_X41Y24         CARRY4 (Prop_carry4_S[3]_CO[3])
                                                      0.401     4.712 r  u_ibex_demo_system/u_top/u_ibex_core/ex_block_i/alu_i/adder_result_ext_o_carry/CO[3]
                         net (fo=1, routed)           0.009     4.721    u_ibex_demo_system/u_top/u_ibex_core/ex_block_i/alu_i/adder_result_ext_o_carry_n_0
    SLICE_X41Y25         CARRY4 (Prop_carry4_CI_CO[3])
                                                      0.114     4.835 r  u_ibex_demo_system/u_top/u_ibex_core/ex_block_i/alu_i/adder_result_ext_o_carry__0/CO[3]
                         net (fo=1, routed)           0.000     4.835    u_ibex_demo_system/u_top/u_ibex_core/ex_block_i/alu_i/adder_result_ext_o_carry__0_n_0
    SLICE_X41Y26         CARRY4 (Prop_carry4_CI_CO[3])
                                                      0.114     4.949 r  u_ibex_demo_system/u_top/u_ibex_core/ex_block_i/alu_i/adder_result_ext_o_carry__1/CO[3]
                         net (fo=1, routed)           0.000     4.949    u_ibex_demo_system/u_top/u_ibex_core/ex_block_i/alu_i/adder_result_ext_o_carry__1_n_0
    SLICE_X41Y27         CARRY4 (Prop_carry4_CI_CO[3])
                                                      0.114     5.063 r  u_ibex_demo_system/u_top/u_ibex_core/ex_block_i/alu_i/adder_result_ext_o_carry__2/CO[3]
                         net (fo=1, routed)           0.000     5.063    u_ibex_demo_system/u_top/u_ibex_core/ex_block_i/alu_i/adder_result_ext_o_carry__2_n_0
    SLICE_X41Y28         CARRY4 (Prop_carry4_CI_CO[3])
                                                      0.114     5.177 r  u_ibex_demo_system/u_top/u_ibex_core/ex_block_i/alu_i/adder_result_ext_o_carry__3/CO[3]
                         net (fo=1, routed)           0.000     5.177    u_ibex_demo_system/u_top/u_ibex_core/ex_block_i/alu_i/adder_result_ext_o_carry__3_n_0
    SLICE_X41Y29         CARRY4 (Prop_carry4_CI_CO[3])
                                                      0.114     5.291 r  u_ibex_demo_system/u_top/u_ibex_core/ex_block_i/alu_i/adder_result_ext_o_carry__4/CO[3]
                         net (fo=1, routed)           0.000     5.291    u_ibex_demo_system/u_top/u_ibex_core/ex_block_i/alu_i/adder_result_ext_o_carry__4_n_0
    SLICE_X41Y30         CARRY4 (Prop_carry4_CI_O[2])
                                                      0.256     5.547 f  u_ibex_demo_system/u_top/u_ibex_core/ex_block_i/alu_i/adder_result_ext_o_carry__5/O[2]
                         net (fo=17, routed)          1.085     6.633    u_ibex_demo_system/u_top/u_ibex_core/ex_block_i/alu_i/gen_intermediate_val_reg[0].imd_val_q_reg[0][26][2]
    SLICE_X42Y35         LUT4 (Prop_lut4_I2_O)        0.302     6.935 r  u_ibex_demo_system/u_top/u_ibex_core/ex_block_i/alu_i/FSM_sequential_md_state_q[2]_i_13/O
                         net (fo=1, routed)           0.446     7.381    u_ibex_demo_system/u_top/u_ibex_core/ex_block_i/alu_i/FSM_sequential_md_state_q[2]_i_13_n_0
    SLICE_X42Y32         LUT5 (Prop_lut5_I4_O)        0.124     7.505 r  u_ibex_demo_system/u_top/u_ibex_core/ex_block_i/alu_i/FSM_sequential_md_state_q[2]_i_11/O
                         net (fo=1, routed)           0.165     7.670    u_ibex_demo_system/u_top/u_ibex_core/ex_block_i/alu_i/FSM_sequential_md_state_q[2]_i_11_n_0
    SLICE_X42Y32         LUT6 (Prop_lut6_I5_O)        0.124     7.794 r  u_ibex_demo_system/u_top/u_ibex_core/ex_block_i/alu_i/FSM_sequential_md_state_q[2]_i_6/O
                         net (fo=1, routed)           0.786     8.579    u_ibex_demo_system/u_top/u_ibex_core/ex_block_i/alu_i/FSM_sequential_md_state_q[2]_i_6_n_0
    SLICE_X41Y23         LUT6 (Prop_lut6_I0_O)        0.124     8.703 r  u_ibex_demo_system/u_top/u_ibex_core/ex_block_i/alu_i/FSM_sequential_md_state_q[2]_i_5/O
                         net (fo=6, routed)           0.466     9.169    u_ibex_demo_system/u_top/u_ibex_core/if_stage_i/alu_is_equal_result
    SLICE_X40Y20         LUT4 (Prop_lut4_I3_O)        0.124     9.293 f  u_ibex_demo_system/u_top/u_ibex_core/if_stage_i/g_branch_set_flop.branch_set_raw_q_i_4/O
                         net (fo=3, routed)           0.303     9.597    u_ibex_demo_system/u_top/u_ibex_core/if_stage_i/branch_decision
    SLICE_X40Y20         LUT6 (Prop_lut6_I1_O)        0.124     9.721 f  u_ibex_demo_system/u_top/u_ibex_core/if_stage_i/id_fsm_q_i_4/O
                         net (fo=3, routed)           0.452    10.173    u_ibex_demo_system/u_top/u_ibex_core/if_stage_i/g_instr_rdata_nr.instr_rdata_id_o_reg[6]_0
    SLICE_X40Y19         LUT6 (Prop_lut6_I5_O)        0.124    10.297 f  u_ibex_demo_system/u_top/u_ibex_core/if_stage_i/rdata_q[31]_i_12/O
                         net (fo=2, routed)           0.462    10.759    u_ibex_demo_system/u_top/u_ibex_core/if_stage_i/id_fsm_q_reg_0
    SLICE_X42Y16         LUT6 (Prop_lut6_I3_O)        0.124    10.883 r  u_ibex_demo_system/u_top/u_ibex_core/if_stage_i/rdata_q[31]_i_5__1/O
                         net (fo=19, routed)          0.466    11.349    u_ibex_demo_system/u_top/u_ibex_core/if_stage_i/instr_valid_id_q_reg_5
    SLICE_X43Y14         LUT6 (Prop_lut6_I5_O)        0.124    11.473 f  u_ibex_demo_system/u_top/u_ibex_core/if_stage_i/counter_upd_i_38/O
                         net (fo=168, routed)         0.736    12.209    u_ibex_demo_system/u_top/u_ibex_core/if_stage_i/counter_upd_i_38_n_0
    SLICE_X37Y9          LUT4 (Prop_lut4_I0_O)        0.124    12.333 r  u_ibex_demo_system/u_top/u_ibex_core/if_stage_i/counter_upd_i_2__6/O
                         net (fo=2, routed)           1.304    13.637    u_ibex_demo_system/u_top/u_ibex_core/cs_registers_i/gen_cntrs[9].gen_imp.mcounters_variable_i/counter_upd_0[0]
    DSP48_X0Y2           DSP48E1 (Prop_dsp48e1_OPMODE[0]_P[29])
                                                      2.326    15.963 r  u_ibex_demo_system/u_top/u_ibex_core/cs_registers_i/gen_cntrs[9].gen_imp.mcounters_variable_i/counter_upd/P[29]
                         net (fo=1, routed)           0.831    16.794    u_ibex_demo_system/u_top/u_ibex_core/cs_registers_i/gen_cntrs[9].gen_imp.mcounters_variable_i/counter_upd_n_76
    SLICE_X13Y7          FDRE                                         r  u_ibex_demo_system/u_top/u_ibex_core/cs_registers_i/gen_cntrs[9].gen_imp.mcounters_variable_i/g_cnt_dsp.counter_q_reg[29]/D
  -------------------------------------------------------------------    -------------------

                         (clock clk_50_unbuf rise edge)
                                                     20.000    20.000 r  
    F14                                               0.000    20.000 r  IO_CLK (IN)
                         net (fo=0)                   0.000    20.000    clkgen/IO_CLK
    F14                  IBUF (Prop_ibuf_I_O)         1.388    21.388 r  clkgen/io_clk_ibuf/O
                         net (fo=1, routed)           1.181    22.569    clkgen/io_clk_buf
    PLLE2_ADV_X0Y1       PLLE2_ADV (Prop_plle2_adv_CLKIN1_CLKOUT0)
                                                     -7.740    14.829 r  clkgen/pll/CLKOUT0
                         net (fo=1, routed)           1.582    16.411    clkgen/clk_50_unbuf
    BUFGCTRL_X0Y16       BUFG (Prop_bufg_I_O)         0.091    16.502 r  clkgen/clk_50_bufg/O
                         net (fo=3640, routed)        0.133    16.635    u_ibex_demo_system/u_top/core_clock_gate_i/gen_xilinx.u_impl_xilinx/clk_sys
    BUFGCTRL_X0Y17       BUFGCTRL (Prop_bufgctrl_I0_O)
                                                      0.091    16.726 r  u_ibex_demo_system/u_top/core_clock_gate_i/gen_xilinx.u_impl_xilinx/gen_gate.gen_bufgce.u_bufgce/O
                         net (fo=1456, routed)        1.452    18.179    u_ibex_demo_system/u_top/u_ibex_core/cs_registers_i/gen_cntrs[9].gen_imp.mcounters_variable_i/CLK
    SLICE_X13Y7          FDRE                                         r  u_ibex_demo_system/u_top/u_ibex_core/cs_registers_i/gen_cntrs[9].gen_imp.mcounters_variable_i/g_cnt_dsp.counter_q_reg[29]/C
                         clock pessimism             -0.487    17.692    
                         clock uncertainty           -0.074    17.618    
    SLICE_X13Y7          FDRE (Setup_fdre_C_D)       -0.058    17.560    u_ibex_demo_system/u_top/u_ibex_core/cs_registers_i/gen_cntrs[9].gen_imp.mcounters_variable_i/g_cnt_dsp.counter_q_reg[29]
  -------------------------------------------------------------------
                         required time                         17.560    
                         arrival time                         -16.794    
  -------------------------------------------------------------------
                         slack                                  0.766    

Slack (MET) :             0.766ns  (required time - arrival time)
  Source:                 u_ibex_demo_system/u_top/u_ibex_core/if_stage_i/g_instr_rdata_nr.instr_rdata_id_o_reg[4]/C
                            (rising edge-triggered cell FDRE clocked by clk_50_unbuf  {rise@0.000ns fall@10.000ns period=20.000ns})
  Destination:            u_ibex_demo_system/u_top/u_ibex_core/cs_registers_i/gen_cntrs[1].gen_imp.mcounters_variable_i/g_cnt_dsp.counter_q_reg[3]/D
                            (rising edge-triggered cell FDRE clocked by clk_50_unbuf  {rise@0.000ns fall@10.000ns period=20.000ns})
  Path Group:             clk_50_unbuf
  Path Type:              Setup (Max at Slow Process Corner)
  Requirement:            20.000ns  (clk_50_unbuf rise@20.000ns - clk_50_unbuf rise@0.000ns)
  Data Path Delay:        19.133ns  (logic 6.528ns (34.120%)  route 12.605ns (65.880%))
  Logic Levels:           25  (CARRY4=7 DSP48E1=1 LUT2=1 LUT4=3 LUT5=3 LUT6=10)
  Clock Path Skew:        -0.014ns (DCD - SCD + CPR)
    Destination Clock Delay (DCD):    -1.817ns = ( 18.183 - 20.000 ) 
    Source Clock Delay      (SCD):    -2.218ns
    Clock Pessimism Removal (CPR):    -0.415ns
  Clock Uncertainty:      0.074ns  ((TSJ^2 + DJ^2)^1/2) / 2 + PE
    Total System Jitter     (TSJ):    0.071ns
    Discrete Jitter          (DJ):    0.130ns
    Phase Error              (PE):    0.000ns

    Location             Delay type                Incr(ns)  Path(ns)    Netlist Resource(s)
  -------------------------------------------------------------------    -------------------
                         (clock clk_50_unbuf rise edge)
                                                      0.000     0.000 r  
    F14                                               0.000     0.000 r  IO_CLK (IN)
                         net (fo=0)                   0.000     0.000    clkgen/IO_CLK
    F14                  IBUF (Prop_ibuf_I_O)         1.458     1.458 r  clkgen/io_clk_ibuf/O
                         net (fo=1, routed)           1.253     2.712    clkgen/io_clk_buf
    PLLE2_ADV_X0Y1       PLLE2_ADV (Prop_plle2_adv_CLKIN1_CLKOUT0)
                                                     -8.471    -5.760 r  clkgen/pll/CLKOUT0
                         net (fo=1, routed)           1.660    -4.099    clkgen/clk_50_unbuf
    BUFGCTRL_X0Y16       BUFG (Prop_bufg_I_O)         0.096    -4.003 r  clkgen/clk_50_bufg/O
                         net (fo=3640, routed)        0.140    -3.863    u_ibex_demo_system/u_top/core_clock_gate_i/gen_xilinx.u_impl_xilinx/clk_sys
    BUFGCTRL_X0Y17       BUFGCTRL (Prop_bufgctrl_I0_O)
                                                      0.096    -3.767 r  u_ibex_demo_system/u_top/core_clock_gate_i/gen_xilinx.u_impl_xilinx/gen_gate.gen_bufgce.u_bufgce/O
                         net (fo=1456, routed)        1.549    -2.218    u_ibex_demo_system/u_top/u_ibex_core/if_stage_i/CLK
    SLICE_X36Y26         FDRE                                         r  u_ibex_demo_system/u_top/u_ibex_core/if_stage_i/g_instr_rdata_nr.instr_rdata_id_o_reg[4]/C
  -------------------------------------------------------------------    -------------------
    SLICE_X36Y26         FDRE (Prop_fdre_C_Q)         0.456    -1.762 f  u_ibex_demo_system/u_top/u_ibex_core/if_stage_i/g_instr_rdata_nr.instr_rdata_id_o_reg[4]/Q
                         net (fo=41, routed)          0.897    -0.865    u_ibex_demo_system/u_top/u_ibex_core/if_stage_i/Q[4]
    SLICE_X37Y25         LUT2 (Prop_lut2_I0_O)        0.154    -0.711 f  u_ibex_demo_system/u_top/u_ibex_core/if_stage_i/adder_result_ext_o_carry_i_76/O
                         net (fo=2, routed)           0.982     0.271    u_ibex_demo_system/u_top/u_ibex_core/if_stage_i/adder_result_ext_o_carry_i_76_n_0
    SLICE_X40Y26         LUT6 (Prop_lut6_I3_O)        0.327     0.598 f  u_ibex_demo_system/u_top/u_ibex_core/if_stage_i/adder_result_ext_o_carry_i_47/O
                         net (fo=2, routed)           0.685     1.283    u_ibex_demo_system/u_top/u_ibex_core/if_stage_i/adder_result_ext_o_carry_i_47_n_0
    SLICE_X40Y26         LUT6 (Prop_lut6_I1_O)        0.124     1.407 r  u_ibex_demo_system/u_top/u_ibex_core/if_stage_i/adder_result_ext_o_carry__0_i_21/O
                         net (fo=31, routed)          0.691     2.098    u_ibex_demo_system/u_top/u_ibex_core/load_store_unit_i/adder_result_ext_o_carry__0_i_11_0
    SLICE_X44Y24         LUT4 (Prop_lut4_I3_O)        0.124     2.222 r  u_ibex_demo_system/u_top/u_ibex_core/load_store_unit_i/adder_result_ext_o_carry_i_21/O
                         net (fo=1, routed)           0.582     2.804    u_ibex_demo_system/u_top/u_ibex_core/if_stage_i/rdata_q_reg[2]
    SLICE_X43Y24         LUT5 (Prop_lut5_I4_O)        0.124     2.928 r  u_ibex_demo_system/u_top/u_ibex_core/if_stage_i/adder_result_ext_o_carry_i_9/O
                         net (fo=7, routed)           0.649     3.577    u_ibex_demo_system/u_top/u_ibex_core/ex_block_i/gen_multdiv_fast.multdiv_i/alu_operand_a_ex[2]
    SLICE_X43Y24         LUT6 (Prop_lut6_I0_O)        0.124     3.701 r  u_ibex_demo_system/u_top/u_ibex_core/ex_block_i/gen_multdiv_fast.multdiv_i/adder_result_ext_o_carry_i_1/O
                         net (fo=2, routed)           0.486     4.187    u_ibex_demo_system/u_top/u_ibex_core/if_stage_i/adder_in_a[2]
    SLICE_X41Y24         LUT5 (Prop_lut5_I0_O)        0.124     4.311 r  u_ibex_demo_system/u_top/u_ibex_core/if_stage_i/adder_result_ext_o_carry_i_5/O
                         net (fo=1, routed)           0.000     4.311    u_ibex_demo_system/u_top/u_ibex_core/ex_block_i/alu_i/S[3]
    SLICE_X41Y24         CARRY4 (Prop_carry4_S[3]_CO[3])
                                                      0.401     4.712 r  u_ibex_demo_system/u_top/u_ibex_core/ex_block_i/alu_i/adder_result_ext_o_carry/CO[3]
                         net (fo=1, routed)           0.009     4.721    u_ibex_demo_system/u_top/u_ibex_core/ex_block_i/alu_i/adder_result_ext_o_carry_n_0
    SLICE_X41Y25         CARRY4 (Prop_carry4_CI_CO[3])
                                                      0.114     4.835 r  u_ibex_demo_system/u_top/u_ibex_core/ex_block_i/alu_i/adder_result_ext_o_carry__0/CO[3]
                         net (fo=1, routed)           0.000     4.835    u_ibex_demo_system/u_top/u_ibex_core/ex_block_i/alu_i/adder_result_ext_o_carry__0_n_0
    SLICE_X41Y26         CARRY4 (Prop_carry4_CI_CO[3])
                                                      0.114     4.949 r  u_ibex_demo_system/u_top/u_ibex_core/ex_block_i/alu_i/adder_result_ext_o_carry__1/CO[3]
                         net (fo=1, routed)           0.000     4.949    u_ibex_demo_system/u_top/u_ibex_core/ex_block_i/alu_i/adder_result_ext_o_carry__1_n_0
    SLICE_X41Y27         CARRY4 (Prop_carry4_CI_CO[3])
                                                      0.114     5.063 r  u_ibex_demo_system/u_top/u_ibex_core/ex_block_i/alu_i/adder_result_ext_o_carry__2/CO[3]
                         net (fo=1, routed)           0.000     5.063    u_ibex_demo_system/u_top/u_ibex_core/ex_block_i/alu_i/adder_result_ext_o_carry__2_n_0
    SLICE_X41Y28         CARRY4 (Prop_carry4_CI_CO[3])
                                                      0.114     5.177 r  u_ibex_demo_system/u_top/u_ibex_core/ex_block_i/alu_i/adder_result_ext_o_carry__3/CO[3]
                         net (fo=1, routed)           0.000     5.177    u_ibex_demo_system/u_top/u_ibex_core/ex_block_i/alu_i/adder_result_ext_o_carry__3_n_0
    SLICE_X41Y29         CARRY4 (Prop_carry4_CI_CO[3])
                                                      0.114     5.291 r  u_ibex_demo_system/u_top/u_ibex_core/ex_block_i/alu_i/adder_result_ext_o_carry__4/CO[3]
                         net (fo=1, routed)           0.000     5.291    u_ibex_demo_system/u_top/u_ibex_core/ex_block_i/alu_i/adder_result_ext_o_carry__4_n_0
    SLICE_X41Y30         CARRY4 (Prop_carry4_CI_O[2])
                                                      0.256     5.547 f  u_ibex_demo_system/u_top/u_ibex_core/ex_block_i/alu_i/adder_result_ext_o_carry__5/O[2]
                         net (fo=17, routed)          1.085     6.633    u_ibex_demo_system/u_top/u_ibex_core/ex_block_i/alu_i/gen_intermediate_val_reg[0].imd_val_q_reg[0][26][2]
    SLICE_X42Y35         LUT4 (Prop_lut4_I2_O)        0.302     6.935 r  u_ibex_demo_system/u_top/u_ibex_core/ex_block_i/alu_i/FSM_sequential_md_state_q[2]_i_13/O
                         net (fo=1, routed)           0.446     7.381    u_ibex_demo_system/u_top/u_ibex_core/ex_block_i/alu_i/FSM_sequential_md_state_q[2]_i_13_n_0
    SLICE_X42Y32         LUT5 (Prop_lut5_I4_O)        0.124     7.505 r  u_ibex_demo_system/u_top/u_ibex_core/ex_block_i/alu_i/FSM_sequential_md_state_q[2]_i_11/O
                         net (fo=1, routed)           0.165     7.670    u_ibex_demo_system/u_top/u_ibex_core/ex_block_i/alu_i/FSM_sequential_md_state_q[2]_i_11_n_0
    SLICE_X42Y32         LUT6 (Prop_lut6_I5_O)        0.124     7.794 r  u_ibex_demo_system/u_top/u_ibex_core/ex_block_i/alu_i/FSM_sequential_md_state_q[2]_i_6/O
                         net (fo=1, routed)           0.786     8.579    u_ibex_demo_system/u_top/u_ibex_core/ex_block_i/alu_i/FSM_sequential_md_state_q[2]_i_6_n_0
    SLICE_X41Y23         LUT6 (Prop_lut6_I0_O)        0.124     8.703 r  u_ibex_demo_system/u_top/u_ibex_core/ex_block_i/alu_i/FSM_sequential_md_state_q[2]_i_5/O
                         net (fo=6, routed)           0.466     9.169    u_ibex_demo_system/u_top/u_ibex_core/if_stage_i/alu_is_equal_result
    SLICE_X40Y20         LUT4 (Prop_lut4_I3_O)        0.124     9.293 f  u_ibex_demo_system/u_top/u_ibex_core/if_stage_i/g_branch_set_flop.branch_set_raw_q_i_4/O
                         net (fo=3, routed)           0.303     9.597    u_ibex_demo_system/u_top/u_ibex_core/if_stage_i/branch_decision
    SLICE_X40Y20         LUT6 (Prop_lut6_I1_O)        0.124     9.721 f  u_ibex_demo_system/u_top/u_ibex_core/if_stage_i/id_fsm_q_i_4/O
                         net (fo=3, routed)           0.452    10.173    u_ibex_demo_system/u_top/u_ibex_core/if_stage_i/g_instr_rdata_nr.instr_rdata_id_o_reg[6]_0
    SLICE_X40Y19         LUT6 (Prop_lut6_I5_O)        0.124    10.297 f  u_ibex_demo_system/u_top/u_ibex_core/if_stage_i/rdata_q[31]_i_12/O
                         net (fo=2, routed)           0.462    10.759    u_ibex_demo_system/u_top/u_ibex_core/if_stage_i/id_fsm_q_reg_0
    SLICE_X42Y16         LUT6 (Prop_lut6_I3_O)        0.124    10.883 r  u_ibex_demo_system/u_top/u_ibex_core/if_stage_i/rdata_q[31]_i_5__1/O
                         net (fo=19, routed)          0.466    11.349    u_ibex_demo_system/u_top/u_ibex_core/if_stage_i/instr_valid_id_q_reg_5
    SLICE_X43Y14         LUT6 (Prop_lut6_I5_O)        0.124    11.473 f  u_ibex_demo_system/u_top/u_ibex_core/if_stage_i/counter_upd_i_38/O
                         net (fo=168, routed)         1.333    12.806    u_ibex_demo_system/u_top/u_ibex_core/if_stage_i/counter_upd_i_38_n_0
    SLICE_X54Y6          LUT6 (Prop_lut6_I0_O)        0.124    12.930 r  u_ibex_demo_system/u_top/u_ibex_core/if_stage_i/counter_upd_i_2/O
                         net (fo=2, routed)           0.816    13.745    u_ibex_demo_system/u_top/u_ibex_core/cs_registers_i/gen_cntrs[1].gen_imp.mcounters_variable_i/counter_upd_0[0]
    DSP48_X1Y0           DSP48E1 (Prop_dsp48e1_OPMODE[0]_P[3])
                                                      2.326    16.071 r  u_ibex_demo_system/u_top/u_ibex_core/cs_registers_i/gen_cntrs[1].gen_imp.mcounters_variable_i/counter_upd/P[3]
                         net (fo=1, routed)           0.843    16.915    u_ibex_demo_system/u_top/u_ibex_core/cs_registers_i/gen_cntrs[1].gen_imp.mcounters_variable_i/counter_upd_n_102
    SLICE_X54Y0          FDRE                                         r  u_ibex_demo_system/u_top/u_ibex_core/cs_registers_i/gen_cntrs[1].gen_imp.mcounters_variable_i/g_cnt_dsp.counter_q_reg[3]/D
  -------------------------------------------------------------------    -------------------

                         (clock clk_50_unbuf rise edge)
                                                     20.000    20.000 r  
    F14                                               0.000    20.000 r  IO_CLK (IN)
                         net (fo=0)                   0.000    20.000    clkgen/IO_CLK
    F14                  IBUF (Prop_ibuf_I_O)         1.388    21.388 r  clkgen/io_clk_ibuf/O
                         net (fo=1, routed)           1.181    22.569    clkgen/io_clk_buf
    PLLE2_ADV_X0Y1       PLLE2_ADV (Prop_plle2_adv_CLKIN1_CLKOUT0)
                                                     -7.740    14.829 r  clkgen/pll/CLKOUT0
                         net (fo=1, routed)           1.582    16.411    clkgen/clk_50_unbuf
    BUFGCTRL_X0Y16       BUFG (Prop_bufg_I_O)         0.091    16.502 r  clkgen/clk_50_bufg/O
                         net (fo=3640, routed)        0.133    16.635    u_ibex_demo_system/u_top/core_clock_gate_i/gen_xilinx.u_impl_xilinx/clk_sys
    BUFGCTRL_X0Y17       BUFGCTRL (Prop_bufgctrl_I0_O)
                                                      0.091    16.726 r  u_ibex_demo_system/u_top/core_clock_gate_i/gen_xilinx.u_impl_xilinx/gen_gate.gen_bufgce.u_bufgce/O
                         net (fo=1456, routed)        1.456    18.183    u_ibex_demo_system/u_top/u_ibex_core/cs_registers_i/gen_cntrs[1].gen_imp.mcounters_variable_i/CLK
    SLICE_X54Y0          FDRE                                         r  u_ibex_demo_system/u_top/u_ibex_core/cs_registers_i/gen_cntrs[1].gen_imp.mcounters_variable_i/g_cnt_dsp.counter_q_reg[3]/C
                         clock pessimism             -0.415    17.768    
                         clock uncertainty           -0.074    17.694    
    SLICE_X54Y0          FDRE (Setup_fdre_C_D)       -0.013    17.681    u_ibex_demo_system/u_top/u_ibex_core/cs_registers_i/gen_cntrs[1].gen_imp.mcounters_variable_i/g_cnt_dsp.counter_q_reg[3]
  -------------------------------------------------------------------
                         required time                         17.681    
                         arrival time                         -16.915    
  -------------------------------------------------------------------
                         slack                                  0.766    

Slack (MET) :             0.782ns  (required time - arrival time)
  Source:                 u_ibex_demo_system/u_top/u_ibex_core/if_stage_i/g_instr_rdata_nr.instr_rdata_id_o_reg[4]/C
                            (rising edge-triggered cell FDRE clocked by clk_50_unbuf  {rise@0.000ns fall@10.000ns period=20.000ns})
  Destination:            u_ibex_demo_system/u_top/u_ibex_core/cs_registers_i/gen_cntrs[1].gen_imp.mcounters_variable_i/g_cnt_dsp.counter_q_reg[27]/D
                            (rising edge-triggered cell FDRE clocked by clk_50_unbuf  {rise@0.000ns fall@10.000ns period=20.000ns})
  Path Group:             clk_50_unbuf
  Path Type:              Setup (Max at Slow Process Corner)
  Requirement:            20.000ns  (clk_50_unbuf rise@20.000ns - clk_50_unbuf rise@0.000ns)
  Data Path Delay:        19.085ns  (logic 6.528ns (34.205%)  route 12.557ns (65.795%))
  Logic Levels:           25  (CARRY4=7 DSP48E1=1 LUT2=1 LUT4=3 LUT5=3 LUT6=10)
  Clock Path Skew:        -0.014ns (DCD - SCD + CPR)
    Destination Clock Delay (DCD):    -1.817ns = ( 18.183 - 20.000 ) 
    Source Clock Delay      (SCD):    -2.218ns
    Clock Pessimism Removal (CPR):    -0.415ns
  Clock Uncertainty:      0.074ns  ((TSJ^2 + DJ^2)^1/2) / 2 + PE
    Total System Jitter     (TSJ):    0.071ns
    Discrete Jitter          (DJ):    0.130ns
    Phase Error              (PE):    0.000ns

    Location             Delay type                Incr(ns)  Path(ns)    Netlist Resource(s)
  -------------------------------------------------------------------    -------------------
                         (clock clk_50_unbuf rise edge)
                                                      0.000     0.000 r  
    F14                                               0.000     0.000 r  IO_CLK (IN)
                         net (fo=0)                   0.000     0.000    clkgen/IO_CLK
    F14                  IBUF (Prop_ibuf_I_O)         1.458     1.458 r  clkgen/io_clk_ibuf/O
                         net (fo=1, routed)           1.253     2.712    clkgen/io_clk_buf
    PLLE2_ADV_X0Y1       PLLE2_ADV (Prop_plle2_adv_CLKIN1_CLKOUT0)
                                                     -8.471    -5.760 r  clkgen/pll/CLKOUT0
                         net (fo=1, routed)           1.660    -4.099    clkgen/clk_50_unbuf
    BUFGCTRL_X0Y16       BUFG (Prop_bufg_I_O)         0.096    -4.003 r  clkgen/clk_50_bufg/O
                         net (fo=3640, routed)        0.140    -3.863    u_ibex_demo_system/u_top/core_clock_gate_i/gen_xilinx.u_impl_xilinx/clk_sys
    BUFGCTRL_X0Y17       BUFGCTRL (Prop_bufgctrl_I0_O)
                                                      0.096    -3.767 r  u_ibex_demo_system/u_top/core_clock_gate_i/gen_xilinx.u_impl_xilinx/gen_gate.gen_bufgce.u_bufgce/O
                         net (fo=1456, routed)        1.549    -2.218    u_ibex_demo_system/u_top/u_ibex_core/if_stage_i/CLK
    SLICE_X36Y26         FDRE                                         r  u_ibex_demo_system/u_top/u_ibex_core/if_stage_i/g_instr_rdata_nr.instr_rdata_id_o_reg[4]/C
  -------------------------------------------------------------------    -------------------
    SLICE_X36Y26         FDRE (Prop_fdre_C_Q)         0.456    -1.762 f  u_ibex_demo_system/u_top/u_ibex_core/if_stage_i/g_instr_rdata_nr.instr_rdata_id_o_reg[4]/Q
                         net (fo=41, routed)          0.897    -0.865    u_ibex_demo_system/u_top/u_ibex_core/if_stage_i/Q[4]
    SLICE_X37Y25         LUT2 (Prop_lut2_I0_O)        0.154    -0.711 f  u_ibex_demo_system/u_top/u_ibex_core/if_stage_i/adder_result_ext_o_carry_i_76/O
                         net (fo=2, routed)           0.982     0.271    u_ibex_demo_system/u_top/u_ibex_core/if_stage_i/adder_result_ext_o_carry_i_76_n_0
    SLICE_X40Y26         LUT6 (Prop_lut6_I3_O)        0.327     0.598 f  u_ibex_demo_system/u_top/u_ibex_core/if_stage_i/adder_result_ext_o_carry_i_47/O
                         net (fo=2, routed)           0.685     1.283    u_ibex_demo_system/u_top/u_ibex_core/if_stage_i/adder_result_ext_o_carry_i_47_n_0
    SLICE_X40Y26         LUT6 (Prop_lut6_I1_O)        0.124     1.407 r  u_ibex_demo_system/u_top/u_ibex_core/if_stage_i/adder_result_ext_o_carry__0_i_21/O
                         net (fo=31, routed)          0.691     2.098    u_ibex_demo_system/u_top/u_ibex_core/load_store_unit_i/adder_result_ext_o_carry__0_i_11_0
    SLICE_X44Y24         LUT4 (Prop_lut4_I3_O)        0.124     2.222 r  u_ibex_demo_system/u_top/u_ibex_core/load_store_unit_i/adder_result_ext_o_carry_i_21/O
                         net (fo=1, routed)           0.582     2.804    u_ibex_demo_system/u_top/u_ibex_core/if_stage_i/rdata_q_reg[2]
    SLICE_X43Y24         LUT5 (Prop_lut5_I4_O)        0.124     2.928 r  u_ibex_demo_system/u_top/u_ibex_core/if_stage_i/adder_result_ext_o_carry_i_9/O
                         net (fo=7, routed)           0.649     3.577    u_ibex_demo_system/u_top/u_ibex_core/ex_block_i/gen_multdiv_fast.multdiv_i/alu_operand_a_ex[2]
    SLICE_X43Y24         LUT6 (Prop_lut6_I0_O)        0.124     3.701 r  u_ibex_demo_system/u_top/u_ibex_core/ex_block_i/gen_multdiv_fast.multdiv_i/adder_result_ext_o_carry_i_1/O
                         net (fo=2, routed)           0.486     4.187    u_ibex_demo_system/u_top/u_ibex_core/if_stage_i/adder_in_a[2]
    SLICE_X41Y24         LUT5 (Prop_lut5_I0_O)        0.124     4.311 r  u_ibex_demo_system/u_top/u_ibex_core/if_stage_i/adder_result_ext_o_carry_i_5/O
                         net (fo=1, routed)           0.000     4.311    u_ibex_demo_system/u_top/u_ibex_core/ex_block_i/alu_i/S[3]
    SLICE_X41Y24         CARRY4 (Prop_carry4_S[3]_CO[3])
                                                      0.401     4.712 r  u_ibex_demo_system/u_top/u_ibex_core/ex_block_i/alu_i/adder_result_ext_o_carry/CO[3]
                         net (fo=1, routed)           0.009     4.721    u_ibex_demo_system/u_top/u_ibex_core/ex_block_i/alu_i/adder_result_ext_o_carry_n_0
    SLICE_X41Y25         CARRY4 (Prop_carry4_CI_CO[3])
                                                      0.114     4.835 r  u_ibex_demo_system/u_top/u_ibex_core/ex_block_i/alu_i/adder_result_ext_o_carry__0/CO[3]
                         net (fo=1, routed)           0.000     4.835    u_ibex_demo_system/u_top/u_ibex_core/ex_block_i/alu_i/adder_result_ext_o_carry__0_n_0
    SLICE_X41Y26         CARRY4 (Prop_carry4_CI_CO[3])
                                                      0.114     4.949 r  u_ibex_demo_system/u_top/u_ibex_core/ex_block_i/alu_i/adder_result_ext_o_carry__1/CO[3]
                         net (fo=1, routed)           0.000     4.949    u_ibex_demo_system/u_top/u_ibex_core/ex_block_i/alu_i/adder_result_ext_o_carry__1_n_0
    SLICE_X41Y27         CARRY4 (Prop_carry4_CI_CO[3])
                                                      0.114     5.063 r  u_ibex_demo_system/u_top/u_ibex_core/ex_block_i/alu_i/adder_result_ext_o_carry__2/CO[3]
                         net (fo=1, routed)           0.000     5.063    u_ibex_demo_system/u_top/u_ibex_core/ex_block_i/alu_i/adder_result_ext_o_carry__2_n_0
    SLICE_X41Y28         CARRY4 (Prop_carry4_CI_CO[3])
                                                      0.114     5.177 r  u_ibex_demo_system/u_top/u_ibex_core/ex_block_i/alu_i/adder_result_ext_o_carry__3/CO[3]
                         net (fo=1, routed)           0.000     5.177    u_ibex_demo_system/u_top/u_ibex_core/ex_block_i/alu_i/adder_result_ext_o_carry__3_n_0
    SLICE_X41Y29         CARRY4 (Prop_carry4_CI_CO[3])
                                                      0.114     5.291 r  u_ibex_demo_system/u_top/u_ibex_core/ex_block_i/alu_i/adder_result_ext_o_carry__4/CO[3]
                         net (fo=1, routed)           0.000     5.291    u_ibex_demo_system/u_top/u_ibex_core/ex_block_i/alu_i/adder_result_ext_o_carry__4_n_0
    SLICE_X41Y30         CARRY4 (Prop_carry4_CI_O[2])
                                                      0.256     5.547 f  u_ibex_demo_system/u_top/u_ibex_core/ex_block_i/alu_i/adder_result_ext_o_carry__5/O[2]
                         net (fo=17, routed)          1.085     6.633    u_ibex_demo_system/u_top/u_ibex_core/ex_block_i/alu_i/gen_intermediate_val_reg[0].imd_val_q_reg[0][26][2]
    SLICE_X42Y35         LUT4 (Prop_lut4_I2_O)        0.302     6.935 r  u_ibex_demo_system/u_top/u_ibex_core/ex_block_i/alu_i/FSM_sequential_md_state_q[2]_i_13/O
                         net (fo=1, routed)           0.446     7.381    u_ibex_demo_system/u_top/u_ibex_core/ex_block_i/alu_i/FSM_sequential_md_state_q[2]_i_13_n_0
    SLICE_X42Y32         LUT5 (Prop_lut5_I4_O)        0.124     7.505 r  u_ibex_demo_system/u_top/u_ibex_core/ex_block_i/alu_i/FSM_sequential_md_state_q[2]_i_11/O
                         net (fo=1, routed)           0.165     7.670    u_ibex_demo_system/u_top/u_ibex_core/ex_block_i/alu_i/FSM_sequential_md_state_q[2]_i_11_n_0
    SLICE_X42Y32         LUT6 (Prop_lut6_I5_O)        0.124     7.794 r  u_ibex_demo_system/u_top/u_ibex_core/ex_block_i/alu_i/FSM_sequential_md_state_q[2]_i_6/O
                         net (fo=1, routed)           0.786     8.579    u_ibex_demo_system/u_top/u_ibex_core/ex_block_i/alu_i/FSM_sequential_md_state_q[2]_i_6_n_0
    SLICE_X41Y23         LUT6 (Prop_lut6_I0_O)        0.124     8.703 r  u_ibex_demo_system/u_top/u_ibex_core/ex_block_i/alu_i/FSM_sequential_md_state_q[2]_i_5/O
                         net (fo=6, routed)           0.466     9.169    u_ibex_demo_system/u_top/u_ibex_core/if_stage_i/alu_is_equal_result
    SLICE_X40Y20         LUT4 (Prop_lut4_I3_O)        0.124     9.293 f  u_ibex_demo_system/u_top/u_ibex_core/if_stage_i/g_branch_set_flop.branch_set_raw_q_i_4/O
                         net (fo=3, routed)           0.303     9.597    u_ibex_demo_system/u_top/u_ibex_core/if_stage_i/branch_decision
    SLICE_X40Y20         LUT6 (Prop_lut6_I1_O)        0.124     9.721 f  u_ibex_demo_system/u_top/u_ibex_core/if_stage_i/id_fsm_q_i_4/O
                         net (fo=3, routed)           0.452    10.173    u_ibex_demo_system/u_top/u_ibex_core/if_stage_i/g_instr_rdata_nr.instr_rdata_id_o_reg[6]_0
    SLICE_X40Y19         LUT6 (Prop_lut6_I5_O)        0.124    10.297 f  u_ibex_demo_system/u_top/u_ibex_core/if_stage_i/rdata_q[31]_i_12/O
                         net (fo=2, routed)           0.462    10.759    u_ibex_demo_system/u_top/u_ibex_core/if_stage_i/id_fsm_q_reg_0
    SLICE_X42Y16         LUT6 (Prop_lut6_I3_O)        0.124    10.883 r  u_ibex_demo_system/u_top/u_ibex_core/if_stage_i/rdata_q[31]_i_5__1/O
                         net (fo=19, routed)          0.466    11.349    u_ibex_demo_system/u_top/u_ibex_core/if_stage_i/instr_valid_id_q_reg_5
    SLICE_X43Y14         LUT6 (Prop_lut6_I5_O)        0.124    11.473 f  u_ibex_demo_system/u_top/u_ibex_core/if_stage_i/counter_upd_i_38/O
                         net (fo=168, routed)         1.333    12.806    u_ibex_demo_system/u_top/u_ibex_core/if_stage_i/counter_upd_i_38_n_0
    SLICE_X54Y6          LUT6 (Prop_lut6_I0_O)        0.124    12.930 r  u_ibex_demo_system/u_top/u_ibex_core/if_stage_i/counter_upd_i_2/O
                         net (fo=2, routed)           0.816    13.745    u_ibex_demo_system/u_top/u_ibex_core/cs_registers_i/gen_cntrs[1].gen_imp.mcounters_variable_i/counter_upd_0[0]
    DSP48_X1Y0           DSP48E1 (Prop_dsp48e1_OPMODE[0]_P[27])
                                                      2.326    16.071 r  u_ibex_demo_system/u_top/u_ibex_core/cs_registers_i/gen_cntrs[1].gen_imp.mcounters_variable_i/counter_upd/P[27]
                         net (fo=1, routed)           0.795    16.867    u_ibex_demo_system/u_top/u_ibex_core/cs_registers_i/gen_cntrs[1].gen_imp.mcounters_variable_i/counter_upd_n_78
    SLICE_X54Y1          FDRE                                         r  u_ibex_demo_system/u_top/u_ibex_core/cs_registers_i/gen_cntrs[1].gen_imp.mcounters_variable_i/g_cnt_dsp.counter_q_reg[27]/D
  -------------------------------------------------------------------    -------------------

                         (clock clk_50_unbuf rise edge)
                                                     20.000    20.000 r  
    F14                                               0.000    20.000 r  IO_CLK (IN)
                         net (fo=0)                   0.000    20.000    clkgen/IO_CLK
    F14                  IBUF (Prop_ibuf_I_O)         1.388    21.388 r  clkgen/io_clk_ibuf/O
                         net (fo=1, routed)           1.181    22.569    clkgen/io_clk_buf
    PLLE2_ADV_X0Y1       PLLE2_ADV (Prop_plle2_adv_CLKIN1_CLKOUT0)
                                                     -7.740    14.829 r  clkgen/pll/CLKOUT0
                         net (fo=1, routed)           1.582    16.411    clkgen/clk_50_unbuf
    BUFGCTRL_X0Y16       BUFG (Prop_bufg_I_O)         0.091    16.502 r  clkgen/clk_50_bufg/O
                         net (fo=3640, routed)        0.133    16.635    u_ibex_demo_system/u_top/core_clock_gate_i/gen_xilinx.u_impl_xilinx/clk_sys
    BUFGCTRL_X0Y17       BUFGCTRL (Prop_bufgctrl_I0_O)
                                                      0.091    16.726 r  u_ibex_demo_system/u_top/core_clock_gate_i/gen_xilinx.u_impl_xilinx/gen_gate.gen_bufgce.u_bufgce/O
                         net (fo=1456, routed)        1.456    18.183    u_ibex_demo_system/u_top/u_ibex_core/cs_registers_i/gen_cntrs[1].gen_imp.mcounters_variable_i/CLK
    SLICE_X54Y1          FDRE                                         r  u_ibex_demo_system/u_top/u_ibex_core/cs_registers_i/gen_cntrs[1].gen_imp.mcounters_variable_i/g_cnt_dsp.counter_q_reg[27]/C
                         clock pessimism             -0.415    17.768    
                         clock uncertainty           -0.074    17.694    
    SLICE_X54Y1          FDRE (Setup_fdre_C_D)       -0.045    17.649    u_ibex_demo_system/u_top/u_ibex_core/cs_registers_i/gen_cntrs[1].gen_imp.mcounters_variable_i/g_cnt_dsp.counter_q_reg[27]
  -------------------------------------------------------------------
                         required time                         17.649    
                         arrival time                         -16.867    
  -------------------------------------------------------------------
                         slack                                  0.782    

Slack (MET) :             0.786ns  (required time - arrival time)
  Source:                 u_ibex_demo_system/u_top/u_ibex_core/if_stage_i/g_instr_rdata_nr.instr_rdata_id_o_reg[4]/C
                            (rising edge-triggered cell FDRE clocked by clk_50_unbuf  {rise@0.000ns fall@10.000ns period=20.000ns})
  Destination:            u_ibex_demo_system/u_top/u_ibex_core/cs_registers_i/gen_cntrs[1].gen_imp.mcounters_variable_i/g_cnt_dsp.counter_q_reg[16]/D
                            (rising edge-triggered cell FDRE clocked by clk_50_unbuf  {rise@0.000ns fall@10.000ns period=20.000ns})
  Path Group:             clk_50_unbuf
  Path Type:              Setup (Max at Slow Process Corner)
  Requirement:            20.000ns  (clk_50_unbuf rise@20.000ns - clk_50_unbuf rise@0.000ns)
  Data Path Delay:        19.109ns  (logic 6.528ns (34.161%)  route 12.581ns (65.839%))
  Logic Levels:           25  (CARRY4=7 DSP48E1=1 LUT2=1 LUT4=3 LUT5=3 LUT6=10)
  Clock Path Skew:        -0.015ns (DCD - SCD + CPR)
    Destination Clock Delay (DCD):    -1.818ns = ( 18.182 - 20.000 ) 
    Source Clock Delay      (SCD):    -2.218ns
    Clock Pessimism Removal (CPR):    -0.415ns
  Clock Uncertainty:      0.074ns  ((TSJ^2 + DJ^2)^1/2) / 2 + PE
    Total System Jitter     (TSJ):    0.071ns
    Discrete Jitter          (DJ):    0.130ns
    Phase Error              (PE):    0.000ns

    Location             Delay type                Incr(ns)  Path(ns)    Netlist Resource(s)
  -------------------------------------------------------------------    -------------------
                         (clock clk_50_unbuf rise edge)
                                                      0.000     0.000 r  
    F14                                               0.000     0.000 r  IO_CLK (IN)
                         net (fo=0)                   0.000     0.000    clkgen/IO_CLK
    F14                  IBUF (Prop_ibuf_I_O)         1.458     1.458 r  clkgen/io_clk_ibuf/O
                         net (fo=1, routed)           1.253     2.712    clkgen/io_clk_buf
    PLLE2_ADV_X0Y1       PLLE2_ADV (Prop_plle2_adv_CLKIN1_CLKOUT0)
                                                     -8.471    -5.760 r  clkgen/pll/CLKOUT0
                         net (fo=1, routed)           1.660    -4.099    clkgen/clk_50_unbuf
    BUFGCTRL_X0Y16       BUFG (Prop_bufg_I_O)         0.096    -4.003 r  clkgen/clk_50_bufg/O
                         net (fo=3640, routed)        0.140    -3.863    u_ibex_demo_system/u_top/core_clock_gate_i/gen_xilinx.u_impl_xilinx/clk_sys
    BUFGCTRL_X0Y17       BUFGCTRL (Prop_bufgctrl_I0_O)
                                                      0.096    -3.767 r  u_ibex_demo_system/u_top/core_clock_gate_i/gen_xilinx.u_impl_xilinx/gen_gate.gen_bufgce.u_bufgce/O
                         net (fo=1456, routed)        1.549    -2.218    u_ibex_demo_system/u_top/u_ibex_core/if_stage_i/CLK
    SLICE_X36Y26         FDRE                                         r  u_ibex_demo_system/u_top/u_ibex_core/if_stage_i/g_instr_rdata_nr.instr_rdata_id_o_reg[4]/C
  -------------------------------------------------------------------    -------------------
    SLICE_X36Y26         FDRE (Prop_fdre_C_Q)         0.456    -1.762 f  u_ibex_demo_system/u_top/u_ibex_core/if_stage_i/g_instr_rdata_nr.instr_rdata_id_o_reg[4]/Q
                         net (fo=41, routed)          0.897    -0.865    u_ibex_demo_system/u_top/u_ibex_core/if_stage_i/Q[4]
    SLICE_X37Y25         LUT2 (Prop_lut2_I0_O)        0.154    -0.711 f  u_ibex_demo_system/u_top/u_ibex_core/if_stage_i/adder_result_ext_o_carry_i_76/O
                         net (fo=2, routed)           0.982     0.271    u_ibex_demo_system/u_top/u_ibex_core/if_stage_i/adder_result_ext_o_carry_i_76_n_0
    SLICE_X40Y26         LUT6 (Prop_lut6_I3_O)        0.327     0.598 f  u_ibex_demo_system/u_top/u_ibex_core/if_stage_i/adder_result_ext_o_carry_i_47/O
                         net (fo=2, routed)           0.685     1.283    u_ibex_demo_system/u_top/u_ibex_core/if_stage_i/adder_result_ext_o_carry_i_47_n_0
    SLICE_X40Y26         LUT6 (Prop_lut6_I1_O)        0.124     1.407 r  u_ibex_demo_system/u_top/u_ibex_core/if_stage_i/adder_result_ext_o_carry__0_i_21/O
                         net (fo=31, routed)          0.691     2.098    u_ibex_demo_system/u_top/u_ibex_core/load_store_unit_i/adder_result_ext_o_carry__0_i_11_0
    SLICE_X44Y24         LUT4 (Prop_lut4_I3_O)        0.124     2.222 r  u_ibex_demo_system/u_top/u_ibex_core/load_store_unit_i/adder_result_ext_o_carry_i_21/O
                         net (fo=1, routed)           0.582     2.804    u_ibex_demo_system/u_top/u_ibex_core/if_stage_i/rdata_q_reg[2]
    SLICE_X43Y24         LUT5 (Prop_lut5_I4_O)        0.124     2.928 r  u_ibex_demo_system/u_top/u_ibex_core/if_stage_i/adder_result_ext_o_carry_i_9/O
                         net (fo=7, routed)           0.649     3.577    u_ibex_demo_system/u_top/u_ibex_core/ex_block_i/gen_multdiv_fast.multdiv_i/alu_operand_a_ex[2]
    SLICE_X43Y24         LUT6 (Prop_lut6_I0_O)        0.124     3.701 r  u_ibex_demo_system/u_top/u_ibex_core/ex_block_i/gen_multdiv_fast.multdiv_i/adder_result_ext_o_carry_i_1/O
                         net (fo=2, routed)           0.486     4.187    u_ibex_demo_system/u_top/u_ibex_core/if_stage_i/adder_in_a[2]
    SLICE_X41Y24         LUT5 (Prop_lut5_I0_O)        0.124     4.311 r  u_ibex_demo_system/u_top/u_ibex_core/if_stage_i/adder_result_ext_o_carry_i_5/O
                         net (fo=1, routed)           0.000     4.311    u_ibex_demo_system/u_top/u_ibex_core/ex_block_i/alu_i/S[3]
    SLICE_X41Y24         CARRY4 (Prop_carry4_S[3]_CO[3])
                                                      0.401     4.712 r  u_ibex_demo_system/u_top/u_ibex_core/ex_block_i/alu_i/adder_result_ext_o_carry/CO[3]
                         net (fo=1, routed)           0.009     4.721    u_ibex_demo_system/u_top/u_ibex_core/ex_block_i/alu_i/adder_result_ext_o_carry_n_0
    SLICE_X41Y25         CARRY4 (Prop_carry4_CI_CO[3])
                                                      0.114     4.835 r  u_ibex_demo_system/u_top/u_ibex_core/ex_block_i/alu_i/adder_result_ext_o_carry__0/CO[3]
                         net (fo=1, routed)           0.000     4.835    u_ibex_demo_system/u_top/u_ibex_core/ex_block_i/alu_i/adder_result_ext_o_carry__0_n_0
    SLICE_X41Y26         CARRY4 (Prop_carry4_CI_CO[3])
                                                      0.114     4.949 r  u_ibex_demo_system/u_top/u_ibex_core/ex_block_i/alu_i/adder_result_ext_o_carry__1/CO[3]
                         net (fo=1, routed)           0.000     4.949    u_ibex_demo_system/u_top/u_ibex_core/ex_block_i/alu_i/adder_result_ext_o_carry__1_n_0
    SLICE_X41Y27         CARRY4 (Prop_carry4_CI_CO[3])
                                                      0.114     5.063 r  u_ibex_demo_system/u_top/u_ibex_core/ex_block_i/alu_i/adder_result_ext_o_carry__2/CO[3]
                         net (fo=1, routed)           0.000     5.063    u_ibex_demo_system/u_top/u_ibex_core/ex_block_i/alu_i/adder_result_ext_o_carry__2_n_0
    SLICE_X41Y28         CARRY4 (Prop_carry4_CI_CO[3])
                                                      0.114     5.177 r  u_ibex_demo_system/u_top/u_ibex_core/ex_block_i/alu_i/adder_result_ext_o_carry__3/CO[3]
                         net (fo=1, routed)           0.000     5.177    u_ibex_demo_system/u_top/u_ibex_core/ex_block_i/alu_i/adder_result_ext_o_carry__3_n_0
    SLICE_X41Y29         CARRY4 (Prop_carry4_CI_CO[3])
                                                      0.114     5.291 r  u_ibex_demo_system/u_top/u_ibex_core/ex_block_i/alu_i/adder_result_ext_o_carry__4/CO[3]
                         net (fo=1, routed)           0.000     5.291    u_ibex_demo_system/u_top/u_ibex_core/ex_block_i/alu_i/adder_result_ext_o_carry__4_n_0
    SLICE_X41Y30         CARRY4 (Prop_carry4_CI_O[2])
                                                      0.256     5.547 f  u_ibex_demo_system/u_top/u_ibex_core/ex_block_i/alu_i/adder_result_ext_o_carry__5/O[2]
                         net (fo=17, routed)          1.085     6.633    u_ibex_demo_system/u_top/u_ibex_core/ex_block_i/alu_i/gen_intermediate_val_reg[0].imd_val_q_reg[0][26][2]
    SLICE_X42Y35         LUT4 (Prop_lut4_I2_O)        0.302     6.935 r  u_ibex_demo_system/u_top/u_ibex_core/ex_block_i/alu_i/FSM_sequential_md_state_q[2]_i_13/O
                         net (fo=1, routed)           0.446     7.381    u_ibex_demo_system/u_top/u_ibex_core/ex_block_i/alu_i/FSM_sequential_md_state_q[2]_i_13_n_0
    SLICE_X42Y32         LUT5 (Prop_lut5_I4_O)        0.124     7.505 r  u_ibex_demo_system/u_top/u_ibex_core/ex_block_i/alu_i/FSM_sequential_md_state_q[2]_i_11/O
                         net (fo=1, routed)           0.165     7.670    u_ibex_demo_system/u_top/u_ibex_core/ex_block_i/alu_i/FSM_sequential_md_state_q[2]_i_11_n_0
    SLICE_X42Y32         LUT6 (Prop_lut6_I5_O)        0.124     7.794 r  u_ibex_demo_system/u_top/u_ibex_core/ex_block_i/alu_i/FSM_sequential_md_state_q[2]_i_6/O
                         net (fo=1, routed)           0.786     8.579    u_ibex_demo_system/u_top/u_ibex_core/ex_block_i/alu_i/FSM_sequential_md_state_q[2]_i_6_n_0
    SLICE_X41Y23         LUT6 (Prop_lut6_I0_O)        0.124     8.703 r  u_ibex_demo_system/u_top/u_ibex_core/ex_block_i/alu_i/FSM_sequential_md_state_q[2]_i_5/O
                         net (fo=6, routed)           0.466     9.169    u_ibex_demo_system/u_top/u_ibex_core/if_stage_i/alu_is_equal_result
    SLICE_X40Y20         LUT4 (Prop_lut4_I3_O)        0.124     9.293 f  u_ibex_demo_system/u_top/u_ibex_core/if_stage_i/g_branch_set_flop.branch_set_raw_q_i_4/O
                         net (fo=3, routed)           0.303     9.597    u_ibex_demo_system/u_top/u_ibex_core/if_stage_i/branch_decision
    SLICE_X40Y20         LUT6 (Prop_lut6_I1_O)        0.124     9.721 f  u_ibex_demo_system/u_top/u_ibex_core/if_stage_i/id_fsm_q_i_4/O
                         net (fo=3, routed)           0.452    10.173    u_ibex_demo_system/u_top/u_ibex_core/if_stage_i/g_instr_rdata_nr.instr_rdata_id_o_reg[6]_0
    SLICE_X40Y19         LUT6 (Prop_lut6_I5_O)        0.124    10.297 f  u_ibex_demo_system/u_top/u_ibex_core/if_stage_i/rdata_q[31]_i_12/O
                         net (fo=2, routed)           0.462    10.759    u_ibex_demo_system/u_top/u_ibex_core/if_stage_i/id_fsm_q_reg_0
    SLICE_X42Y16         LUT6 (Prop_lut6_I3_O)        0.124    10.883 r  u_ibex_demo_system/u_top/u_ibex_core/if_stage_i/rdata_q[31]_i_5__1/O
                         net (fo=19, routed)          0.466    11.349    u_ibex_demo_system/u_top/u_ibex_core/if_stage_i/instr_valid_id_q_reg_5
    SLICE_X43Y14         LUT6 (Prop_lut6_I5_O)        0.124    11.473 f  u_ibex_demo_system/u_top/u_ibex_core/if_stage_i/counter_upd_i_38/O
                         net (fo=168, routed)         1.333    12.806    u_ibex_demo_system/u_top/u_ibex_core/if_stage_i/counter_upd_i_38_n_0
    SLICE_X54Y6          LUT6 (Prop_lut6_I0_O)        0.124    12.930 r  u_ibex_demo_system/u_top/u_ibex_core/if_stage_i/counter_upd_i_2/O
                         net (fo=2, routed)           0.816    13.745    u_ibex_demo_system/u_top/u_ibex_core/cs_registers_i/gen_cntrs[1].gen_imp.mcounters_variable_i/counter_upd_0[0]
    DSP48_X1Y0           DSP48E1 (Prop_dsp48e1_OPMODE[0]_P[16])
                                                      2.326    16.071 r  u_ibex_demo_system/u_top/u_ibex_core/cs_registers_i/gen_cntrs[1].gen_imp.mcounters_variable_i/counter_upd/P[16]
                         net (fo=1, routed)           0.820    16.891    u_ibex_demo_system/u_top/u_ibex_core/cs_registers_i/gen_cntrs[1].gen_imp.mcounters_variable_i/counter_upd_n_89
    SLICE_X54Y4          FDRE                                         r  u_ibex_demo_system/u_top/u_ibex_core/cs_registers_i/gen_cntrs[1].gen_imp.mcounters_variable_i/g_cnt_dsp.counter_q_reg[16]/D
  -------------------------------------------------------------------    -------------------

                         (clock clk_50_unbuf rise edge)
                                                     20.000    20.000 r  
    F14                                               0.000    20.000 r  IO_CLK (IN)
                         net (fo=0)                   0.000    20.000    clkgen/IO_CLK
    F14                  IBUF (Prop_ibuf_I_O)         1.388    21.388 r  clkgen/io_clk_ibuf/O
                         net (fo=1, routed)           1.181    22.569    clkgen/io_clk_buf
    PLLE2_ADV_X0Y1       PLLE2_ADV (Prop_plle2_adv_CLKIN1_CLKOUT0)
                                                     -7.740    14.829 r  clkgen/pll/CLKOUT0
                         net (fo=1, routed)           1.582    16.411    clkgen/clk_50_unbuf
    BUFGCTRL_X0Y16       BUFG (Prop_bufg_I_O)         0.091    16.502 r  clkgen/clk_50_bufg/O
                         net (fo=3640, routed)        0.133    16.635    u_ibex_demo_system/u_top/core_clock_gate_i/gen_xilinx.u_impl_xilinx/clk_sys
    BUFGCTRL_X0Y17       BUFGCTRL (Prop_bufgctrl_I0_O)
                                                      0.091    16.726 r  u_ibex_demo_system/u_top/core_clock_gate_i/gen_xilinx.u_impl_xilinx/gen_gate.gen_bufgce.u_bufgce/O
                         net (fo=1456, routed)        1.455    18.182    u_ibex_demo_system/u_top/u_ibex_core/cs_registers_i/gen_cntrs[1].gen_imp.mcounters_variable_i/CLK
    SLICE_X54Y4          FDRE                                         r  u_ibex_demo_system/u_top/u_ibex_core/cs_registers_i/gen_cntrs[1].gen_imp.mcounters_variable_i/g_cnt_dsp.counter_q_reg[16]/C
                         clock pessimism             -0.415    17.767    
                         clock uncertainty           -0.074    17.693    
    SLICE_X54Y4          FDRE (Setup_fdre_C_D)       -0.016    17.677    u_ibex_demo_system/u_top/u_ibex_core/cs_registers_i/gen_cntrs[1].gen_imp.mcounters_variable_i/g_cnt_dsp.counter_q_reg[16]
  -------------------------------------------------------------------
                         required time                         17.677    
                         arrival time                         -16.891    
  -------------------------------------------------------------------
                         slack                                  0.786    

Slack (MET) :             0.793ns  (required time - arrival time)
  Source:                 u_ibex_demo_system/u_top/u_ibex_core/if_stage_i/g_instr_rdata_nr.instr_rdata_id_o_reg[4]/C
                            (rising edge-triggered cell FDRE clocked by clk_50_unbuf  {rise@0.000ns fall@10.000ns period=20.000ns})
  Destination:            u_ibex_demo_system/u_top/u_ibex_core/cs_registers_i/gen_cntrs[2].gen_imp.mcounters_variable_i/g_cnt_dsp.counter_q_reg[13]/D
                            (rising edge-triggered cell FDRE clocked by clk_50_unbuf  {rise@0.000ns fall@10.000ns period=20.000ns})
  Path Group:             clk_50_unbuf
  Path Type:              Setup (Max at Slow Process Corner)
  Requirement:            20.000ns  (clk_50_unbuf rise@20.000ns - clk_50_unbuf rise@0.000ns)
  Data Path Delay:        19.025ns  (logic 6.528ns (34.313%)  route 12.497ns (65.687%))
  Logic Levels:           25  (CARRY4=7 DSP48E1=1 LUT2=1 LUT4=3 LUT5=3 LUT6=10)
  Clock Path Skew:        -0.015ns (DCD - SCD + CPR)
    Destination Clock Delay (DCD):    -1.818ns = ( 18.182 - 20.000 ) 
    Source Clock Delay      (SCD):    -2.218ns
    Clock Pessimism Removal (CPR):    -0.415ns
  Clock Uncertainty:      0.074ns  ((TSJ^2 + DJ^2)^1/2) / 2 + PE
    Total System Jitter     (TSJ):    0.071ns
    Discrete Jitter          (DJ):    0.130ns
    Phase Error              (PE):    0.000ns

    Location             Delay type                Incr(ns)  Path(ns)    Netlist Resource(s)
  -------------------------------------------------------------------    -------------------
                         (clock clk_50_unbuf rise edge)
                                                      0.000     0.000 r  
    F14                                               0.000     0.000 r  IO_CLK (IN)
                         net (fo=0)                   0.000     0.000    clkgen/IO_CLK
    F14                  IBUF (Prop_ibuf_I_O)         1.458     1.458 r  clkgen/io_clk_ibuf/O
                         net (fo=1, routed)           1.253     2.712    clkgen/io_clk_buf
    PLLE2_ADV_X0Y1       PLLE2_ADV (Prop_plle2_adv_CLKIN1_CLKOUT0)
                                                     -8.471    -5.760 r  clkgen/pll/CLKOUT0
                         net (fo=1, routed)           1.660    -4.099    clkgen/clk_50_unbuf
    BUFGCTRL_X0Y16       BUFG (Prop_bufg_I_O)         0.096    -4.003 r  clkgen/clk_50_bufg/O
                         net (fo=3640, routed)        0.140    -3.863    u_ibex_demo_system/u_top/core_clock_gate_i/gen_xilinx.u_impl_xilinx/clk_sys
    BUFGCTRL_X0Y17       BUFGCTRL (Prop_bufgctrl_I0_O)
                                                      0.096    -3.767 r  u_ibex_demo_system/u_top/core_clock_gate_i/gen_xilinx.u_impl_xilinx/gen_gate.gen_bufgce.u_bufgce/O
                         net (fo=1456, routed)        1.549    -2.218    u_ibex_demo_system/u_top/u_ibex_core/if_stage_i/CLK
    SLICE_X36Y26         FDRE                                         r  u_ibex_demo_system/u_top/u_ibex_core/if_stage_i/g_instr_rdata_nr.instr_rdata_id_o_reg[4]/C
  -------------------------------------------------------------------    -------------------
    SLICE_X36Y26         FDRE (Prop_fdre_C_Q)         0.456    -1.762 f  u_ibex_demo_system/u_top/u_ibex_core/if_stage_i/g_instr_rdata_nr.instr_rdata_id_o_reg[4]/Q
                         net (fo=41, routed)          0.897    -0.865    u_ibex_demo_system/u_top/u_ibex_core/if_stage_i/Q[4]
    SLICE_X37Y25         LUT2 (Prop_lut2_I0_O)        0.154    -0.711 f  u_ibex_demo_system/u_top/u_ibex_core/if_stage_i/adder_result_ext_o_carry_i_76/O
                         net (fo=2, routed)           0.982     0.271    u_ibex_demo_system/u_top/u_ibex_core/if_stage_i/adder_result_ext_o_carry_i_76_n_0
    SLICE_X40Y26         LUT6 (Prop_lut6_I3_O)        0.327     0.598 f  u_ibex_demo_system/u_top/u_ibex_core/if_stage_i/adder_result_ext_o_carry_i_47/O
                         net (fo=2, routed)           0.685     1.283    u_ibex_demo_system/u_top/u_ibex_core/if_stage_i/adder_result_ext_o_carry_i_47_n_0
    SLICE_X40Y26         LUT6 (Prop_lut6_I1_O)        0.124     1.407 r  u_ibex_demo_system/u_top/u_ibex_core/if_stage_i/adder_result_ext_o_carry__0_i_21/O
                         net (fo=31, routed)          0.691     2.098    u_ibex_demo_system/u_top/u_ibex_core/load_store_unit_i/adder_result_ext_o_carry__0_i_11_0
    SLICE_X44Y24         LUT4 (Prop_lut4_I3_O)        0.124     2.222 r  u_ibex_demo_system/u_top/u_ibex_core/load_store_unit_i/adder_result_ext_o_carry_i_21/O
                         net (fo=1, routed)           0.582     2.804    u_ibex_demo_system/u_top/u_ibex_core/if_stage_i/rdata_q_reg[2]
    SLICE_X43Y24         LUT5 (Prop_lut5_I4_O)        0.124     2.928 r  u_ibex_demo_system/u_top/u_ibex_core/if_stage_i/adder_result_ext_o_carry_i_9/O
                         net (fo=7, routed)           0.649     3.577    u_ibex_demo_system/u_top/u_ibex_core/ex_block_i/gen_multdiv_fast.multdiv_i/alu_operand_a_ex[2]
    SLICE_X43Y24         LUT6 (Prop_lut6_I0_O)        0.124     3.701 r  u_ibex_demo_system/u_top/u_ibex_core/ex_block_i/gen_multdiv_fast.multdiv_i/adder_result_ext_o_carry_i_1/O
                         net (fo=2, routed)           0.486     4.187    u_ibex_demo_system/u_top/u_ibex_core/if_stage_i/adder_in_a[2]
    SLICE_X41Y24         LUT5 (Prop_lut5_I0_O)        0.124     4.311 r  u_ibex_demo_system/u_top/u_ibex_core/if_stage_i/adder_result_ext_o_carry_i_5/O
                         net (fo=1, routed)           0.000     4.311    u_ibex_demo_system/u_top/u_ibex_core/ex_block_i/alu_i/S[3]
    SLICE_X41Y24         CARRY4 (Prop_carry4_S[3]_CO[3])
                                                      0.401     4.712 r  u_ibex_demo_system/u_top/u_ibex_core/ex_block_i/alu_i/adder_result_ext_o_carry/CO[3]
                         net (fo=1, routed)           0.009     4.721    u_ibex_demo_system/u_top/u_ibex_core/ex_block_i/alu_i/adder_result_ext_o_carry_n_0
    SLICE_X41Y25         CARRY4 (Prop_carry4_CI_CO[3])
                                                      0.114     4.835 r  u_ibex_demo_system/u_top/u_ibex_core/ex_block_i/alu_i/adder_result_ext_o_carry__0/CO[3]
                         net (fo=1, routed)           0.000     4.835    u_ibex_demo_system/u_top/u_ibex_core/ex_block_i/alu_i/adder_result_ext_o_carry__0_n_0
    SLICE_X41Y26         CARRY4 (Prop_carry4_CI_CO[3])
                                                      0.114     4.949 r  u_ibex_demo_system/u_top/u_ibex_core/ex_block_i/alu_i/adder_result_ext_o_carry__1/CO[3]
                         net (fo=1, routed)           0.000     4.949    u_ibex_demo_system/u_top/u_ibex_core/ex_block_i/alu_i/adder_result_ext_o_carry__1_n_0
    SLICE_X41Y27         CARRY4 (Prop_carry4_CI_CO[3])
                                                      0.114     5.063 r  u_ibex_demo_system/u_top/u_ibex_core/ex_block_i/alu_i/adder_result_ext_o_carry__2/CO[3]
                         net (fo=1, routed)           0.000     5.063    u_ibex_demo_system/u_top/u_ibex_core/ex_block_i/alu_i/adder_result_ext_o_carry__2_n_0
    SLICE_X41Y28         CARRY4 (Prop_carry4_CI_CO[3])
                                                      0.114     5.177 r  u_ibex_demo_system/u_top/u_ibex_core/ex_block_i/alu_i/adder_result_ext_o_carry__3/CO[3]
                         net (fo=1, routed)           0.000     5.177    u_ibex_demo_system/u_top/u_ibex_core/ex_block_i/alu_i/adder_result_ext_o_carry__3_n_0
    SLICE_X41Y29         CARRY4 (Prop_carry4_CI_CO[3])
                                                      0.114     5.291 r  u_ibex_demo_system/u_top/u_ibex_core/ex_block_i/alu_i/adder_result_ext_o_carry__4/CO[3]
                         net (fo=1, routed)           0.000     5.291    u_ibex_demo_system/u_top/u_ibex_core/ex_block_i/alu_i/adder_result_ext_o_carry__4_n_0
    SLICE_X41Y30         CARRY4 (Prop_carry4_CI_O[2])
                                                      0.256     5.547 f  u_ibex_demo_system/u_top/u_ibex_core/ex_block_i/alu_i/adder_result_ext_o_carry__5/O[2]
                         net (fo=17, routed)          1.085     6.633    u_ibex_demo_system/u_top/u_ibex_core/ex_block_i/alu_i/gen_intermediate_val_reg[0].imd_val_q_reg[0][26][2]
    SLICE_X42Y35         LUT4 (Prop_lut4_I2_O)        0.302     6.935 r  u_ibex_demo_system/u_top/u_ibex_core/ex_block_i/alu_i/FSM_sequential_md_state_q[2]_i_13/O
                         net (fo=1, routed)           0.446     7.381    u_ibex_demo_system/u_top/u_ibex_core/ex_block_i/alu_i/FSM_sequential_md_state_q[2]_i_13_n_0
    SLICE_X42Y32         LUT5 (Prop_lut5_I4_O)        0.124     7.505 r  u_ibex_demo_system/u_top/u_ibex_core/ex_block_i/alu_i/FSM_sequential_md_state_q[2]_i_11/O
                         net (fo=1, routed)           0.165     7.670    u_ibex_demo_system/u_top/u_ibex_core/ex_block_i/alu_i/FSM_sequential_md_state_q[2]_i_11_n_0
    SLICE_X42Y32         LUT6 (Prop_lut6_I5_O)        0.124     7.794 r  u_ibex_demo_system/u_top/u_ibex_core/ex_block_i/alu_i/FSM_sequential_md_state_q[2]_i_6/O
                         net (fo=1, routed)           0.786     8.579    u_ibex_demo_system/u_top/u_ibex_core/ex_block_i/alu_i/FSM_sequential_md_state_q[2]_i_6_n_0
    SLICE_X41Y23         LUT6 (Prop_lut6_I0_O)        0.124     8.703 r  u_ibex_demo_system/u_top/u_ibex_core/ex_block_i/alu_i/FSM_sequential_md_state_q[2]_i_5/O
                         net (fo=6, routed)           0.466     9.169    u_ibex_demo_system/u_top/u_ibex_core/if_stage_i/alu_is_equal_result
    SLICE_X40Y20         LUT4 (Prop_lut4_I3_O)        0.124     9.293 r  u_ibex_demo_system/u_top/u_ibex_core/if_stage_i/g_branch_set_flop.branch_set_raw_q_i_4/O
                         net (fo=3, routed)           0.303     9.597    u_ibex_demo_system/u_top/u_ibex_core/if_stage_i/branch_decision
    SLICE_X40Y20         LUT6 (Prop_lut6_I1_O)        0.124     9.721 r  u_ibex_demo_system/u_top/u_ibex_core/if_stage_i/id_fsm_q_i_4/O
                         net (fo=3, routed)           0.452    10.173    u_ibex_demo_system/u_top/u_ibex_core/if_stage_i/g_instr_rdata_nr.instr_rdata_id_o_reg[6]_0
    SLICE_X40Y19         LUT6 (Prop_lut6_I5_O)        0.124    10.297 r  u_ibex_demo_system/u_top/u_ibex_core/if_stage_i/rdata_q[31]_i_12/O
                         net (fo=2, routed)           0.462    10.759    u_ibex_demo_system/u_top/u_ibex_core/if_stage_i/id_fsm_q_reg_0
    SLICE_X42Y16         LUT6 (Prop_lut6_I3_O)        0.124    10.883 f  u_ibex_demo_system/u_top/u_ibex_core/if_stage_i/rdata_q[31]_i_5__1/O
                         net (fo=19, routed)          0.466    11.349    u_ibex_demo_system/u_top/u_ibex_core/if_stage_i/instr_valid_id_q_reg_5
    SLICE_X43Y14         LUT6 (Prop_lut6_I5_O)        0.124    11.473 r  u_ibex_demo_system/u_top/u_ibex_core/if_stage_i/counter_upd_i_38/O
                         net (fo=168, routed)         1.370    12.843    u_ibex_demo_system/u_top/u_ibex_core/if_stage_i/counter_upd_i_38_n_0
    SLICE_X55Y6          LUT6 (Prop_lut6_I5_O)        0.124    12.967 r  u_ibex_demo_system/u_top/u_ibex_core/if_stage_i/counter_upd_i_1__1/O
                         net (fo=3, routed)           0.695    13.662    u_ibex_demo_system/u_top/u_ibex_core/cs_registers_i/gen_cntrs[2].gen_imp.mcounters_variable_i/counter_upd_0[1]
    DSP48_X1Y1           DSP48E1 (Prop_dsp48e1_OPMODE[5]_P[13])
                                                      2.326    15.988 r  u_ibex_demo_system/u_top/u_ibex_core/cs_registers_i/gen_cntrs[2].gen_imp.mcounters_variable_i/counter_upd/P[13]
                         net (fo=1, routed)           0.819    16.807    u_ibex_demo_system/u_top/u_ibex_core/cs_registers_i/gen_cntrs[2].gen_imp.mcounters_variable_i/counter_upd_n_92
    SLICE_X55Y4          FDRE                                         r  u_ibex_demo_system/u_top/u_ibex_core/cs_registers_i/gen_cntrs[2].gen_imp.mcounters_variable_i/g_cnt_dsp.counter_q_reg[13]/D
  -------------------------------------------------------------------    -------------------

                         (clock clk_50_unbuf rise edge)
                                                     20.000    20.000 r  
    F14                                               0.000    20.000 r  IO_CLK (IN)
                         net (fo=0)                   0.000    20.000    clkgen/IO_CLK
    F14                  IBUF (Prop_ibuf_I_O)         1.388    21.388 r  clkgen/io_clk_ibuf/O
                         net (fo=1, routed)           1.181    22.569    clkgen/io_clk_buf
    PLLE2_ADV_X0Y1       PLLE2_ADV (Prop_plle2_adv_CLKIN1_CLKOUT0)
                                                     -7.740    14.829 r  clkgen/pll/CLKOUT0
                         net (fo=1, routed)           1.582    16.411    clkgen/clk_50_unbuf
    BUFGCTRL_X0Y16       BUFG (Prop_bufg_I_O)         0.091    16.502 r  clkgen/clk_50_bufg/O
                         net (fo=3640, routed)        0.133    16.635    u_ibex_demo_system/u_top/core_clock_gate_i/gen_xilinx.u_impl_xilinx/clk_sys
    BUFGCTRL_X0Y17       BUFGCTRL (Prop_bufgctrl_I0_O)
                                                      0.091    16.726 r  u_ibex_demo_system/u_top/core_clock_gate_i/gen_xilinx.u_impl_xilinx/gen_gate.gen_bufgce.u_bufgce/O
                         net (fo=1456, routed)        1.455    18.182    u_ibex_demo_system/u_top/u_ibex_core/cs_registers_i/gen_cntrs[2].gen_imp.mcounters_variable_i/CLK
    SLICE_X55Y4          FDRE                                         r  u_ibex_demo_system/u_top/u_ibex_core/cs_registers_i/gen_cntrs[2].gen_imp.mcounters_variable_i/g_cnt_dsp.counter_q_reg[13]/C
                         clock pessimism             -0.415    17.767    
                         clock uncertainty           -0.074    17.693    
    SLICE_X55Y4          FDRE (Setup_fdre_C_D)       -0.093    17.600    u_ibex_demo_system/u_top/u_ibex_core/cs_registers_i/gen_cntrs[2].gen_imp.mcounters_variable_i/g_cnt_dsp.counter_q_reg[13]
  -------------------------------------------------------------------
                         required time                         17.600    
                         arrival time                         -16.807    
  -------------------------------------------------------------------
                         slack                                  0.793    

Slack (MET) :             0.794ns  (required time - arrival time)
  Source:                 u_ibex_demo_system/u_top/u_ibex_core/if_stage_i/g_instr_rdata_nr.instr_rdata_id_o_reg[4]/C
                            (rising edge-triggered cell FDRE clocked by clk_50_unbuf  {rise@0.000ns fall@10.000ns period=20.000ns})
  Destination:            u_ibex_demo_system/u_top/u_ibex_core/cs_registers_i/gen_cntrs[1].gen_imp.mcounters_variable_i/g_cnt_dsp.counter_q_reg[8]/D
                            (rising edge-triggered cell FDRE clocked by clk_50_unbuf  {rise@0.000ns fall@10.000ns period=20.000ns})
  Path Group:             clk_50_unbuf
  Path Type:              Setup (Max at Slow Process Corner)
  Requirement:            20.000ns  (clk_50_unbuf rise@20.000ns - clk_50_unbuf rise@0.000ns)
  Data Path Delay:        19.105ns  (logic 6.528ns (34.169%)  route 12.577ns (65.831%))
  Logic Levels:           25  (CARRY4=7 DSP48E1=1 LUT2=1 LUT4=3 LUT5=3 LUT6=10)
  Clock Path Skew:        -0.014ns (DCD - SCD + CPR)
    Destination Clock Delay (DCD):    -1.817ns = ( 18.183 - 20.000 ) 
    Source Clock Delay      (SCD):    -2.218ns
    Clock Pessimism Removal (CPR):    -0.415ns
  Clock Uncertainty:      0.074ns  ((TSJ^2 + DJ^2)^1/2) / 2 + PE
    Total System Jitter     (TSJ):    0.071ns
    Discrete Jitter          (DJ):    0.130ns
    Phase Error              (PE):    0.000ns

    Location             Delay type                Incr(ns)  Path(ns)    Netlist Resource(s)
  -------------------------------------------------------------------    -------------------
                         (clock clk_50_unbuf rise edge)
                                                      0.000     0.000 r  
    F14                                               0.000     0.000 r  IO_CLK (IN)
                         net (fo=0)                   0.000     0.000    clkgen/IO_CLK
    F14                  IBUF (Prop_ibuf_I_O)         1.458     1.458 r  clkgen/io_clk_ibuf/O
                         net (fo=1, routed)           1.253     2.712    clkgen/io_clk_buf
    PLLE2_ADV_X0Y1       PLLE2_ADV (Prop_plle2_adv_CLKIN1_CLKOUT0)
                                                     -8.471    -5.760 r  clkgen/pll/CLKOUT0
                         net (fo=1, routed)           1.660    -4.099    clkgen/clk_50_unbuf
    BUFGCTRL_X0Y16       BUFG (Prop_bufg_I_O)         0.096    -4.003 r  clkgen/clk_50_bufg/O
                         net (fo=3640, routed)        0.140    -3.863    u_ibex_demo_system/u_top/core_clock_gate_i/gen_xilinx.u_impl_xilinx/clk_sys
    BUFGCTRL_X0Y17       BUFGCTRL (Prop_bufgctrl_I0_O)
                                                      0.096    -3.767 r  u_ibex_demo_system/u_top/core_clock_gate_i/gen_xilinx.u_impl_xilinx/gen_gate.gen_bufgce.u_bufgce/O
                         net (fo=1456, routed)        1.549    -2.218    u_ibex_demo_system/u_top/u_ibex_core/if_stage_i/CLK
    SLICE_X36Y26         FDRE                                         r  u_ibex_demo_system/u_top/u_ibex_core/if_stage_i/g_instr_rdata_nr.instr_rdata_id_o_reg[4]/C
  -------------------------------------------------------------------    -------------------
    SLICE_X36Y26         FDRE (Prop_fdre_C_Q)         0.456    -1.762 f  u_ibex_demo_system/u_top/u_ibex_core/if_stage_i/g_instr_rdata_nr.instr_rdata_id_o_reg[4]/Q
                         net (fo=41, routed)          0.897    -0.865    u_ibex_demo_system/u_top/u_ibex_core/if_stage_i/Q[4]
    SLICE_X37Y25         LUT2 (Prop_lut2_I0_O)        0.154    -0.711 f  u_ibex_demo_system/u_top/u_ibex_core/if_stage_i/adder_result_ext_o_carry_i_76/O
                         net (fo=2, routed)           0.982     0.271    u_ibex_demo_system/u_top/u_ibex_core/if_stage_i/adder_result_ext_o_carry_i_76_n_0
    SLICE_X40Y26         LUT6 (Prop_lut6_I3_O)        0.327     0.598 f  u_ibex_demo_system/u_top/u_ibex_core/if_stage_i/adder_result_ext_o_carry_i_47/O
                         net (fo=2, routed)           0.685     1.283    u_ibex_demo_system/u_top/u_ibex_core/if_stage_i/adder_result_ext_o_carry_i_47_n_0
    SLICE_X40Y26         LUT6 (Prop_lut6_I1_O)        0.124     1.407 r  u_ibex_demo_system/u_top/u_ibex_core/if_stage_i/adder_result_ext_o_carry__0_i_21/O
                         net (fo=31, routed)          0.691     2.098    u_ibex_demo_system/u_top/u_ibex_core/load_store_unit_i/adder_result_ext_o_carry__0_i_11_0
    SLICE_X44Y24         LUT4 (Prop_lut4_I3_O)        0.124     2.222 r  u_ibex_demo_system/u_top/u_ibex_core/load_store_unit_i/adder_result_ext_o_carry_i_21/O
                         net (fo=1, routed)           0.582     2.804    u_ibex_demo_system/u_top/u_ibex_core/if_stage_i/rdata_q_reg[2]
    SLICE_X43Y24         LUT5 (Prop_lut5_I4_O)        0.124     2.928 r  u_ibex_demo_system/u_top/u_ibex_core/if_stage_i/adder_result_ext_o_carry_i_9/O
                         net (fo=7, routed)           0.649     3.577    u_ibex_demo_system/u_top/u_ibex_core/ex_block_i/gen_multdiv_fast.multdiv_i/alu_operand_a_ex[2]
    SLICE_X43Y24         LUT6 (Prop_lut6_I0_O)        0.124     3.701 r  u_ibex_demo_system/u_top/u_ibex_core/ex_block_i/gen_multdiv_fast.multdiv_i/adder_result_ext_o_carry_i_1/O
                         net (fo=2, routed)           0.486     4.187    u_ibex_demo_system/u_top/u_ibex_core/if_stage_i/adder_in_a[2]
    SLICE_X41Y24         LUT5 (Prop_lut5_I0_O)        0.124     4.311 r  u_ibex_demo_system/u_top/u_ibex_core/if_stage_i/adder_result_ext_o_carry_i_5/O
                         net (fo=1, routed)           0.000     4.311    u_ibex_demo_system/u_top/u_ibex_core/ex_block_i/alu_i/S[3]
    SLICE_X41Y24         CARRY4 (Prop_carry4_S[3]_CO[3])
                                                      0.401     4.712 r  u_ibex_demo_system/u_top/u_ibex_core/ex_block_i/alu_i/adder_result_ext_o_carry/CO[3]
                         net (fo=1, routed)           0.009     4.721    u_ibex_demo_system/u_top/u_ibex_core/ex_block_i/alu_i/adder_result_ext_o_carry_n_0
    SLICE_X41Y25         CARRY4 (Prop_carry4_CI_CO[3])
                                                      0.114     4.835 r  u_ibex_demo_system/u_top/u_ibex_core/ex_block_i/alu_i/adder_result_ext_o_carry__0/CO[3]
                         net (fo=1, routed)           0.000     4.835    u_ibex_demo_system/u_top/u_ibex_core/ex_block_i/alu_i/adder_result_ext_o_carry__0_n_0
    SLICE_X41Y26         CARRY4 (Prop_carry4_CI_CO[3])
                                                      0.114     4.949 r  u_ibex_demo_system/u_top/u_ibex_core/ex_block_i/alu_i/adder_result_ext_o_carry__1/CO[3]
                         net (fo=1, routed)           0.000     4.949    u_ibex_demo_system/u_top/u_ibex_core/ex_block_i/alu_i/adder_result_ext_o_carry__1_n_0
    SLICE_X41Y27         CARRY4 (Prop_carry4_CI_CO[3])
                                                      0.114     5.063 r  u_ibex_demo_system/u_top/u_ibex_core/ex_block_i/alu_i/adder_result_ext_o_carry__2/CO[3]
                         net (fo=1, routed)           0.000     5.063    u_ibex_demo_system/u_top/u_ibex_core/ex_block_i/alu_i/adder_result_ext_o_carry__2_n_0
    SLICE_X41Y28         CARRY4 (Prop_carry4_CI_CO[3])
                                                      0.114     5.177 r  u_ibex_demo_system/u_top/u_ibex_core/ex_block_i/alu_i/adder_result_ext_o_carry__3/CO[3]
                         net (fo=1, routed)           0.000     5.177    u_ibex_demo_system/u_top/u_ibex_core/ex_block_i/alu_i/adder_result_ext_o_carry__3_n_0
    SLICE_X41Y29         CARRY4 (Prop_carry4_CI_CO[3])
                                                      0.114     5.291 r  u_ibex_demo_system/u_top/u_ibex_core/ex_block_i/alu_i/adder_result_ext_o_carry__4/CO[3]
                         net (fo=1, routed)           0.000     5.291    u_ibex_demo_system/u_top/u_ibex_core/ex_block_i/alu_i/adder_result_ext_o_carry__4_n_0
    SLICE_X41Y30         CARRY4 (Prop_carry4_CI_O[2])
                                                      0.256     5.547 f  u_ibex_demo_system/u_top/u_ibex_core/ex_block_i/alu_i/adder_result_ext_o_carry__5/O[2]
                         net (fo=17, routed)          1.085     6.633    u_ibex_demo_system/u_top/u_ibex_core/ex_block_i/alu_i/gen_intermediate_val_reg[0].imd_val_q_reg[0][26][2]
    SLICE_X42Y35         LUT4 (Prop_lut4_I2_O)        0.302     6.935 r  u_ibex_demo_system/u_top/u_ibex_core/ex_block_i/alu_i/FSM_sequential_md_state_q[2]_i_13/O
                         net (fo=1, routed)           0.446     7.381    u_ibex_demo_system/u_top/u_ibex_core/ex_block_i/alu_i/FSM_sequential_md_state_q[2]_i_13_n_0
    SLICE_X42Y32         LUT5 (Prop_lut5_I4_O)        0.124     7.505 r  u_ibex_demo_system/u_top/u_ibex_core/ex_block_i/alu_i/FSM_sequential_md_state_q[2]_i_11/O
                         net (fo=1, routed)           0.165     7.670    u_ibex_demo_system/u_top/u_ibex_core/ex_block_i/alu_i/FSM_sequential_md_state_q[2]_i_11_n_0
    SLICE_X42Y32         LUT6 (Prop_lut6_I5_O)        0.124     7.794 r  u_ibex_demo_system/u_top/u_ibex_core/ex_block_i/alu_i/FSM_sequential_md_state_q[2]_i_6/O
                         net (fo=1, routed)           0.786     8.579    u_ibex_demo_system/u_top/u_ibex_core/ex_block_i/alu_i/FSM_sequential_md_state_q[2]_i_6_n_0
    SLICE_X41Y23         LUT6 (Prop_lut6_I0_O)        0.124     8.703 r  u_ibex_demo_system/u_top/u_ibex_core/ex_block_i/alu_i/FSM_sequential_md_state_q[2]_i_5/O
                         net (fo=6, routed)           0.466     9.169    u_ibex_demo_system/u_top/u_ibex_core/if_stage_i/alu_is_equal_result
    SLICE_X40Y20         LUT4 (Prop_lut4_I3_O)        0.124     9.293 f  u_ibex_demo_system/u_top/u_ibex_core/if_stage_i/g_branch_set_flop.branch_set_raw_q_i_4/O
                         net (fo=3, routed)           0.303     9.597    u_ibex_demo_system/u_top/u_ibex_core/if_stage_i/branch_decision
    SLICE_X40Y20         LUT6 (Prop_lut6_I1_O)        0.124     9.721 f  u_ibex_demo_system/u_top/u_ibex_core/if_stage_i/id_fsm_q_i_4/O
                         net (fo=3, routed)           0.452    10.173    u_ibex_demo_system/u_top/u_ibex_core/if_stage_i/g_instr_rdata_nr.instr_rdata_id_o_reg[6]_0
    SLICE_X40Y19         LUT6 (Prop_lut6_I5_O)        0.124    10.297 f  u_ibex_demo_system/u_top/u_ibex_core/if_stage_i/rdata_q[31]_i_12/O
                         net (fo=2, routed)           0.462    10.759    u_ibex_demo_system/u_top/u_ibex_core/if_stage_i/id_fsm_q_reg_0
    SLICE_X42Y16         LUT6 (Prop_lut6_I3_O)        0.124    10.883 r  u_ibex_demo_system/u_top/u_ibex_core/if_stage_i/rdata_q[31]_i_5__1/O
                         net (fo=19, routed)          0.466    11.349    u_ibex_demo_system/u_top/u_ibex_core/if_stage_i/instr_valid_id_q_reg_5
    SLICE_X43Y14         LUT6 (Prop_lut6_I5_O)        0.124    11.473 f  u_ibex_demo_system/u_top/u_ibex_core/if_stage_i/counter_upd_i_38/O
                         net (fo=168, routed)         1.333    12.806    u_ibex_demo_system/u_top/u_ibex_core/if_stage_i/counter_upd_i_38_n_0
    SLICE_X54Y6          LUT6 (Prop_lut6_I0_O)        0.124    12.930 r  u_ibex_demo_system/u_top/u_ibex_core/if_stage_i/counter_upd_i_2/O
                         net (fo=2, routed)           0.816    13.745    u_ibex_demo_system/u_top/u_ibex_core/cs_registers_i/gen_cntrs[1].gen_imp.mcounters_variable_i/counter_upd_0[0]
    DSP48_X1Y0           DSP48E1 (Prop_dsp48e1_OPMODE[0]_P[8])
                                                      2.326    16.071 r  u_ibex_demo_system/u_top/u_ibex_core/cs_registers_i/gen_cntrs[1].gen_imp.mcounters_variable_i/counter_upd/P[8]
                         net (fo=1, routed)           0.815    16.887    u_ibex_demo_system/u_top/u_ibex_core/cs_registers_i/gen_cntrs[1].gen_imp.mcounters_variable_i/counter_upd_n_97
    SLICE_X54Y2          FDRE                                         r  u_ibex_demo_system/u_top/u_ibex_core/cs_registers_i/gen_cntrs[1].gen_imp.mcounters_variable_i/g_cnt_dsp.counter_q_reg[8]/D
  -------------------------------------------------------------------    -------------------

                         (clock clk_50_unbuf rise edge)
                                                     20.000    20.000 r  
    F14                                               0.000    20.000 r  IO_CLK (IN)
                         net (fo=0)                   0.000    20.000    clkgen/IO_CLK
    F14                  IBUF (Prop_ibuf_I_O)         1.388    21.388 r  clkgen/io_clk_ibuf/O
                         net (fo=1, routed)           1.181    22.569    clkgen/io_clk_buf
    PLLE2_ADV_X0Y1       PLLE2_ADV (Prop_plle2_adv_CLKIN1_CLKOUT0)
                                                     -7.740    14.829 r  clkgen/pll/CLKOUT0
                         net (fo=1, routed)           1.582    16.411    clkgen/clk_50_unbuf
    BUFGCTRL_X0Y16       BUFG (Prop_bufg_I_O)         0.091    16.502 r  clkgen/clk_50_bufg/O
                         net (fo=3640, routed)        0.133    16.635    u_ibex_demo_system/u_top/core_clock_gate_i/gen_xilinx.u_impl_xilinx/clk_sys
    BUFGCTRL_X0Y17       BUFGCTRL (Prop_bufgctrl_I0_O)
                                                      0.091    16.726 r  u_ibex_demo_system/u_top/core_clock_gate_i/gen_xilinx.u_impl_xilinx/gen_gate.gen_bufgce.u_bufgce/O
                         net (fo=1456, routed)        1.456    18.183    u_ibex_demo_system/u_top/u_ibex_core/cs_registers_i/gen_cntrs[1].gen_imp.mcounters_variable_i/CLK
    SLICE_X54Y2          FDRE                                         r  u_ibex_demo_system/u_top/u_ibex_core/cs_registers_i/gen_cntrs[1].gen_imp.mcounters_variable_i/g_cnt_dsp.counter_q_reg[8]/C
                         clock pessimism             -0.415    17.768    
                         clock uncertainty           -0.074    17.694    
    SLICE_X54Y2          FDRE (Setup_fdre_C_D)       -0.013    17.681    u_ibex_demo_system/u_top/u_ibex_core/cs_registers_i/gen_cntrs[1].gen_imp.mcounters_variable_i/g_cnt_dsp.counter_q_reg[8]
  -------------------------------------------------------------------
                         required time                         17.681    
                         arrival time                         -16.887    
  -------------------------------------------------------------------
                         slack                                  0.794    

Slack (MET) :             0.797ns  (required time - arrival time)
  Source:                 u_ibex_demo_system/u_top/u_ibex_core/if_stage_i/g_instr_rdata_nr.instr_rdata_id_o_reg[4]/C
                            (rising edge-triggered cell FDRE clocked by clk_50_unbuf  {rise@0.000ns fall@10.000ns period=20.000ns})
  Destination:            u_ibex_demo_system/u_top/u_ibex_core/cs_registers_i/gen_cntrs[2].gen_imp.mcounters_variable_i/g_cnt_dsp.counter_q_reg[31]/D
                            (rising edge-triggered cell FDRE clocked by clk_50_unbuf  {rise@0.000ns fall@10.000ns period=20.000ns})
  Path Group:             clk_50_unbuf
  Path Type:              Setup (Max at Slow Process Corner)
  Requirement:            20.000ns  (clk_50_unbuf rise@20.000ns - clk_50_unbuf rise@0.000ns)
  Data Path Delay:        19.053ns  (logic 6.528ns (34.262%)  route 12.525ns (65.738%))
  Logic Levels:           25  (CARRY4=7 DSP48E1=1 LUT2=1 LUT4=3 LUT5=3 LUT6=10)
  Clock Path Skew:        -0.014ns (DCD - SCD + CPR)
    Destination Clock Delay (DCD):    -1.817ns = ( 18.183 - 20.000 ) 
    Source Clock Delay      (SCD):    -2.218ns
    Clock Pessimism Removal (CPR):    -0.415ns
  Clock Uncertainty:      0.074ns  ((TSJ^2 + DJ^2)^1/2) / 2 + PE
    Total System Jitter     (TSJ):    0.071ns
    Discrete Jitter          (DJ):    0.130ns
    Phase Error              (PE):    0.000ns

    Location             Delay type                Incr(ns)  Path(ns)    Netlist Resource(s)
  -------------------------------------------------------------------    -------------------
                         (clock clk_50_unbuf rise edge)
                                                      0.000     0.000 r  
    F14                                               0.000     0.000 r  IO_CLK (IN)
                         net (fo=0)                   0.000     0.000    clkgen/IO_CLK
    F14                  IBUF (Prop_ibuf_I_O)         1.458     1.458 r  clkgen/io_clk_ibuf/O
                         net (fo=1, routed)           1.253     2.712    clkgen/io_clk_buf
    PLLE2_ADV_X0Y1       PLLE2_ADV (Prop_plle2_adv_CLKIN1_CLKOUT0)
                                                     -8.471    -5.760 r  clkgen/pll/CLKOUT0
                         net (fo=1, routed)           1.660    -4.099    clkgen/clk_50_unbuf
    BUFGCTRL_X0Y16       BUFG (Prop_bufg_I_O)         0.096    -4.003 r  clkgen/clk_50_bufg/O
                         net (fo=3640, routed)        0.140    -3.863    u_ibex_demo_system/u_top/core_clock_gate_i/gen_xilinx.u_impl_xilinx/clk_sys
    BUFGCTRL_X0Y17       BUFGCTRL (Prop_bufgctrl_I0_O)
                                                      0.096    -3.767 r  u_ibex_demo_system/u_top/core_clock_gate_i/gen_xilinx.u_impl_xilinx/gen_gate.gen_bufgce.u_bufgce/O
                         net (fo=1456, routed)        1.549    -2.218    u_ibex_demo_system/u_top/u_ibex_core/if_stage_i/CLK
    SLICE_X36Y26         FDRE                                         r  u_ibex_demo_system/u_top/u_ibex_core/if_stage_i/g_instr_rdata_nr.instr_rdata_id_o_reg[4]/C
  -------------------------------------------------------------------    -------------------
    SLICE_X36Y26         FDRE (Prop_fdre_C_Q)         0.456    -1.762 f  u_ibex_demo_system/u_top/u_ibex_core/if_stage_i/g_instr_rdata_nr.instr_rdata_id_o_reg[4]/Q
                         net (fo=41, routed)          0.897    -0.865    u_ibex_demo_system/u_top/u_ibex_core/if_stage_i/Q[4]
    SLICE_X37Y25         LUT2 (Prop_lut2_I0_O)        0.154    -0.711 f  u_ibex_demo_system/u_top/u_ibex_core/if_stage_i/adder_result_ext_o_carry_i_76/O
                         net (fo=2, routed)           0.982     0.271    u_ibex_demo_system/u_top/u_ibex_core/if_stage_i/adder_result_ext_o_carry_i_76_n_0
    SLICE_X40Y26         LUT6 (Prop_lut6_I3_O)        0.327     0.598 f  u_ibex_demo_system/u_top/u_ibex_core/if_stage_i/adder_result_ext_o_carry_i_47/O
                         net (fo=2, routed)           0.685     1.283    u_ibex_demo_system/u_top/u_ibex_core/if_stage_i/adder_result_ext_o_carry_i_47_n_0
    SLICE_X40Y26         LUT6 (Prop_lut6_I1_O)        0.124     1.407 r  u_ibex_demo_system/u_top/u_ibex_core/if_stage_i/adder_result_ext_o_carry__0_i_21/O
                         net (fo=31, routed)          0.691     2.098    u_ibex_demo_system/u_top/u_ibex_core/load_store_unit_i/adder_result_ext_o_carry__0_i_11_0
    SLICE_X44Y24         LUT4 (Prop_lut4_I3_O)        0.124     2.222 r  u_ibex_demo_system/u_top/u_ibex_core/load_store_unit_i/adder_result_ext_o_carry_i_21/O
                         net (fo=1, routed)           0.582     2.804    u_ibex_demo_system/u_top/u_ibex_core/if_stage_i/rdata_q_reg[2]
    SLICE_X43Y24         LUT5 (Prop_lut5_I4_O)        0.124     2.928 r  u_ibex_demo_system/u_top/u_ibex_core/if_stage_i/adder_result_ext_o_carry_i_9/O
                         net (fo=7, routed)           0.649     3.577    u_ibex_demo_system/u_top/u_ibex_core/ex_block_i/gen_multdiv_fast.multdiv_i/alu_operand_a_ex[2]
    SLICE_X43Y24         LUT6 (Prop_lut6_I0_O)        0.124     3.701 r  u_ibex_demo_system/u_top/u_ibex_core/ex_block_i/gen_multdiv_fast.multdiv_i/adder_result_ext_o_carry_i_1/O
                         net (fo=2, routed)           0.486     4.187    u_ibex_demo_system/u_top/u_ibex_core/if_stage_i/adder_in_a[2]
    SLICE_X41Y24         LUT5 (Prop_lut5_I0_O)        0.124     4.311 r  u_ibex_demo_system/u_top/u_ibex_core/if_stage_i/adder_result_ext_o_carry_i_5/O
                         net (fo=1, routed)           0.000     4.311    u_ibex_demo_system/u_top/u_ibex_core/ex_block_i/alu_i/S[3]
    SLICE_X41Y24         CARRY4 (Prop_carry4_S[3]_CO[3])
                                                      0.401     4.712 r  u_ibex_demo_system/u_top/u_ibex_core/ex_block_i/alu_i/adder_result_ext_o_carry/CO[3]
                         net (fo=1, routed)           0.009     4.721    u_ibex_demo_system/u_top/u_ibex_core/ex_block_i/alu_i/adder_result_ext_o_carry_n_0
    SLICE_X41Y25         CARRY4 (Prop_carry4_CI_CO[3])
                                                      0.114     4.835 r  u_ibex_demo_system/u_top/u_ibex_core/ex_block_i/alu_i/adder_result_ext_o_carry__0/CO[3]
                         net (fo=1, routed)           0.000     4.835    u_ibex_demo_system/u_top/u_ibex_core/ex_block_i/alu_i/adder_result_ext_o_carry__0_n_0
    SLICE_X41Y26         CARRY4 (Prop_carry4_CI_CO[3])
                                                      0.114     4.949 r  u_ibex_demo_system/u_top/u_ibex_core/ex_block_i/alu_i/adder_result_ext_o_carry__1/CO[3]
                         net (fo=1, routed)           0.000     4.949    u_ibex_demo_system/u_top/u_ibex_core/ex_block_i/alu_i/adder_result_ext_o_carry__1_n_0
    SLICE_X41Y27         CARRY4 (Prop_carry4_CI_CO[3])
                                                      0.114     5.063 r  u_ibex_demo_system/u_top/u_ibex_core/ex_block_i/alu_i/adder_result_ext_o_carry__2/CO[3]
                         net (fo=1, routed)           0.000     5.063    u_ibex_demo_system/u_top/u_ibex_core/ex_block_i/alu_i/adder_result_ext_o_carry__2_n_0
    SLICE_X41Y28         CARRY4 (Prop_carry4_CI_CO[3])
                                                      0.114     5.177 r  u_ibex_demo_system/u_top/u_ibex_core/ex_block_i/alu_i/adder_result_ext_o_carry__3/CO[3]
                         net (fo=1, routed)           0.000     5.177    u_ibex_demo_system/u_top/u_ibex_core/ex_block_i/alu_i/adder_result_ext_o_carry__3_n_0
    SLICE_X41Y29         CARRY4 (Prop_carry4_CI_CO[3])
                                                      0.114     5.291 r  u_ibex_demo_system/u_top/u_ibex_core/ex_block_i/alu_i/adder_result_ext_o_carry__4/CO[3]
                         net (fo=1, routed)           0.000     5.291    u_ibex_demo_system/u_top/u_ibex_core/ex_block_i/alu_i/adder_result_ext_o_carry__4_n_0
    SLICE_X41Y30         CARRY4 (Prop_carry4_CI_O[2])
                                                      0.256     5.547 f  u_ibex_demo_system/u_top/u_ibex_core/ex_block_i/alu_i/adder_result_ext_o_carry__5/O[2]
                         net (fo=17, routed)          1.085     6.633    u_ibex_demo_system/u_top/u_ibex_core/ex_block_i/alu_i/gen_intermediate_val_reg[0].imd_val_q_reg[0][26][2]
    SLICE_X42Y35         LUT4 (Prop_lut4_I2_O)        0.302     6.935 r  u_ibex_demo_system/u_top/u_ibex_core/ex_block_i/alu_i/FSM_sequential_md_state_q[2]_i_13/O
                         net (fo=1, routed)           0.446     7.381    u_ibex_demo_system/u_top/u_ibex_core/ex_block_i/alu_i/FSM_sequential_md_state_q[2]_i_13_n_0
    SLICE_X42Y32         LUT5 (Prop_lut5_I4_O)        0.124     7.505 r  u_ibex_demo_system/u_top/u_ibex_core/ex_block_i/alu_i/FSM_sequential_md_state_q[2]_i_11/O
                         net (fo=1, routed)           0.165     7.670    u_ibex_demo_system/u_top/u_ibex_core/ex_block_i/alu_i/FSM_sequential_md_state_q[2]_i_11_n_0
    SLICE_X42Y32         LUT6 (Prop_lut6_I5_O)        0.124     7.794 r  u_ibex_demo_system/u_top/u_ibex_core/ex_block_i/alu_i/FSM_sequential_md_state_q[2]_i_6/O
                         net (fo=1, routed)           0.786     8.579    u_ibex_demo_system/u_top/u_ibex_core/ex_block_i/alu_i/FSM_sequential_md_state_q[2]_i_6_n_0
    SLICE_X41Y23         LUT6 (Prop_lut6_I0_O)        0.124     8.703 r  u_ibex_demo_system/u_top/u_ibex_core/ex_block_i/alu_i/FSM_sequential_md_state_q[2]_i_5/O
                         net (fo=6, routed)           0.466     9.169    u_ibex_demo_system/u_top/u_ibex_core/if_stage_i/alu_is_equal_result
    SLICE_X40Y20         LUT4 (Prop_lut4_I3_O)        0.124     9.293 r  u_ibex_demo_system/u_top/u_ibex_core/if_stage_i/g_branch_set_flop.branch_set_raw_q_i_4/O
                         net (fo=3, routed)           0.303     9.597    u_ibex_demo_system/u_top/u_ibex_core/if_stage_i/branch_decision
    SLICE_X40Y20         LUT6 (Prop_lut6_I1_O)        0.124     9.721 r  u_ibex_demo_system/u_top/u_ibex_core/if_stage_i/id_fsm_q_i_4/O
                         net (fo=3, routed)           0.452    10.173    u_ibex_demo_system/u_top/u_ibex_core/if_stage_i/g_instr_rdata_nr.instr_rdata_id_o_reg[6]_0
    SLICE_X40Y19         LUT6 (Prop_lut6_I5_O)        0.124    10.297 r  u_ibex_demo_system/u_top/u_ibex_core/if_stage_i/rdata_q[31]_i_12/O
                         net (fo=2, routed)           0.462    10.759    u_ibex_demo_system/u_top/u_ibex_core/if_stage_i/id_fsm_q_reg_0
    SLICE_X42Y16         LUT6 (Prop_lut6_I3_O)        0.124    10.883 f  u_ibex_demo_system/u_top/u_ibex_core/if_stage_i/rdata_q[31]_i_5__1/O
                         net (fo=19, routed)          0.466    11.349    u_ibex_demo_system/u_top/u_ibex_core/if_stage_i/instr_valid_id_q_reg_5
    SLICE_X43Y14         LUT6 (Prop_lut6_I5_O)        0.124    11.473 r  u_ibex_demo_system/u_top/u_ibex_core/if_stage_i/counter_upd_i_38/O
                         net (fo=168, routed)         1.370    12.843    u_ibex_demo_system/u_top/u_ibex_core/if_stage_i/counter_upd_i_38_n_0
    SLICE_X55Y6          LUT6 (Prop_lut6_I5_O)        0.124    12.967 r  u_ibex_demo_system/u_top/u_ibex_core/if_stage_i/counter_upd_i_1__1/O
                         net (fo=3, routed)           0.695    13.662    u_ibex_demo_system/u_top/u_ibex_core/cs_registers_i/gen_cntrs[2].gen_imp.mcounters_variable_i/counter_upd_0[1]
    DSP48_X1Y1           DSP48E1 (Prop_dsp48e1_OPMODE[5]_P[31])
                                                      2.326    15.988 r  u_ibex_demo_system/u_top/u_ibex_core/cs_registers_i/gen_cntrs[2].gen_imp.mcounters_variable_i/counter_upd/P[31]
                         net (fo=1, routed)           0.847    16.835    u_ibex_demo_system/u_top/u_ibex_core/cs_registers_i/gen_cntrs[2].gen_imp.mcounters_variable_i/counter_upd_n_74
    SLICE_X55Y2          FDRE                                         r  u_ibex_demo_system/u_top/u_ibex_core/cs_registers_i/gen_cntrs[2].gen_imp.mcounters_variable_i/g_cnt_dsp.counter_q_reg[31]/D
  -------------------------------------------------------------------    -------------------

                         (clock clk_50_unbuf rise edge)
                                                     20.000    20.000 r  
    F14                                               0.000    20.000 r  IO_CLK (IN)
                         net (fo=0)                   0.000    20.000    clkgen/IO_CLK
    F14                  IBUF (Prop_ibuf_I_O)         1.388    21.388 r  clkgen/io_clk_ibuf/O
                         net (fo=1, routed)           1.181    22.569    clkgen/io_clk_buf
    PLLE2_ADV_X0Y1       PLLE2_ADV (Prop_plle2_adv_CLKIN1_CLKOUT0)
                                                     -7.740    14.829 r  clkgen/pll/CLKOUT0
                         net (fo=1, routed)           1.582    16.411    clkgen/clk_50_unbuf
    BUFGCTRL_X0Y16       BUFG (Prop_bufg_I_O)         0.091    16.502 r  clkgen/clk_50_bufg/O
                         net (fo=3640, routed)        0.133    16.635    u_ibex_demo_system/u_top/core_clock_gate_i/gen_xilinx.u_impl_xilinx/clk_sys
    BUFGCTRL_X0Y17       BUFGCTRL (Prop_bufgctrl_I0_O)
                                                      0.091    16.726 r  u_ibex_demo_system/u_top/core_clock_gate_i/gen_xilinx.u_impl_xilinx/gen_gate.gen_bufgce.u_bufgce/O
                         net (fo=1456, routed)        1.456    18.183    u_ibex_demo_system/u_top/u_ibex_core/cs_registers_i/gen_cntrs[2].gen_imp.mcounters_variable_i/CLK
    SLICE_X55Y2          FDRE                                         r  u_ibex_demo_system/u_top/u_ibex_core/cs_registers_i/gen_cntrs[2].gen_imp.mcounters_variable_i/g_cnt_dsp.counter_q_reg[31]/C
                         clock pessimism             -0.415    17.768    
                         clock uncertainty           -0.074    17.694    
    SLICE_X55Y2          FDRE (Setup_fdre_C_D)       -0.062    17.632    u_ibex_demo_system/u_top/u_ibex_core/cs_registers_i/gen_cntrs[2].gen_imp.mcounters_variable_i/g_cnt_dsp.counter_q_reg[31]
  -------------------------------------------------------------------
                         required time                         17.632    
                         arrival time                         -16.835    
  -------------------------------------------------------------------
                         slack                                  0.797    

Slack (MET) :             0.806ns  (required time - arrival time)
  Source:                 u_ibex_demo_system/u_top/u_ibex_core/if_stage_i/g_instr_rdata_nr.instr_rdata_id_o_reg[4]/C
                            (rising edge-triggered cell FDRE clocked by clk_50_unbuf  {rise@0.000ns fall@10.000ns period=20.000ns})
  Destination:            u_ibex_demo_system/u_top/u_ibex_core/cs_registers_i/gen_cntrs[9].gen_imp.mcounters_variable_i/g_cnt_dsp.counter_q_reg[8]/D
                            (rising edge-triggered cell FDRE clocked by clk_50_unbuf  {rise@0.000ns fall@10.000ns period=20.000ns})
  Path Group:             clk_50_unbuf
  Path Type:              Setup (Max at Slow Process Corner)
  Requirement:            20.000ns  (clk_50_unbuf rise@20.000ns - clk_50_unbuf rise@0.000ns)
  Data Path Delay:        19.002ns  (logic 6.528ns (34.354%)  route 12.474ns (65.646%))
  Logic Levels:           25  (CARRY4=7 DSP48E1=1 LUT2=1 LUT4=4 LUT5=3 LUT6=9)
  Clock Path Skew:        -0.090ns (DCD - SCD + CPR)
    Destination Clock Delay (DCD):    -1.821ns = ( 18.179 - 20.000 ) 
    Source Clock Delay      (SCD):    -2.218ns
    Clock Pessimism Removal (CPR):    -0.487ns
  Clock Uncertainty:      0.074ns  ((TSJ^2 + DJ^2)^1/2) / 2 + PE
    Total System Jitter     (TSJ):    0.071ns
    Discrete Jitter          (DJ):    0.130ns
    Phase Error              (PE):    0.000ns

    Location             Delay type                Incr(ns)  Path(ns)    Netlist Resource(s)
  -------------------------------------------------------------------    -------------------
                         (clock clk_50_unbuf rise edge)
                                                      0.000     0.000 r  
    F14                                               0.000     0.000 r  IO_CLK (IN)
                         net (fo=0)                   0.000     0.000    clkgen/IO_CLK
    F14                  IBUF (Prop_ibuf_I_O)         1.458     1.458 r  clkgen/io_clk_ibuf/O
                         net (fo=1, routed)           1.253     2.712    clkgen/io_clk_buf
    PLLE2_ADV_X0Y1       PLLE2_ADV (Prop_plle2_adv_CLKIN1_CLKOUT0)
                                                     -8.471    -5.760 r  clkgen/pll/CLKOUT0
                         net (fo=1, routed)           1.660    -4.099    clkgen/clk_50_unbuf
    BUFGCTRL_X0Y16       BUFG (Prop_bufg_I_O)         0.096    -4.003 r  clkgen/clk_50_bufg/O
                         net (fo=3640, routed)        0.140    -3.863    u_ibex_demo_system/u_top/core_clock_gate_i/gen_xilinx.u_impl_xilinx/clk_sys
    BUFGCTRL_X0Y17       BUFGCTRL (Prop_bufgctrl_I0_O)
                                                      0.096    -3.767 r  u_ibex_demo_system/u_top/core_clock_gate_i/gen_xilinx.u_impl_xilinx/gen_gate.gen_bufgce.u_bufgce/O
                         net (fo=1456, routed)        1.549    -2.218    u_ibex_demo_system/u_top/u_ibex_core/if_stage_i/CLK
    SLICE_X36Y26         FDRE                                         r  u_ibex_demo_system/u_top/u_ibex_core/if_stage_i/g_instr_rdata_nr.instr_rdata_id_o_reg[4]/C
  -------------------------------------------------------------------    -------------------
    SLICE_X36Y26         FDRE (Prop_fdre_C_Q)         0.456    -1.762 f  u_ibex_demo_system/u_top/u_ibex_core/if_stage_i/g_instr_rdata_nr.instr_rdata_id_o_reg[4]/Q
                         net (fo=41, routed)          0.897    -0.865    u_ibex_demo_system/u_top/u_ibex_core/if_stage_i/Q[4]
    SLICE_X37Y25         LUT2 (Prop_lut2_I0_O)        0.154    -0.711 f  u_ibex_demo_system/u_top/u_ibex_core/if_stage_i/adder_result_ext_o_carry_i_76/O
                         net (fo=2, routed)           0.982     0.271    u_ibex_demo_system/u_top/u_ibex_core/if_stage_i/adder_result_ext_o_carry_i_76_n_0
    SLICE_X40Y26         LUT6 (Prop_lut6_I3_O)        0.327     0.598 f  u_ibex_demo_system/u_top/u_ibex_core/if_stage_i/adder_result_ext_o_carry_i_47/O
                         net (fo=2, routed)           0.685     1.283    u_ibex_demo_system/u_top/u_ibex_core/if_stage_i/adder_result_ext_o_carry_i_47_n_0
    SLICE_X40Y26         LUT6 (Prop_lut6_I1_O)        0.124     1.407 r  u_ibex_demo_system/u_top/u_ibex_core/if_stage_i/adder_result_ext_o_carry__0_i_21/O
                         net (fo=31, routed)          0.691     2.098    u_ibex_demo_system/u_top/u_ibex_core/load_store_unit_i/adder_result_ext_o_carry__0_i_11_0
    SLICE_X44Y24         LUT4 (Prop_lut4_I3_O)        0.124     2.222 r  u_ibex_demo_system/u_top/u_ibex_core/load_store_unit_i/adder_result_ext_o_carry_i_21/O
                         net (fo=1, routed)           0.582     2.804    u_ibex_demo_system/u_top/u_ibex_core/if_stage_i/rdata_q_reg[2]
    SLICE_X43Y24         LUT5 (Prop_lut5_I4_O)        0.124     2.928 r  u_ibex_demo_system/u_top/u_ibex_core/if_stage_i/adder_result_ext_o_carry_i_9/O
                         net (fo=7, routed)           0.649     3.577    u_ibex_demo_system/u_top/u_ibex_core/ex_block_i/gen_multdiv_fast.multdiv_i/alu_operand_a_ex[2]
    SLICE_X43Y24         LUT6 (Prop_lut6_I0_O)        0.124     3.701 r  u_ibex_demo_system/u_top/u_ibex_core/ex_block_i/gen_multdiv_fast.multdiv_i/adder_result_ext_o_carry_i_1/O
                         net (fo=2, routed)           0.486     4.187    u_ibex_demo_system/u_top/u_ibex_core/if_stage_i/adder_in_a[2]
    SLICE_X41Y24         LUT5 (Prop_lut5_I0_O)        0.124     4.311 r  u_ibex_demo_system/u_top/u_ibex_core/if_stage_i/adder_result_ext_o_carry_i_5/O
                         net (fo=1, routed)           0.000     4.311    u_ibex_demo_system/u_top/u_ibex_core/ex_block_i/alu_i/S[3]
    SLICE_X41Y24         CARRY4 (Prop_carry4_S[3]_CO[3])
                                                      0.401     4.712 r  u_ibex_demo_system/u_top/u_ibex_core/ex_block_i/alu_i/adder_result_ext_o_carry/CO[3]
                         net (fo=1, routed)           0.009     4.721    u_ibex_demo_system/u_top/u_ibex_core/ex_block_i/alu_i/adder_result_ext_o_carry_n_0
    SLICE_X41Y25         CARRY4 (Prop_carry4_CI_CO[3])
                                                      0.114     4.835 r  u_ibex_demo_system/u_top/u_ibex_core/ex_block_i/alu_i/adder_result_ext_o_carry__0/CO[3]
                         net (fo=1, routed)           0.000     4.835    u_ibex_demo_system/u_top/u_ibex_core/ex_block_i/alu_i/adder_result_ext_o_carry__0_n_0
    SLICE_X41Y26         CARRY4 (Prop_carry4_CI_CO[3])
                                                      0.114     4.949 r  u_ibex_demo_system/u_top/u_ibex_core/ex_block_i/alu_i/adder_result_ext_o_carry__1/CO[3]
                         net (fo=1, routed)           0.000     4.949    u_ibex_demo_system/u_top/u_ibex_core/ex_block_i/alu_i/adder_result_ext_o_carry__1_n_0
    SLICE_X41Y27         CARRY4 (Prop_carry4_CI_CO[3])
                                                      0.114     5.063 r  u_ibex_demo_system/u_top/u_ibex_core/ex_block_i/alu_i/adder_result_ext_o_carry__2/CO[3]
                         net (fo=1, routed)           0.000     5.063    u_ibex_demo_system/u_top/u_ibex_core/ex_block_i/alu_i/adder_result_ext_o_carry__2_n_0
    SLICE_X41Y28         CARRY4 (Prop_carry4_CI_CO[3])
                                                      0.114     5.177 r  u_ibex_demo_system/u_top/u_ibex_core/ex_block_i/alu_i/adder_result_ext_o_carry__3/CO[3]
                         net (fo=1, routed)           0.000     5.177    u_ibex_demo_system/u_top/u_ibex_core/ex_block_i/alu_i/adder_result_ext_o_carry__3_n_0
    SLICE_X41Y29         CARRY4 (Prop_carry4_CI_CO[3])
                                                      0.114     5.291 r  u_ibex_demo_system/u_top/u_ibex_core/ex_block_i/alu_i/adder_result_ext_o_carry__4/CO[3]
                         net (fo=1, routed)           0.000     5.291    u_ibex_demo_system/u_top/u_ibex_core/ex_block_i/alu_i/adder_result_ext_o_carry__4_n_0
    SLICE_X41Y30         CARRY4 (Prop_carry4_CI_O[2])
                                                      0.256     5.547 f  u_ibex_demo_system/u_top/u_ibex_core/ex_block_i/alu_i/adder_result_ext_o_carry__5/O[2]
                         net (fo=17, routed)          1.085     6.633    u_ibex_demo_system/u_top/u_ibex_core/ex_block_i/alu_i/gen_intermediate_val_reg[0].imd_val_q_reg[0][26][2]
    SLICE_X42Y35         LUT4 (Prop_lut4_I2_O)        0.302     6.935 r  u_ibex_demo_system/u_top/u_ibex_core/ex_block_i/alu_i/FSM_sequential_md_state_q[2]_i_13/O
                         net (fo=1, routed)           0.446     7.381    u_ibex_demo_system/u_top/u_ibex_core/ex_block_i/alu_i/FSM_sequential_md_state_q[2]_i_13_n_0
    SLICE_X42Y32         LUT5 (Prop_lut5_I4_O)        0.124     7.505 r  u_ibex_demo_system/u_top/u_ibex_core/ex_block_i/alu_i/FSM_sequential_md_state_q[2]_i_11/O
                         net (fo=1, routed)           0.165     7.670    u_ibex_demo_system/u_top/u_ibex_core/ex_block_i/alu_i/FSM_sequential_md_state_q[2]_i_11_n_0
    SLICE_X42Y32         LUT6 (Prop_lut6_I5_O)        0.124     7.794 r  u_ibex_demo_system/u_top/u_ibex_core/ex_block_i/alu_i/FSM_sequential_md_state_q[2]_i_6/O
                         net (fo=1, routed)           0.786     8.579    u_ibex_demo_system/u_top/u_ibex_core/ex_block_i/alu_i/FSM_sequential_md_state_q[2]_i_6_n_0
    SLICE_X41Y23         LUT6 (Prop_lut6_I0_O)        0.124     8.703 r  u_ibex_demo_system/u_top/u_ibex_core/ex_block_i/alu_i/FSM_sequential_md_state_q[2]_i_5/O
                         net (fo=6, routed)           0.466     9.169    u_ibex_demo_system/u_top/u_ibex_core/if_stage_i/alu_is_equal_result
    SLICE_X40Y20         LUT4 (Prop_lut4_I3_O)        0.124     9.293 f  u_ibex_demo_system/u_top/u_ibex_core/if_stage_i/g_branch_set_flop.branch_set_raw_q_i_4/O
                         net (fo=3, routed)           0.303     9.597    u_ibex_demo_system/u_top/u_ibex_core/if_stage_i/branch_decision
    SLICE_X40Y20         LUT6 (Prop_lut6_I1_O)        0.124     9.721 f  u_ibex_demo_system/u_top/u_ibex_core/if_stage_i/id_fsm_q_i_4/O
                         net (fo=3, routed)           0.452    10.173    u_ibex_demo_system/u_top/u_ibex_core/if_stage_i/g_instr_rdata_nr.instr_rdata_id_o_reg[6]_0
    SLICE_X40Y19         LUT6 (Prop_lut6_I5_O)        0.124    10.297 f  u_ibex_demo_system/u_top/u_ibex_core/if_stage_i/rdata_q[31]_i_12/O
                         net (fo=2, routed)           0.462    10.759    u_ibex_demo_system/u_top/u_ibex_core/if_stage_i/id_fsm_q_reg_0
    SLICE_X42Y16         LUT6 (Prop_lut6_I3_O)        0.124    10.883 r  u_ibex_demo_system/u_top/u_ibex_core/if_stage_i/rdata_q[31]_i_5__1/O
                         net (fo=19, routed)          0.466    11.349    u_ibex_demo_system/u_top/u_ibex_core/if_stage_i/instr_valid_id_q_reg_5
    SLICE_X43Y14         LUT6 (Prop_lut6_I5_O)        0.124    11.473 f  u_ibex_demo_system/u_top/u_ibex_core/if_stage_i/counter_upd_i_38/O
                         net (fo=168, routed)         0.736    12.209    u_ibex_demo_system/u_top/u_ibex_core/if_stage_i/counter_upd_i_38_n_0
    SLICE_X37Y9          LUT4 (Prop_lut4_I0_O)        0.124    12.333 r  u_ibex_demo_system/u_top/u_ibex_core/if_stage_i/counter_upd_i_2__6/O
                         net (fo=2, routed)           1.304    13.637    u_ibex_demo_system/u_top/u_ibex_core/cs_registers_i/gen_cntrs[9].gen_imp.mcounters_variable_i/counter_upd_0[0]
    DSP48_X0Y2           DSP48E1 (Prop_dsp48e1_OPMODE[0]_P[8])
                                                      2.326    15.963 r  u_ibex_demo_system/u_top/u_ibex_core/cs_registers_i/gen_cntrs[9].gen_imp.mcounters_variable_i/counter_upd/P[8]
                         net (fo=1, routed)           0.822    16.784    u_ibex_demo_system/u_top/u_ibex_core/cs_registers_i/gen_cntrs[9].gen_imp.mcounters_variable_i/counter_upd_n_97
    SLICE_X12Y7          FDRE                                         r  u_ibex_demo_system/u_top/u_ibex_core/cs_registers_i/gen_cntrs[9].gen_imp.mcounters_variable_i/g_cnt_dsp.counter_q_reg[8]/D
  -------------------------------------------------------------------    -------------------

                         (clock clk_50_unbuf rise edge)
                                                     20.000    20.000 r  
    F14                                               0.000    20.000 r  IO_CLK (IN)
                         net (fo=0)                   0.000    20.000    clkgen/IO_CLK
    F14                  IBUF (Prop_ibuf_I_O)         1.388    21.388 r  clkgen/io_clk_ibuf/O
                         net (fo=1, routed)           1.181    22.569    clkgen/io_clk_buf
    PLLE2_ADV_X0Y1       PLLE2_ADV (Prop_plle2_adv_CLKIN1_CLKOUT0)
                                                     -7.740    14.829 r  clkgen/pll/CLKOUT0
                         net (fo=1, routed)           1.582    16.411    clkgen/clk_50_unbuf
    BUFGCTRL_X0Y16       BUFG (Prop_bufg_I_O)         0.091    16.502 r  clkgen/clk_50_bufg/O
                         net (fo=3640, routed)        0.133    16.635    u_ibex_demo_system/u_top/core_clock_gate_i/gen_xilinx.u_impl_xilinx/clk_sys
    BUFGCTRL_X0Y17       BUFGCTRL (Prop_bufgctrl_I0_O)
                                                      0.091    16.726 r  u_ibex_demo_system/u_top/core_clock_gate_i/gen_xilinx.u_impl_xilinx/gen_gate.gen_bufgce.u_bufgce/O
                         net (fo=1456, routed)        1.452    18.179    u_ibex_demo_system/u_top/u_ibex_core/cs_registers_i/gen_cntrs[9].gen_imp.mcounters_variable_i/CLK
    SLICE_X12Y7          FDRE                                         r  u_ibex_demo_system/u_top/u_ibex_core/cs_registers_i/gen_cntrs[9].gen_imp.mcounters_variable_i/g_cnt_dsp.counter_q_reg[8]/C
                         clock pessimism             -0.487    17.692    
                         clock uncertainty           -0.074    17.618    
    SLICE_X12Y7          FDRE (Setup_fdre_C_D)       -0.028    17.590    u_ibex_demo_system/u_top/u_ibex_core/cs_registers_i/gen_cntrs[9].gen_imp.mcounters_variable_i/g_cnt_dsp.counter_q_reg[8]
  -------------------------------------------------------------------
                         required time                         17.590    
                         arrival time                         -16.784    
  -------------------------------------------------------------------
                         slack                                  0.806    

Slack (MET) :             0.824ns  (required time - arrival time)
  Source:                 u_ibex_demo_system/u_top/u_ibex_core/if_stage_i/g_instr_rdata_nr.instr_rdata_id_o_reg[4]/C
                            (rising edge-triggered cell FDRE clocked by clk_50_unbuf  {rise@0.000ns fall@10.000ns period=20.000ns})
  Destination:            u_ibex_demo_system/u_top/u_ibex_core/cs_registers_i/gen_cntrs[2].gen_imp.mcounters_variable_i/g_cnt_dsp.counter_q_reg[15]/D
                            (rising edge-triggered cell FDRE clocked by clk_50_unbuf  {rise@0.000ns fall@10.000ns period=20.000ns})
  Path Group:             clk_50_unbuf
  Path Type:              Setup (Max at Slow Process Corner)
  Requirement:            20.000ns  (clk_50_unbuf rise@20.000ns - clk_50_unbuf rise@0.000ns)
  Data Path Delay:        18.995ns  (logic 6.528ns (34.367%)  route 12.467ns (65.633%))
  Logic Levels:           25  (CARRY4=7 DSP48E1=1 LUT2=1 LUT4=3 LUT5=3 LUT6=10)
  Clock Path Skew:        -0.015ns (DCD - SCD + CPR)
    Destination Clock Delay (DCD):    -1.818ns = ( 18.182 - 20.000 ) 
    Source Clock Delay      (SCD):    -2.218ns
    Clock Pessimism Removal (CPR):    -0.415ns
  Clock Uncertainty:      0.074ns  ((TSJ^2 + DJ^2)^1/2) / 2 + PE
    Total System Jitter     (TSJ):    0.071ns
    Discrete Jitter          (DJ):    0.130ns
    Phase Error              (PE):    0.000ns

    Location             Delay type                Incr(ns)  Path(ns)    Netlist Resource(s)
  -------------------------------------------------------------------    -------------------
                         (clock clk_50_unbuf rise edge)
                                                      0.000     0.000 r  
    F14                                               0.000     0.000 r  IO_CLK (IN)
                         net (fo=0)                   0.000     0.000    clkgen/IO_CLK
    F14                  IBUF (Prop_ibuf_I_O)         1.458     1.458 r  clkgen/io_clk_ibuf/O
                         net (fo=1, routed)           1.253     2.712    clkgen/io_clk_buf
    PLLE2_ADV_X0Y1       PLLE2_ADV (Prop_plle2_adv_CLKIN1_CLKOUT0)
                                                     -8.471    -5.760 r  clkgen/pll/CLKOUT0
                         net (fo=1, routed)           1.660    -4.099    clkgen/clk_50_unbuf
    BUFGCTRL_X0Y16       BUFG (Prop_bufg_I_O)         0.096    -4.003 r  clkgen/clk_50_bufg/O
                         net (fo=3640, routed)        0.140    -3.863    u_ibex_demo_system/u_top/core_clock_gate_i/gen_xilinx.u_impl_xilinx/clk_sys
    BUFGCTRL_X0Y17       BUFGCTRL (Prop_bufgctrl_I0_O)
                                                      0.096    -3.767 r  u_ibex_demo_system/u_top/core_clock_gate_i/gen_xilinx.u_impl_xilinx/gen_gate.gen_bufgce.u_bufgce/O
                         net (fo=1456, routed)        1.549    -2.218    u_ibex_demo_system/u_top/u_ibex_core/if_stage_i/CLK
    SLICE_X36Y26         FDRE                                         r  u_ibex_demo_system/u_top/u_ibex_core/if_stage_i/g_instr_rdata_nr.instr_rdata_id_o_reg[4]/C
  -------------------------------------------------------------------    -------------------
    SLICE_X36Y26         FDRE (Prop_fdre_C_Q)         0.456    -1.762 f  u_ibex_demo_system/u_top/u_ibex_core/if_stage_i/g_instr_rdata_nr.instr_rdata_id_o_reg[4]/Q
                         net (fo=41, routed)          0.897    -0.865    u_ibex_demo_system/u_top/u_ibex_core/if_stage_i/Q[4]
    SLICE_X37Y25         LUT2 (Prop_lut2_I0_O)        0.154    -0.711 f  u_ibex_demo_system/u_top/u_ibex_core/if_stage_i/adder_result_ext_o_carry_i_76/O
                         net (fo=2, routed)           0.982     0.271    u_ibex_demo_system/u_top/u_ibex_core/if_stage_i/adder_result_ext_o_carry_i_76_n_0
    SLICE_X40Y26         LUT6 (Prop_lut6_I3_O)        0.327     0.598 f  u_ibex_demo_system/u_top/u_ibex_core/if_stage_i/adder_result_ext_o_carry_i_47/O
                         net (fo=2, routed)           0.685     1.283    u_ibex_demo_system/u_top/u_ibex_core/if_stage_i/adder_result_ext_o_carry_i_47_n_0
    SLICE_X40Y26         LUT6 (Prop_lut6_I1_O)        0.124     1.407 r  u_ibex_demo_system/u_top/u_ibex_core/if_stage_i/adder_result_ext_o_carry__0_i_21/O
                         net (fo=31, routed)          0.691     2.098    u_ibex_demo_system/u_top/u_ibex_core/load_store_unit_i/adder_result_ext_o_carry__0_i_11_0
    SLICE_X44Y24         LUT4 (Prop_lut4_I3_O)        0.124     2.222 r  u_ibex_demo_system/u_top/u_ibex_core/load_store_unit_i/adder_result_ext_o_carry_i_21/O
                         net (fo=1, routed)           0.582     2.804    u_ibex_demo_system/u_top/u_ibex_core/if_stage_i/rdata_q_reg[2]
    SLICE_X43Y24         LUT5 (Prop_lut5_I4_O)        0.124     2.928 r  u_ibex_demo_system/u_top/u_ibex_core/if_stage_i/adder_result_ext_o_carry_i_9/O
                         net (fo=7, routed)           0.649     3.577    u_ibex_demo_system/u_top/u_ibex_core/ex_block_i/gen_multdiv_fast.multdiv_i/alu_operand_a_ex[2]
    SLICE_X43Y24         LUT6 (Prop_lut6_I0_O)        0.124     3.701 r  u_ibex_demo_system/u_top/u_ibex_core/ex_block_i/gen_multdiv_fast.multdiv_i/adder_result_ext_o_carry_i_1/O
                         net (fo=2, routed)           0.486     4.187    u_ibex_demo_system/u_top/u_ibex_core/if_stage_i/adder_in_a[2]
    SLICE_X41Y24         LUT5 (Prop_lut5_I0_O)        0.124     4.311 r  u_ibex_demo_system/u_top/u_ibex_core/if_stage_i/adder_result_ext_o_carry_i_5/O
                         net (fo=1, routed)           0.000     4.311    u_ibex_demo_system/u_top/u_ibex_core/ex_block_i/alu_i/S[3]
    SLICE_X41Y24         CARRY4 (Prop_carry4_S[3]_CO[3])
                                                      0.401     4.712 r  u_ibex_demo_system/u_top/u_ibex_core/ex_block_i/alu_i/adder_result_ext_o_carry/CO[3]
                         net (fo=1, routed)           0.009     4.721    u_ibex_demo_system/u_top/u_ibex_core/ex_block_i/alu_i/adder_result_ext_o_carry_n_0
    SLICE_X41Y25         CARRY4 (Prop_carry4_CI_CO[3])
                                                      0.114     4.835 r  u_ibex_demo_system/u_top/u_ibex_core/ex_block_i/alu_i/adder_result_ext_o_carry__0/CO[3]
                         net (fo=1, routed)           0.000     4.835    u_ibex_demo_system/u_top/u_ibex_core/ex_block_i/alu_i/adder_result_ext_o_carry__0_n_0
    SLICE_X41Y26         CARRY4 (Prop_carry4_CI_CO[3])
                                                      0.114     4.949 r  u_ibex_demo_system/u_top/u_ibex_core/ex_block_i/alu_i/adder_result_ext_o_carry__1/CO[3]
                         net (fo=1, routed)           0.000     4.949    u_ibex_demo_system/u_top/u_ibex_core/ex_block_i/alu_i/adder_result_ext_o_carry__1_n_0
    SLICE_X41Y27         CARRY4 (Prop_carry4_CI_CO[3])
                                                      0.114     5.063 r  u_ibex_demo_system/u_top/u_ibex_core/ex_block_i/alu_i/adder_result_ext_o_carry__2/CO[3]
                         net (fo=1, routed)           0.000     5.063    u_ibex_demo_system/u_top/u_ibex_core/ex_block_i/alu_i/adder_result_ext_o_carry__2_n_0
    SLICE_X41Y28         CARRY4 (Prop_carry4_CI_CO[3])
                                                      0.114     5.177 r  u_ibex_demo_system/u_top/u_ibex_core/ex_block_i/alu_i/adder_result_ext_o_carry__3/CO[3]
                         net (fo=1, routed)           0.000     5.177    u_ibex_demo_system/u_top/u_ibex_core/ex_block_i/alu_i/adder_result_ext_o_carry__3_n_0
    SLICE_X41Y29         CARRY4 (Prop_carry4_CI_CO[3])
                                                      0.114     5.291 r  u_ibex_demo_system/u_top/u_ibex_core/ex_block_i/alu_i/adder_result_ext_o_carry__4/CO[3]
                         net (fo=1, routed)           0.000     5.291    u_ibex_demo_system/u_top/u_ibex_core/ex_block_i/alu_i/adder_result_ext_o_carry__4_n_0
    SLICE_X41Y30         CARRY4 (Prop_carry4_CI_O[2])
                                                      0.256     5.547 f  u_ibex_demo_system/u_top/u_ibex_core/ex_block_i/alu_i/adder_result_ext_o_carry__5/O[2]
                         net (fo=17, routed)          1.085     6.633    u_ibex_demo_system/u_top/u_ibex_core/ex_block_i/alu_i/gen_intermediate_val_reg[0].imd_val_q_reg[0][26][2]
    SLICE_X42Y35         LUT4 (Prop_lut4_I2_O)        0.302     6.935 r  u_ibex_demo_system/u_top/u_ibex_core/ex_block_i/alu_i/FSM_sequential_md_state_q[2]_i_13/O
                         net (fo=1, routed)           0.446     7.381    u_ibex_demo_system/u_top/u_ibex_core/ex_block_i/alu_i/FSM_sequential_md_state_q[2]_i_13_n_0
    SLICE_X42Y32         LUT5 (Prop_lut5_I4_O)        0.124     7.505 r  u_ibex_demo_system/u_top/u_ibex_core/ex_block_i/alu_i/FSM_sequential_md_state_q[2]_i_11/O
                         net (fo=1, routed)           0.165     7.670    u_ibex_demo_system/u_top/u_ibex_core/ex_block_i/alu_i/FSM_sequential_md_state_q[2]_i_11_n_0
    SLICE_X42Y32         LUT6 (Prop_lut6_I5_O)        0.124     7.794 r  u_ibex_demo_system/u_top/u_ibex_core/ex_block_i/alu_i/FSM_sequential_md_state_q[2]_i_6/O
                         net (fo=1, routed)           0.786     8.579    u_ibex_demo_system/u_top/u_ibex_core/ex_block_i/alu_i/FSM_sequential_md_state_q[2]_i_6_n_0
    SLICE_X41Y23         LUT6 (Prop_lut6_I0_O)        0.124     8.703 r  u_ibex_demo_system/u_top/u_ibex_core/ex_block_i/alu_i/FSM_sequential_md_state_q[2]_i_5/O
                         net (fo=6, routed)           0.466     9.169    u_ibex_demo_system/u_top/u_ibex_core/if_stage_i/alu_is_equal_result
    SLICE_X40Y20         LUT4 (Prop_lut4_I3_O)        0.124     9.293 r  u_ibex_demo_system/u_top/u_ibex_core/if_stage_i/g_branch_set_flop.branch_set_raw_q_i_4/O
                         net (fo=3, routed)           0.303     9.597    u_ibex_demo_system/u_top/u_ibex_core/if_stage_i/branch_decision
    SLICE_X40Y20         LUT6 (Prop_lut6_I1_O)        0.124     9.721 r  u_ibex_demo_system/u_top/u_ibex_core/if_stage_i/id_fsm_q_i_4/O
                         net (fo=3, routed)           0.452    10.173    u_ibex_demo_system/u_top/u_ibex_core/if_stage_i/g_instr_rdata_nr.instr_rdata_id_o_reg[6]_0
    SLICE_X40Y19         LUT6 (Prop_lut6_I5_O)        0.124    10.297 r  u_ibex_demo_system/u_top/u_ibex_core/if_stage_i/rdata_q[31]_i_12/O
                         net (fo=2, routed)           0.462    10.759    u_ibex_demo_system/u_top/u_ibex_core/if_stage_i/id_fsm_q_reg_0
    SLICE_X42Y16         LUT6 (Prop_lut6_I3_O)        0.124    10.883 f  u_ibex_demo_system/u_top/u_ibex_core/if_stage_i/rdata_q[31]_i_5__1/O
                         net (fo=19, routed)          0.466    11.349    u_ibex_demo_system/u_top/u_ibex_core/if_stage_i/instr_valid_id_q_reg_5
    SLICE_X43Y14         LUT6 (Prop_lut6_I5_O)        0.124    11.473 r  u_ibex_demo_system/u_top/u_ibex_core/if_stage_i/counter_upd_i_38/O
                         net (fo=168, routed)         1.370    12.843    u_ibex_demo_system/u_top/u_ibex_core/if_stage_i/counter_upd_i_38_n_0
    SLICE_X55Y6          LUT6 (Prop_lut6_I5_O)        0.124    12.967 r  u_ibex_demo_system/u_top/u_ibex_core/if_stage_i/counter_upd_i_1__1/O
                         net (fo=3, routed)           0.695    13.662    u_ibex_demo_system/u_top/u_ibex_core/cs_registers_i/gen_cntrs[2].gen_imp.mcounters_variable_i/counter_upd_0[1]
    DSP48_X1Y1           DSP48E1 (Prop_dsp48e1_OPMODE[5]_P[15])
                                                      2.326    15.988 r  u_ibex_demo_system/u_top/u_ibex_core/cs_registers_i/gen_cntrs[2].gen_imp.mcounters_variable_i/counter_upd/P[15]
                         net (fo=1, routed)           0.789    16.777    u_ibex_demo_system/u_top/u_ibex_core/cs_registers_i/gen_cntrs[2].gen_imp.mcounters_variable_i/counter_upd_n_90
    SLICE_X55Y4          FDRE                                         r  u_ibex_demo_system/u_top/u_ibex_core/cs_registers_i/gen_cntrs[2].gen_imp.mcounters_variable_i/g_cnt_dsp.counter_q_reg[15]/D
  -------------------------------------------------------------------    -------------------

                         (clock clk_50_unbuf rise edge)
                                                     20.000    20.000 r  
    F14                                               0.000    20.000 r  IO_CLK (IN)
                         net (fo=0)                   0.000    20.000    clkgen/IO_CLK
    F14                  IBUF (Prop_ibuf_I_O)         1.388    21.388 r  clkgen/io_clk_ibuf/O
                         net (fo=1, routed)           1.181    22.569    clkgen/io_clk_buf
    PLLE2_ADV_X0Y1       PLLE2_ADV (Prop_plle2_adv_CLKIN1_CLKOUT0)
                                                     -7.740    14.829 r  clkgen/pll/CLKOUT0
                         net (fo=1, routed)           1.582    16.411    clkgen/clk_50_unbuf
    BUFGCTRL_X0Y16       BUFG (Prop_bufg_I_O)         0.091    16.502 r  clkgen/clk_50_bufg/O
                         net (fo=3640, routed)        0.133    16.635    u_ibex_demo_system/u_top/core_clock_gate_i/gen_xilinx.u_impl_xilinx/clk_sys
    BUFGCTRL_X0Y17       BUFGCTRL (Prop_bufgctrl_I0_O)
                                                      0.091    16.726 r  u_ibex_demo_system/u_top/core_clock_gate_i/gen_xilinx.u_impl_xilinx/gen_gate.gen_bufgce.u_bufgce/O
                         net (fo=1456, routed)        1.455    18.182    u_ibex_demo_system/u_top/u_ibex_core/cs_registers_i/gen_cntrs[2].gen_imp.mcounters_variable_i/CLK
    SLICE_X55Y4          FDRE                                         r  u_ibex_demo_system/u_top/u_ibex_core/cs_registers_i/gen_cntrs[2].gen_imp.mcounters_variable_i/g_cnt_dsp.counter_q_reg[15]/C
                         clock pessimism             -0.415    17.767    
                         clock uncertainty           -0.074    17.693    
    SLICE_X55Y4          FDRE (Setup_fdre_C_D)       -0.092    17.601    u_ibex_demo_system/u_top/u_ibex_core/cs_registers_i/gen_cntrs[2].gen_imp.mcounters_variable_i/g_cnt_dsp.counter_q_reg[15]
  -------------------------------------------------------------------
                         required time                         17.601    
                         arrival time                         -16.777    
  -------------------------------------------------------------------
                         slack                                  0.824    





Min Delay Paths
--------------------------------------------------------------------------------------
Slack (MET) :             0.058ns  (arrival time - required time)
  Source:                 g_fifo_regs[2].g_rdata_nr.rdata_q_reg[2][8]_i_3/C
                            (rising edge-triggered cell FDRE clocked by clk_50_unbuf  {rise@0.000ns fall@10.000ns period=20.000ns})
  Destination:            u_ibex_demo_system/u_top/u_ibex_core/if_stage_i/gen_prefetch_buffer.prefetch_buffer_i/fifo_i/g_fifo_regs[2].g_rdata_nr.rdata_q_reg[2][8]/D
                            (rising edge-triggered cell FDRE clocked by clk_50_unbuf  {rise@0.000ns fall@10.000ns period=20.000ns})
  Path Group:             clk_50_unbuf
  Path Type:              Hold (Min at Fast Process Corner)
  Requirement:            0.000ns  (clk_50_unbuf rise@0.000ns - clk_50_unbuf rise@0.000ns)
  Data Path Delay:        0.452ns  (logic 0.186ns (41.127%)  route 0.266ns (58.873%))
  Logic Levels:           1  (LUT5=1)
  Clock Path Skew:        0.331ns (DCD - SCD - CPR)
    Destination Clock Delay (DCD):    -0.273ns
    Source Clock Delay      (SCD):    -0.565ns
    Clock Pessimism Removal (CPR):    -0.038ns

    Location             Delay type                Incr(ns)  Path(ns)    Netlist Resource(s)
  -------------------------------------------------------------------    -------------------
                         (clock clk_50_unbuf rise edge)
                                                      0.000     0.000 r  
    F14                                               0.000     0.000 r  IO_CLK (IN)
                         net (fo=0)                   0.000     0.000    clkgen/IO_CLK
    F14                  IBUF (Prop_ibuf_I_O)         0.226     0.226 r  clkgen/io_clk_ibuf/O
                         net (fo=1, routed)           0.440     0.667    clkgen/io_clk_buf
    PLLE2_ADV_X0Y1       PLLE2_ADV (Prop_plle2_adv_CLKIN1_CLKOUT0)
                                                     -2.322    -1.655 r  clkgen/pll/CLKOUT0
                         net (fo=1, routed)           0.504    -1.151    clkgen/clk_50_unbuf
    BUFGCTRL_X0Y16       BUFG (Prop_bufg_I_O)         0.026    -1.125 r  clkgen/clk_50_bufg/O
                         net (fo=3640, routed)        0.560    -0.565    clk_sys
    SLICE_X29Y33         FDRE                                         r  g_fifo_regs[2].g_rdata_nr.rdata_q_reg[2][8]_i_3/C
  -------------------------------------------------------------------    -------------------
    SLICE_X29Y33         FDRE (Prop_fdre_C_Q)         0.141    -0.424 r  g_fifo_regs[2].g_rdata_nr.rdata_q_reg[2][8]_i_3/Q
                         net (fo=1, routed)           0.141    -0.284    u_ibex_demo_system/g_fifo_regs[2].g_rdata_nr.rdata_q_reg[2][8]
    SLICE_X30Y33         LUT5 (Prop_lut5_I3_O)        0.045    -0.239 r  u_ibex_demo_system/g_fifo_regs[2].g_rdata_nr.rdata_q[2][8]_i_1/O
                         net (fo=5, routed)           0.125    -0.113    u_ibex_demo_system/u_top/u_ibex_core/if_stage_i/gen_prefetch_buffer.prefetch_buffer_i/fifo_i/core_instr_rdata[8]
    SLICE_X30Y35         FDRE                                         r  u_ibex_demo_system/u_top/u_ibex_core/if_stage_i/gen_prefetch_buffer.prefetch_buffer_i/fifo_i/g_fifo_regs[2].g_rdata_nr.rdata_q_reg[2][8]/D
  -------------------------------------------------------------------    -------------------

                         (clock clk_50_unbuf rise edge)
                                                      0.000     0.000 r  
    F14                                               0.000     0.000 r  IO_CLK (IN)
                         net (fo=0)                   0.000     0.000    clkgen/IO_CLK
    F14                  IBUF (Prop_ibuf_I_O)         0.414     0.414 r  clkgen/io_clk_ibuf/O
                         net (fo=1, routed)           0.481     0.895    clkgen/io_clk_buf
    PLLE2_ADV_X0Y1       PLLE2_ADV (Prop_plle2_adv_CLKIN1_CLKOUT0)
                                                     -2.637    -1.742 r  clkgen/pll/CLKOUT0
                         net (fo=1, routed)           0.550    -1.192    clkgen/clk_50_unbuf
    BUFGCTRL_X0Y16       BUFG (Prop_bufg_I_O)         0.029    -1.163 r  clkgen/clk_50_bufg/O
                         net (fo=3640, routed)        0.033    -1.130    u_ibex_demo_system/u_top/core_clock_gate_i/gen_xilinx.u_impl_xilinx/clk_sys
    BUFGCTRL_X0Y17       BUFGCTRL (Prop_bufgctrl_I0_O)
                                                      0.029    -1.101 r  u_ibex_demo_system/u_top/core_clock_gate_i/gen_xilinx.u_impl_xilinx/gen_gate.gen_bufgce.u_bufgce/O
                         net (fo=1456, routed)        0.829    -0.273    u_ibex_demo_system/u_top/u_ibex_core/if_stage_i/gen_prefetch_buffer.prefetch_buffer_i/fifo_i/CLK
    SLICE_X30Y35         FDRE                                         r  u_ibex_demo_system/u_top/u_ibex_core/if_stage_i/gen_prefetch_buffer.prefetch_buffer_i/fifo_i/g_fifo_regs[2].g_rdata_nr.rdata_q_reg[2][8]/C
                         clock pessimism              0.038    -0.234    
    SLICE_X30Y35         FDRE (Hold_fdre_C_D)         0.063    -0.171    u_ibex_demo_system/u_top/u_ibex_core/if_stage_i/gen_prefetch_buffer.prefetch_buffer_i/fifo_i/g_fifo_regs[2].g_rdata_nr.rdata_q_reg[2][8]
  -------------------------------------------------------------------
                         required time                          0.171    
                         arrival time                          -0.113    
  -------------------------------------------------------------------
                         slack                                  0.058    

Slack (MET) :             0.075ns  (arrival time - required time)
  Source:                 u_ibex_demo_system/u_uart/u_rx_fifo/gen_normal_fifo.u_fifo_cnt/gen_normal_ptrs.rptr_wrap_cnt_q_reg[1]_rep__0/C
                            (rising edge-triggered cell FDCE clocked by clk_50_unbuf  {rise@0.000ns fall@10.000ns period=20.000ns})
  Destination:            u_ibex_demo_system/u_uart/u_rx_fifo/gen_normal_fifo.u_fifo_cnt/gen_normal_ptrs.rptr_wrap_cnt_q_reg[2]/D
                            (rising edge-triggered cell FDCE clocked by clk_50_unbuf  {rise@0.000ns fall@10.000ns period=20.000ns})
  Path Group:             clk_50_unbuf
  Path Type:              Hold (Min at Fast Process Corner)
  Requirement:            0.000ns  (clk_50_unbuf rise@0.000ns - clk_50_unbuf rise@0.000ns)
  Data Path Delay:        0.430ns  (logic 0.186ns (43.280%)  route 0.244ns (56.720%))
  Logic Levels:           1  (LUT3=1)
  Clock Path Skew:        0.263ns (DCD - SCD - CPR)
    Destination Clock Delay (DCD):    -0.338ns
    Source Clock Delay      (SCD):    -0.567ns
    Clock Pessimism Removal (CPR):    -0.033ns

    Location             Delay type                Incr(ns)  Path(ns)    Netlist Resource(s)
  -------------------------------------------------------------------    -------------------
                         (clock clk_50_unbuf rise edge)
                                                      0.000     0.000 r  
    F14                                               0.000     0.000 r  IO_CLK (IN)
                         net (fo=0)                   0.000     0.000    clkgen/IO_CLK
    F14                  IBUF (Prop_ibuf_I_O)         0.226     0.226 r  clkgen/io_clk_ibuf/O
                         net (fo=1, routed)           0.440     0.667    clkgen/io_clk_buf
    PLLE2_ADV_X0Y1       PLLE2_ADV (Prop_plle2_adv_CLKIN1_CLKOUT0)
                                                     -2.322    -1.655 r  clkgen/pll/CLKOUT0
                         net (fo=1, routed)           0.504    -1.151    clkgen/clk_50_unbuf
    BUFGCTRL_X0Y16       BUFG (Prop_bufg_I_O)         0.026    -1.125 r  clkgen/clk_50_bufg/O
                         net (fo=3640, routed)        0.558    -0.567    u_ibex_demo_system/u_uart/u_rx_fifo/gen_normal_fifo.u_fifo_cnt/clk_sys
    SLICE_X35Y17         FDCE                                         r  u_ibex_demo_system/u_uart/u_rx_fifo/gen_normal_fifo.u_fifo_cnt/gen_normal_ptrs.rptr_wrap_cnt_q_reg[1]_rep__0/C
  -------------------------------------------------------------------    -------------------
    SLICE_X35Y17         FDCE (Prop_fdce_C_Q)         0.141    -0.426 r  u_ibex_demo_system/u_uart/u_rx_fifo/gen_normal_fifo.u_fifo_cnt/gen_normal_ptrs.rptr_wrap_cnt_q_reg[1]_rep__0/Q
                         net (fo=7, routed)           0.244    -0.183    u_ibex_demo_system/u_uart/u_rx_fifo/gen_normal_fifo.u_fifo_cnt/gen_normal_ptrs.rptr_wrap_cnt_q_reg[1]_rep__0_n_0
    SLICE_X37Y17         LUT3 (Prop_lut3_I2_O)        0.045    -0.138 r  u_ibex_demo_system/u_uart/u_rx_fifo/gen_normal_fifo.u_fifo_cnt/gen_normal_ptrs.rptr_wrap_cnt_q[2]_i_1/O
                         net (fo=1, routed)           0.000    -0.138    u_ibex_demo_system/u_uart/u_rx_fifo/gen_normal_fifo.u_fifo_cnt/gen_normal_ptrs.rptr_wrap_cnt_q[2]_i_1_n_0
    SLICE_X37Y17         FDCE                                         r  u_ibex_demo_system/u_uart/u_rx_fifo/gen_normal_fifo.u_fifo_cnt/gen_normal_ptrs.rptr_wrap_cnt_q_reg[2]/D
  -------------------------------------------------------------------    -------------------

                         (clock clk_50_unbuf rise edge)
                                                      0.000     0.000 r  
    F14                                               0.000     0.000 r  IO_CLK (IN)
                         net (fo=0)                   0.000     0.000    clkgen/IO_CLK
    F14                  IBUF (Prop_ibuf_I_O)         0.414     0.414 r  clkgen/io_clk_ibuf/O
                         net (fo=1, routed)           0.481     0.895    clkgen/io_clk_buf
    PLLE2_ADV_X0Y1       PLLE2_ADV (Prop_plle2_adv_CLKIN1_CLKOUT0)
                                                     -2.637    -1.742 r  clkgen/pll/CLKOUT0
                         net (fo=1, routed)           0.550    -1.192    clkgen/clk_50_unbuf
    BUFGCTRL_X0Y16       BUFG (Prop_bufg_I_O)         0.029    -1.163 r  clkgen/clk_50_bufg/O
                         net (fo=3640, routed)        0.826    -0.338    u_ibex_demo_system/u_uart/u_rx_fifo/gen_normal_fifo.u_fifo_cnt/clk_sys
    SLICE_X37Y17         FDCE                                         r  u_ibex_demo_system/u_uart/u_rx_fifo/gen_normal_fifo.u_fifo_cnt/gen_normal_ptrs.rptr_wrap_cnt_q_reg[2]/C
                         clock pessimism              0.033    -0.304    
    SLICE_X37Y17         FDCE (Hold_fdce_C_D)         0.092    -0.212    u_ibex_demo_system/u_uart/u_rx_fifo/gen_normal_fifo.u_fifo_cnt/gen_normal_ptrs.rptr_wrap_cnt_q_reg[2]
  -------------------------------------------------------------------
                         required time                          0.212    
                         arrival time                          -0.138    
  -------------------------------------------------------------------
                         slack                                  0.075    

Slack (MET) :             0.113ns  (arrival time - required time)
  Source:                 u_ibex_demo_system/u_top/u_ibex_core/if_stage_i/gen_prefetch_buffer.prefetch_buffer_i/g_stored_addr_nr.stored_addr_q_reg[8]/C
                            (rising edge-triggered cell FDRE clocked by clk_50_unbuf  {rise@0.000ns fall@10.000ns period=20.000ns})
  Destination:            u_ibex_demo_system/u_ram/u_ram/gen_generic.u_impl_generic/mem_reg_2_0_3/ADDRARDADDR[6]
                            (rising edge-triggered cell RAMB36E1 clocked by clk_50_unbuf  {rise@0.000ns fall@10.000ns period=20.000ns})
  Path Group:             clk_50_unbuf
  Path Type:              Hold (Min at Fast Process Corner)
  Requirement:            0.000ns  (clk_50_unbuf rise@0.000ns - clk_50_unbuf rise@0.000ns)
  Data Path Delay:        0.552ns  (logic 0.186ns (33.697%)  route 0.366ns (66.303%))
  Logic Levels:           1  (LUT6=1)
  Clock Path Skew:        0.255ns (DCD - SCD - CPR)
    Destination Clock Delay (DCD):    -0.290ns
    Source Clock Delay      (SCD):    -0.507ns
    Clock Pessimism Removal (CPR):    -0.038ns

    Location             Delay type                Incr(ns)  Path(ns)    Netlist Resource(s)
  -------------------------------------------------------------------    -------------------
                         (clock clk_50_unbuf rise edge)
                                                      0.000     0.000 r  
    F14                                               0.000     0.000 r  IO_CLK (IN)
                         net (fo=0)                   0.000     0.000    clkgen/IO_CLK
    F14                  IBUF (Prop_ibuf_I_O)         0.226     0.226 r  clkgen/io_clk_ibuf/O
                         net (fo=1, routed)           0.440     0.667    clkgen/io_clk_buf
    PLLE2_ADV_X0Y1       PLLE2_ADV (Prop_plle2_adv_CLKIN1_CLKOUT0)
                                                     -2.322    -1.655 r  clkgen/pll/CLKOUT0
                         net (fo=1, routed)           0.504    -1.151    clkgen/clk_50_unbuf
    BUFGCTRL_X0Y16       BUFG (Prop_bufg_I_O)         0.026    -1.125 r  clkgen/clk_50_bufg/O
                         net (fo=3640, routed)        0.030    -1.095    u_ibex_demo_system/u_top/core_clock_gate_i/gen_xilinx.u_impl_xilinx/clk_sys
    BUFGCTRL_X0Y17       BUFGCTRL (Prop_bufgctrl_I0_O)
                                                      0.026    -1.069 r  u_ibex_demo_system/u_top/core_clock_gate_i/gen_xilinx.u_impl_xilinx/gen_gate.gen_bufgce.u_bufgce/O
                         net (fo=1456, routed)        0.562    -0.507    u_ibex_demo_system/u_top/u_ibex_core/if_stage_i/gen_prefetch_buffer.prefetch_buffer_i/CLK
    SLICE_X48Y32         FDRE                                         r  u_ibex_demo_system/u_top/u_ibex_core/if_stage_i/gen_prefetch_buffer.prefetch_buffer_i/g_stored_addr_nr.stored_addr_q_reg[8]/C
  -------------------------------------------------------------------    -------------------
    SLICE_X48Y32         FDRE (Prop_fdre_C_Q)         0.141    -0.366 r  u_ibex_demo_system/u_top/u_ibex_core/if_stage_i/gen_prefetch_buffer.prefetch_buffer_i/g_stored_addr_nr.stored_addr_q_reg[8]/Q
                         net (fo=2, routed)           0.185    -0.182    u_ibex_demo_system/u_top/u_ibex_core/if_stage_i/gen_prefetch_buffer.prefetch_buffer_i/stored_addr_q[8]
    SLICE_X48Y32         LUT6 (Prop_lut6_I1_O)        0.045    -0.137 r  u_ibex_demo_system/u_top/u_ibex_core/if_stage_i/gen_prefetch_buffer.prefetch_buffer_i/mem_reg_0_0_0_i_9/O
                         net (fo=16, routed)          0.181     0.045    u_ibex_demo_system/u_ram/u_ram/gen_generic.u_impl_generic/mem_reg_1_0_2_2[5]
    RAMB36_X1Y6          RAMB36E1                                     r  u_ibex_demo_system/u_ram/u_ram/gen_generic.u_impl_generic/mem_reg_2_0_3/ADDRARDADDR[6]
  -------------------------------------------------------------------    -------------------

                         (clock clk_50_unbuf rise edge)
                                                      0.000     0.000 r  
    F14                                               0.000     0.000 r  IO_CLK (IN)
                         net (fo=0)                   0.000     0.000    clkgen/IO_CLK
    F14                  IBUF (Prop_ibuf_I_O)         0.414     0.414 r  clkgen/io_clk_ibuf/O
                         net (fo=1, routed)           0.481     0.895    clkgen/io_clk_buf
    PLLE2_ADV_X0Y1       PLLE2_ADV (Prop_plle2_adv_CLKIN1_CLKOUT0)
                                                     -2.637    -1.742 r  clkgen/pll/CLKOUT0
                         net (fo=1, routed)           0.550    -1.192    clkgen/clk_50_unbuf
    BUFGCTRL_X0Y16       BUFG (Prop_bufg_I_O)         0.029    -1.163 r  clkgen/clk_50_bufg/O
                         net (fo=3640, routed)        0.873    -0.290    u_ibex_demo_system/u_ram/u_ram/gen_generic.u_impl_generic/clk_sys
    RAMB36_X1Y6          RAMB36E1                                     r  u_ibex_demo_system/u_ram/u_ram/gen_generic.u_impl_generic/mem_reg_2_0_3/CLKARDCLK
                         clock pessimism              0.038    -0.252    
    RAMB36_X1Y6          RAMB36E1 (Hold_ramb36e1_CLKARDCLK_ADDRARDADDR[6])
                                                      0.183    -0.069    u_ibex_demo_system/u_ram/u_ram/gen_generic.u_impl_generic/mem_reg_2_0_3
  -------------------------------------------------------------------
                         required time                          0.069    
                         arrival time                           0.045    
  -------------------------------------------------------------------
                         slack                                  0.113    

Slack (MET) :             0.126ns  (arrival time - required time)
  Source:                 u_ibex_demo_system/u_uart/rx_current_byte_q_reg[4]/C
                            (rising edge-triggered cell FDCE clocked by clk_50_unbuf  {rise@0.000ns fall@10.000ns period=20.000ns})
  Destination:            u_ibex_demo_system/u_uart/u_rx_fifo/gen_normal_fifo.gen_depth_gt1.storage_reg[61][4]/D
                            (rising edge-triggered cell FDRE clocked by clk_50_unbuf  {rise@0.000ns fall@10.000ns period=20.000ns})
  Path Group:             clk_50_unbuf
  Path Type:              Hold (Min at Fast Process Corner)
  Requirement:            0.000ns  (clk_50_unbuf rise@0.000ns - clk_50_unbuf rise@0.000ns)
  Data Path Delay:        0.455ns  (logic 0.141ns (31.013%)  route 0.314ns (68.987%))
  Logic Levels:           0  
  Clock Path Skew:        0.263ns (DCD - SCD - CPR)
    Destination Clock Delay (DCD):    -0.335ns
    Source Clock Delay      (SCD):    -0.564ns
    Clock Pessimism Removal (CPR):    -0.033ns

    Location             Delay type                Incr(ns)  Path(ns)    Netlist Resource(s)
  -------------------------------------------------------------------    -------------------
                         (clock clk_50_unbuf rise edge)
                                                      0.000     0.000 r  
    F14                                               0.000     0.000 r  IO_CLK (IN)
                         net (fo=0)                   0.000     0.000    clkgen/IO_CLK
    F14                  IBUF (Prop_ibuf_I_O)         0.226     0.226 r  clkgen/io_clk_ibuf/O
                         net (fo=1, routed)           0.440     0.667    clkgen/io_clk_buf
    PLLE2_ADV_X0Y1       PLLE2_ADV (Prop_plle2_adv_CLKIN1_CLKOUT0)
                                                     -2.322    -1.655 r  clkgen/pll/CLKOUT0
                         net (fo=1, routed)           0.504    -1.151    clkgen/clk_50_unbuf
    BUFGCTRL_X0Y16       BUFG (Prop_bufg_I_O)         0.026    -1.125 r  clkgen/clk_50_bufg/O
                         net (fo=3640, routed)        0.561    -0.564    u_ibex_demo_system/u_uart/clk_sys
    SLICE_X31Y13         FDCE                                         r  u_ibex_demo_system/u_uart/rx_current_byte_q_reg[4]/C
  -------------------------------------------------------------------    -------------------
    SLICE_X31Y13         FDCE (Prop_fdce_C_Q)         0.141    -0.423 r  u_ibex_demo_system/u_uart/rx_current_byte_q_reg[4]/Q
                         net (fo=129, routed)         0.314    -0.110    u_ibex_demo_system/u_uart/u_rx_fifo/gen_normal_fifo.gen_depth_gt1.storage_reg[0][7]_0[4]
    SLICE_X36Y14         FDRE                                         r  u_ibex_demo_system/u_uart/u_rx_fifo/gen_normal_fifo.gen_depth_gt1.storage_reg[61][4]/D
  -------------------------------------------------------------------    -------------------

                         (clock clk_50_unbuf rise edge)
                                                      0.000     0.000 r  
    F14                                               0.000     0.000 r  IO_CLK (IN)
                         net (fo=0)                   0.000     0.000    clkgen/IO_CLK
    F14                  IBUF (Prop_ibuf_I_O)         0.414     0.414 r  clkgen/io_clk_ibuf/O
                         net (fo=1, routed)           0.481     0.895    clkgen/io_clk_buf
    PLLE2_ADV_X0Y1       PLLE2_ADV (Prop_plle2_adv_CLKIN1_CLKOUT0)
                                                     -2.637    -1.742 r  clkgen/pll/CLKOUT0
                         net (fo=1, routed)           0.550    -1.192    clkgen/clk_50_unbuf
    BUFGCTRL_X0Y16       BUFG (Prop_bufg_I_O)         0.029    -1.163 r  clkgen/clk_50_bufg/O
                         net (fo=3640, routed)        0.829    -0.335    u_ibex_demo_system/u_uart/u_rx_fifo/clk_sys
    SLICE_X36Y14         FDRE                                         r  u_ibex_demo_system/u_uart/u_rx_fifo/gen_normal_fifo.gen_depth_gt1.storage_reg[61][4]/C
                         clock pessimism              0.033    -0.301    
    SLICE_X36Y14         FDRE (Hold_fdre_C_D)         0.066    -0.235    u_ibex_demo_system/u_uart/u_rx_fifo/gen_normal_fifo.gen_depth_gt1.storage_reg[61][4]
  -------------------------------------------------------------------
                         required time                          0.235    
                         arrival time                          -0.110    
  -------------------------------------------------------------------
                         slack                                  0.126    

Slack (MET) :             0.126ns  (arrival time - required time)
  Source:                 u_ibex_demo_system/u_uart/rx_current_byte_q_reg[4]/C
                            (rising edge-triggered cell FDCE clocked by clk_50_unbuf  {rise@0.000ns fall@10.000ns period=20.000ns})
  Destination:            u_ibex_demo_system/u_uart/u_rx_fifo/gen_normal_fifo.gen_depth_gt1.storage_reg[62][4]/D
                            (rising edge-triggered cell FDRE clocked by clk_50_unbuf  {rise@0.000ns fall@10.000ns period=20.000ns})
  Path Group:             clk_50_unbuf
  Path Type:              Hold (Min at Fast Process Corner)
  Requirement:            0.000ns  (clk_50_unbuf rise@0.000ns - clk_50_unbuf rise@0.000ns)
  Data Path Delay:        0.455ns  (logic 0.141ns (31.013%)  route 0.314ns (68.987%))
  Logic Levels:           0  
  Clock Path Skew:        0.263ns (DCD - SCD - CPR)
    Destination Clock Delay (DCD):    -0.335ns
    Source Clock Delay      (SCD):    -0.564ns
    Clock Pessimism Removal (CPR):    -0.033ns

    Location             Delay type                Incr(ns)  Path(ns)    Netlist Resource(s)
  -------------------------------------------------------------------    -------------------
                         (clock clk_50_unbuf rise edge)
                                                      0.000     0.000 r  
    F14                                               0.000     0.000 r  IO_CLK (IN)
                         net (fo=0)                   0.000     0.000    clkgen/IO_CLK
    F14                  IBUF (Prop_ibuf_I_O)         0.226     0.226 r  clkgen/io_clk_ibuf/O
                         net (fo=1, routed)           0.440     0.667    clkgen/io_clk_buf
    PLLE2_ADV_X0Y1       PLLE2_ADV (Prop_plle2_adv_CLKIN1_CLKOUT0)
                                                     -2.322    -1.655 r  clkgen/pll/CLKOUT0
                         net (fo=1, routed)           0.504    -1.151    clkgen/clk_50_unbuf
    BUFGCTRL_X0Y16       BUFG (Prop_bufg_I_O)         0.026    -1.125 r  clkgen/clk_50_bufg/O
                         net (fo=3640, routed)        0.561    -0.564    u_ibex_demo_system/u_uart/clk_sys
    SLICE_X31Y13         FDCE                                         r  u_ibex_demo_system/u_uart/rx_current_byte_q_reg[4]/C
  -------------------------------------------------------------------    -------------------
    SLICE_X31Y13         FDCE (Prop_fdce_C_Q)         0.141    -0.423 r  u_ibex_demo_system/u_uart/rx_current_byte_q_reg[4]/Q
                         net (fo=129, routed)         0.314    -0.110    u_ibex_demo_system/u_uart/u_rx_fifo/gen_normal_fifo.gen_depth_gt1.storage_reg[0][7]_0[4]
    SLICE_X37Y14         FDRE                                         r  u_ibex_demo_system/u_uart/u_rx_fifo/gen_normal_fifo.gen_depth_gt1.storage_reg[62][4]/D
  -------------------------------------------------------------------    -------------------

                         (clock clk_50_unbuf rise edge)
                                                      0.000     0.000 r  
    F14                                               0.000     0.000 r  IO_CLK (IN)
                         net (fo=0)                   0.000     0.000    clkgen/IO_CLK
    F14                  IBUF (Prop_ibuf_I_O)         0.414     0.414 r  clkgen/io_clk_ibuf/O
                         net (fo=1, routed)           0.481     0.895    clkgen/io_clk_buf
    PLLE2_ADV_X0Y1       PLLE2_ADV (Prop_plle2_adv_CLKIN1_CLKOUT0)
                                                     -2.637    -1.742 r  clkgen/pll/CLKOUT0
                         net (fo=1, routed)           0.550    -1.192    clkgen/clk_50_unbuf
    BUFGCTRL_X0Y16       BUFG (Prop_bufg_I_O)         0.029    -1.163 r  clkgen/clk_50_bufg/O
                         net (fo=3640, routed)        0.829    -0.335    u_ibex_demo_system/u_uart/u_rx_fifo/clk_sys
    SLICE_X37Y14         FDRE                                         r  u_ibex_demo_system/u_uart/u_rx_fifo/gen_normal_fifo.gen_depth_gt1.storage_reg[62][4]/C
                         clock pessimism              0.033    -0.301    
    SLICE_X37Y14         FDRE (Hold_fdre_C_D)         0.066    -0.235    u_ibex_demo_system/u_uart/u_rx_fifo/gen_normal_fifo.gen_depth_gt1.storage_reg[62][4]
  -------------------------------------------------------------------
                         required time                          0.235    
                         arrival time                          -0.110    
  -------------------------------------------------------------------
                         slack                                  0.126    

Slack (MET) :             0.128ns  (arrival time - required time)
  Source:                 u_ibex_demo_system/u_gpio/gen_debounce[9].dbnc/cnt_q_reg[7]/C
                            (rising edge-triggered cell FDCE clocked by clk_50_unbuf  {rise@0.000ns fall@10.000ns period=20.000ns})
  Destination:            u_ibex_demo_system/u_gpio/gen_debounce[9].dbnc/cnt_q_reg[8]/D
                            (rising edge-triggered cell FDCE clocked by clk_50_unbuf  {rise@0.000ns fall@10.000ns period=20.000ns})
  Path Group:             clk_50_unbuf
  Path Type:              Hold (Min at Fast Process Corner)
  Requirement:            0.000ns  (clk_50_unbuf rise@0.000ns - clk_50_unbuf rise@0.000ns)
  Data Path Delay:        0.262ns  (logic 0.186ns (70.908%)  route 0.076ns (29.092%))
  Logic Levels:           1  (LUT5=1)
  Clock Path Skew:        0.013ns (DCD - SCD - CPR)
    Destination Clock Delay (DCD):    -0.325ns
    Source Clock Delay      (SCD):    -0.557ns
    Clock Pessimism Removal (CPR):    0.220ns

    Location             Delay type                Incr(ns)  Path(ns)    Netlist Resource(s)
  -------------------------------------------------------------------    -------------------
                         (clock clk_50_unbuf rise edge)
                                                      0.000     0.000 r  
    F14                                               0.000     0.000 r  IO_CLK (IN)
                         net (fo=0)                   0.000     0.000    clkgen/IO_CLK
    F14                  IBUF (Prop_ibuf_I_O)         0.226     0.226 r  clkgen/io_clk_ibuf/O
                         net (fo=1, routed)           0.440     0.667    clkgen/io_clk_buf
    PLLE2_ADV_X0Y1       PLLE2_ADV (Prop_plle2_adv_CLKIN1_CLKOUT0)
                                                     -2.322    -1.655 r  clkgen/pll/CLKOUT0
                         net (fo=1, routed)           0.504    -1.151    clkgen/clk_50_unbuf
    BUFGCTRL_X0Y16       BUFG (Prop_bufg_I_O)         0.026    -1.125 r  clkgen/clk_50_bufg/O
                         net (fo=3640, routed)        0.568    -0.557    u_ibex_demo_system/u_gpio/gen_debounce[9].dbnc/clk_sys
    SLICE_X53Y46         FDCE                                         r  u_ibex_demo_system/u_gpio/gen_debounce[9].dbnc/cnt_q_reg[7]/C
  -------------------------------------------------------------------    -------------------
    SLICE_X53Y46         FDCE (Prop_fdce_C_Q)         0.141    -0.416 r  u_ibex_demo_system/u_gpio/gen_debounce[9].dbnc/cnt_q_reg[7]/Q
                         net (fo=3, routed)           0.076    -0.340    u_ibex_demo_system/u_gpio/gen_debounce[9].dbnc/cnt_q_reg[7]
    SLICE_X52Y46         LUT5 (Prop_lut5_I3_O)        0.045    -0.295 r  u_ibex_demo_system/u_gpio/gen_debounce[9].dbnc/cnt_q[8]_i_1__8/O
                         net (fo=1, routed)           0.000    -0.295    u_ibex_demo_system/u_gpio/gen_debounce[9].dbnc/cnt_d__8[8]
    SLICE_X52Y46         FDCE                                         r  u_ibex_demo_system/u_gpio/gen_debounce[9].dbnc/cnt_q_reg[8]/D
  -------------------------------------------------------------------    -------------------

                         (clock clk_50_unbuf rise edge)
                                                      0.000     0.000 r  
    F14                                               0.000     0.000 r  IO_CLK (IN)
                         net (fo=0)                   0.000     0.000    clkgen/IO_CLK
    F14                  IBUF (Prop_ibuf_I_O)         0.414     0.414 r  clkgen/io_clk_ibuf/O
                         net (fo=1, routed)           0.481     0.895    clkgen/io_clk_buf
    PLLE2_ADV_X0Y1       PLLE2_ADV (Prop_plle2_adv_CLKIN1_CLKOUT0)
                                                     -2.637    -1.742 r  clkgen/pll/CLKOUT0
                         net (fo=1, routed)           0.550    -1.192    clkgen/clk_50_unbuf
    BUFGCTRL_X0Y16       BUFG (Prop_bufg_I_O)         0.029    -1.163 r  clkgen/clk_50_bufg/O
                         net (fo=3640, routed)        0.839    -0.325    u_ibex_demo_system/u_gpio/gen_debounce[9].dbnc/clk_sys
    SLICE_X52Y46         FDCE                                         r  u_ibex_demo_system/u_gpio/gen_debounce[9].dbnc/cnt_q_reg[8]/C
                         clock pessimism             -0.220    -0.544    
    SLICE_X52Y46         FDCE (Hold_fdce_C_D)         0.121    -0.423    u_ibex_demo_system/u_gpio/gen_debounce[9].dbnc/cnt_q_reg[8]
  -------------------------------------------------------------------
                         required time                          0.423    
                         arrival time                          -0.295    
  -------------------------------------------------------------------
                         slack                                  0.128    

Slack (MET) :             0.133ns  (arrival time - required time)
  Source:                 g_fifo_regs[2].g_rdata_nr.rdata_q_reg[2][25]_i_3/C
                            (rising edge-triggered cell FDRE clocked by clk_50_unbuf  {rise@0.000ns fall@10.000ns period=20.000ns})
  Destination:            u_ibex_demo_system/u_top/u_ibex_core/if_stage_i/gen_prefetch_buffer.prefetch_buffer_i/fifo_i/g_fifo_regs[2].g_rdata_nr.rdata_q_reg[2][25]/D
                            (rising edge-triggered cell FDRE clocked by clk_50_unbuf  {rise@0.000ns fall@10.000ns period=20.000ns})
  Path Group:             clk_50_unbuf
  Path Type:              Hold (Min at Fast Process Corner)
  Requirement:            0.000ns  (clk_50_unbuf rise@0.000ns - clk_50_unbuf rise@0.000ns)
  Data Path Delay:        0.528ns  (logic 0.186ns (35.202%)  route 0.342ns (64.798%))
  Logic Levels:           1  (LUT5=1)
  Clock Path Skew:        0.329ns (DCD - SCD - CPR)
    Destination Clock Delay (DCD):    -0.272ns
    Source Clock Delay      (SCD):    -0.562ns
    Clock Pessimism Removal (CPR):    -0.038ns

    Location             Delay type                Incr(ns)  Path(ns)    Netlist Resource(s)
  -------------------------------------------------------------------    -------------------
                         (clock clk_50_unbuf rise edge)
                                                      0.000     0.000 r  
    F14                                               0.000     0.000 r  IO_CLK (IN)
                         net (fo=0)                   0.000     0.000    clkgen/IO_CLK
    F14                  IBUF (Prop_ibuf_I_O)         0.226     0.226 r  clkgen/io_clk_ibuf/O
                         net (fo=1, routed)           0.440     0.667    clkgen/io_clk_buf
    PLLE2_ADV_X0Y1       PLLE2_ADV (Prop_plle2_adv_CLKIN1_CLKOUT0)
                                                     -2.322    -1.655 r  clkgen/pll/CLKOUT0
                         net (fo=1, routed)           0.504    -1.151    clkgen/clk_50_unbuf
    BUFGCTRL_X0Y16       BUFG (Prop_bufg_I_O)         0.026    -1.125 r  clkgen/clk_50_bufg/O
                         net (fo=3640, routed)        0.563    -0.562    clk_sys
    SLICE_X41Y38         FDRE                                         r  g_fifo_regs[2].g_rdata_nr.rdata_q_reg[2][25]_i_3/C
  -------------------------------------------------------------------    -------------------
    SLICE_X41Y38         FDRE (Prop_fdre_C_Q)         0.141    -0.421 r  g_fifo_regs[2].g_rdata_nr.rdata_q_reg[2][25]_i_3/Q
                         net (fo=1, routed)           0.098    -0.323    u_ibex_demo_system/g_fifo_regs[2].g_rdata_nr.rdata_q_reg[2][25]
    SLICE_X42Y38         LUT5 (Prop_lut5_I3_O)        0.045    -0.278 r  u_ibex_demo_system/g_fifo_regs[2].g_rdata_nr.rdata_q[2][25]_i_1/O
                         net (fo=5, routed)           0.244    -0.034    u_ibex_demo_system/u_top/u_ibex_core/if_stage_i/gen_prefetch_buffer.prefetch_buffer_i/fifo_i/core_instr_rdata[25]
    SLICE_X32Y37         FDRE                                         r  u_ibex_demo_system/u_top/u_ibex_core/if_stage_i/gen_prefetch_buffer.prefetch_buffer_i/fifo_i/g_fifo_regs[2].g_rdata_nr.rdata_q_reg[2][25]/D
  -------------------------------------------------------------------    -------------------

                         (clock clk_50_unbuf rise edge)
                                                      0.000     0.000 r  
    F14                                               0.000     0.000 r  IO_CLK (IN)
                         net (fo=0)                   0.000     0.000    clkgen/IO_CLK
    F14                  IBUF (Prop_ibuf_I_O)         0.414     0.414 r  clkgen/io_clk_ibuf/O
                         net (fo=1, routed)           0.481     0.895    clkgen/io_clk_buf
    PLLE2_ADV_X0Y1       PLLE2_ADV (Prop_plle2_adv_CLKIN1_CLKOUT0)
                                                     -2.637    -1.742 r  clkgen/pll/CLKOUT0
                         net (fo=1, routed)           0.550    -1.192    clkgen/clk_50_unbuf
    BUFGCTRL_X0Y16       BUFG (Prop_bufg_I_O)         0.029    -1.163 r  clkgen/clk_50_bufg/O
                         net (fo=3640, routed)        0.033    -1.130    u_ibex_demo_system/u_top/core_clock_gate_i/gen_xilinx.u_impl_xilinx/clk_sys
    BUFGCTRL_X0Y17       BUFGCTRL (Prop_bufgctrl_I0_O)
                                                      0.029    -1.101 r  u_ibex_demo_system/u_top/core_clock_gate_i/gen_xilinx.u_impl_xilinx/gen_gate.gen_bufgce.u_bufgce/O
                         net (fo=1456, routed)        0.830    -0.272    u_ibex_demo_system/u_top/u_ibex_core/if_stage_i/gen_prefetch_buffer.prefetch_buffer_i/fifo_i/CLK
    SLICE_X32Y37         FDRE                                         r  u_ibex_demo_system/u_top/u_ibex_core/if_stage_i/gen_prefetch_buffer.prefetch_buffer_i/fifo_i/g_fifo_regs[2].g_rdata_nr.rdata_q_reg[2][25]/C
                         clock pessimism              0.038    -0.233    
    SLICE_X32Y37         FDRE (Hold_fdre_C_D)         0.066    -0.167    u_ibex_demo_system/u_top/u_ibex_core/if_stage_i/gen_prefetch_buffer.prefetch_buffer_i/fifo_i/g_fifo_regs[2].g_rdata_nr.rdata_q_reg[2][25]
  -------------------------------------------------------------------
                         required time                          0.167    
                         arrival time                          -0.034    
  -------------------------------------------------------------------
                         slack                                  0.133    

Slack (MET) :             0.137ns  (arrival time - required time)
  Source:                 u_ibex_demo_system/u_gpio/gp_i_q_reg[2][15]/C
                            (rising edge-triggered cell FDCE clocked by clk_50_unbuf  {rise@0.000ns fall@10.000ns period=20.000ns})
  Destination:            u_ibex_demo_system/u_gpio/gen_debounce[15].dbnc/btn_q_reg/D
                            (rising edge-triggered cell FDCE clocked by clk_50_unbuf  {rise@0.000ns fall@10.000ns period=20.000ns})
  Path Group:             clk_50_unbuf
  Path Type:              Hold (Min at Fast Process Corner)
  Requirement:            0.000ns  (clk_50_unbuf rise@0.000ns - clk_50_unbuf rise@0.000ns)
  Data Path Delay:        0.534ns  (logic 0.186ns (34.848%)  route 0.348ns (65.152%))
  Logic Levels:           1  (LUT3=1)
  Clock Path Skew:        0.276ns (DCD - SCD - CPR)
    Destination Clock Delay (DCD):    -0.297ns
    Source Clock Delay      (SCD):    -0.534ns
    Clock Pessimism Removal (CPR):    -0.038ns

    Location             Delay type                Incr(ns)  Path(ns)    Netlist Resource(s)
  -------------------------------------------------------------------    -------------------
                         (clock clk_50_unbuf rise edge)
                                                      0.000     0.000 r  
    F14                                               0.000     0.000 r  IO_CLK (IN)
                         net (fo=0)                   0.000     0.000    clkgen/IO_CLK
    F14                  IBUF (Prop_ibuf_I_O)         0.226     0.226 r  clkgen/io_clk_ibuf/O
                         net (fo=1, routed)           0.440     0.667    clkgen/io_clk_buf
    PLLE2_ADV_X0Y1       PLLE2_ADV (Prop_plle2_adv_CLKIN1_CLKOUT0)
                                                     -2.322    -1.655 r  clkgen/pll/CLKOUT0
                         net (fo=1, routed)           0.504    -1.151    clkgen/clk_50_unbuf
    BUFGCTRL_X0Y16       BUFG (Prop_bufg_I_O)         0.026    -1.125 r  clkgen/clk_50_bufg/O
                         net (fo=3640, routed)        0.591    -0.534    u_ibex_demo_system/u_gpio/clk_sys
    SLICE_X61Y51         FDCE                                         r  u_ibex_demo_system/u_gpio/gp_i_q_reg[2][15]/C
  -------------------------------------------------------------------    -------------------
    SLICE_X61Y51         FDCE (Prop_fdce_C_Q)         0.141    -0.393 r  u_ibex_demo_system/u_gpio/gp_i_q_reg[2][15]/Q
                         net (fo=3, routed)           0.348    -0.046    u_ibex_demo_system/u_gpio/gen_debounce[15].dbnc/Q[0]
    SLICE_X60Y48         LUT3 (Prop_lut3_I0_O)        0.045    -0.001 r  u_ibex_demo_system/u_gpio/gen_debounce[15].dbnc/btn_q_i_1/O
                         net (fo=1, routed)           0.000    -0.001    u_ibex_demo_system/u_gpio/gen_debounce[15].dbnc/btn_q_i_1_n_0
    SLICE_X60Y48         FDCE                                         r  u_ibex_demo_system/u_gpio/gen_debounce[15].dbnc/btn_q_reg/D
  -------------------------------------------------------------------    -------------------

                         (clock clk_50_unbuf rise edge)
                                                      0.000     0.000 r  
    F14                                               0.000     0.000 r  IO_CLK (IN)
                         net (fo=0)                   0.000     0.000    clkgen/IO_CLK
    F14                  IBUF (Prop_ibuf_I_O)         0.414     0.414 r  clkgen/io_clk_ibuf/O
                         net (fo=1, routed)           0.481     0.895    clkgen/io_clk_buf
    PLLE2_ADV_X0Y1       PLLE2_ADV (Prop_plle2_adv_CLKIN1_CLKOUT0)
                                                     -2.637    -1.742 r  clkgen/pll/CLKOUT0
                         net (fo=1, routed)           0.550    -1.192    clkgen/clk_50_unbuf
    BUFGCTRL_X0Y16       BUFG (Prop_bufg_I_O)         0.029    -1.163 r  clkgen/clk_50_bufg/O
                         net (fo=3640, routed)        0.867    -0.297    u_ibex_demo_system/u_gpio/gen_debounce[15].dbnc/clk_sys
    SLICE_X60Y48         FDCE                                         r  u_ibex_demo_system/u_gpio/gen_debounce[15].dbnc/btn_q_reg/C
                         clock pessimism              0.038    -0.258    
    SLICE_X60Y48         FDCE (Hold_fdce_C_D)         0.121    -0.137    u_ibex_demo_system/u_gpio/gen_debounce[15].dbnc/btn_q_reg
  -------------------------------------------------------------------
                         required time                          0.137    
                         arrival time                          -0.001    
  -------------------------------------------------------------------
                         slack                                  0.137    

Slack (MET) :             0.141ns  (arrival time - required time)
  Source:                 u_ibex_demo_system/u_top/u_ibex_core/id_stage_i/controller_i/ctrl_fsm_cs_reg[2]/C
                            (rising edge-triggered cell FDCE clocked by clk_50_unbuf  {rise@0.000ns fall@10.000ns period=20.000ns})
  Destination:            u_ibex_demo_system/u_top/g_clock_en_non_secure.core_busy_q_reg[0]/D
                            (rising edge-triggered cell FDCE clocked by clk_50_unbuf  {rise@0.000ns fall@10.000ns period=20.000ns})
  Path Group:             clk_50_unbuf
  Path Type:              Hold (Min at Fast Process Corner)
  Requirement:            0.000ns  (clk_50_unbuf rise@0.000ns - clk_50_unbuf rise@0.000ns)
  Data Path Delay:        0.444ns  (logic 0.186ns (41.872%)  route 0.258ns (58.128%))
  Logic Levels:           1  (LUT6=1)
  Clock Path Skew:        0.212ns (DCD - SCD - CPR)
    Destination Clock Delay (DCD):    -0.338ns
    Source Clock Delay      (SCD):    -0.511ns
    Clock Pessimism Removal (CPR):    -0.038ns

    Location             Delay type                Incr(ns)  Path(ns)    Netlist Resource(s)
  -------------------------------------------------------------------    -------------------
                         (clock clk_50_unbuf rise edge)
                                                      0.000     0.000 r  
    F14                                               0.000     0.000 r  IO_CLK (IN)
                         net (fo=0)                   0.000     0.000    clkgen/IO_CLK
    F14                  IBUF (Prop_ibuf_I_O)         0.226     0.226 r  clkgen/io_clk_ibuf/O
                         net (fo=1, routed)           0.440     0.667    clkgen/io_clk_buf
    PLLE2_ADV_X0Y1       PLLE2_ADV (Prop_plle2_adv_CLKIN1_CLKOUT0)
                                                     -2.322    -1.655 r  clkgen/pll/CLKOUT0
                         net (fo=1, routed)           0.504    -1.151    clkgen/clk_50_unbuf
    BUFGCTRL_X0Y16       BUFG (Prop_bufg_I_O)         0.026    -1.125 r  clkgen/clk_50_bufg/O
                         net (fo=3640, routed)        0.030    -1.095    u_ibex_demo_system/u_top/core_clock_gate_i/gen_xilinx.u_impl_xilinx/clk_sys
    BUFGCTRL_X0Y17       BUFGCTRL (Prop_bufgctrl_I0_O)
                                                      0.026    -1.069 r  u_ibex_demo_system/u_top/core_clock_gate_i/gen_xilinx.u_impl_xilinx/gen_gate.gen_bufgce.u_bufgce/O
                         net (fo=1456, routed)        0.558    -0.511    u_ibex_demo_system/u_top/u_ibex_core/id_stage_i/controller_i/CLK
    SLICE_X41Y18         FDCE                                         r  u_ibex_demo_system/u_top/u_ibex_core/id_stage_i/controller_i/ctrl_fsm_cs_reg[2]/C
  -------------------------------------------------------------------    -------------------
    SLICE_X41Y18         FDCE (Prop_fdce_C_Q)         0.141    -0.370 r  u_ibex_demo_system/u_top/u_ibex_core/id_stage_i/controller_i/ctrl_fsm_cs_reg[2]/Q
                         net (fo=38, routed)          0.258    -0.112    u_ibex_demo_system/u_top/u_ibex_core/controller_i/ctrl_fsm_cs[2]
    SLICE_X45Y19         LUT6 (Prop_lut6_I2_O)        0.045    -0.067 r  u_ibex_demo_system/u_top/u_ibex_core/g_clock_en_non_secure.core_busy_q[0]_i_1/O
                         net (fo=1, routed)           0.000    -0.067    u_ibex_demo_system/u_top/core_busy_d[0]
    SLICE_X45Y19         FDCE                                         r  u_ibex_demo_system/u_top/g_clock_en_non_secure.core_busy_q_reg[0]/D
  -------------------------------------------------------------------    -------------------

                         (clock clk_50_unbuf rise edge)
                                                      0.000     0.000 r  
    F14                                               0.000     0.000 r  IO_CLK (IN)
                         net (fo=0)                   0.000     0.000    clkgen/IO_CLK
    F14                  IBUF (Prop_ibuf_I_O)         0.414     0.414 r  clkgen/io_clk_ibuf/O
                         net (fo=1, routed)           0.481     0.895    clkgen/io_clk_buf
    PLLE2_ADV_X0Y1       PLLE2_ADV (Prop_plle2_adv_CLKIN1_CLKOUT0)
                                                     -2.637    -1.742 r  clkgen/pll/CLKOUT0
                         net (fo=1, routed)           0.550    -1.192    clkgen/clk_50_unbuf
    BUFGCTRL_X0Y16       BUFG (Prop_bufg_I_O)         0.029    -1.163 r  clkgen/clk_50_bufg/O
                         net (fo=3640, routed)        0.826    -0.338    u_ibex_demo_system/u_top/clk_sys
    SLICE_X45Y19         FDCE                                         r  u_ibex_demo_system/u_top/g_clock_en_non_secure.core_busy_q_reg[0]/C
                         clock pessimism              0.038    -0.299    
    SLICE_X45Y19         FDCE (Hold_fdce_C_D)         0.091    -0.208    u_ibex_demo_system/u_top/g_clock_en_non_secure.core_busy_q_reg[0]
  -------------------------------------------------------------------
                         required time                          0.208    
                         arrival time                          -0.067    
  -------------------------------------------------------------------
                         slack                                  0.141    

Slack (MET) :             0.144ns  (arrival time - required time)
  Source:                 u_ibex_demo_system/u_top/u_ibex_core/if_stage_i/gen_prefetch_buffer.prefetch_buffer_i/fifo_i/g_fifo_regs[1].g_rdata_nr.rdata_q_reg[1][29]/C
                            (rising edge-triggered cell FDRE clocked by clk_50_unbuf  {rise@0.000ns fall@10.000ns period=20.000ns})
  Destination:            u_ibex_demo_system/u_top/u_ibex_core/if_stage_i/gen_prefetch_buffer.prefetch_buffer_i/fifo_i/g_fifo_regs[0].g_rdata_nr.rdata_q_reg[0][29]/D
                            (rising edge-triggered cell FDRE clocked by clk_50_unbuf  {rise@0.000ns fall@10.000ns period=20.000ns})
  Path Group:             clk_50_unbuf
  Path Type:              Hold (Min at Fast Process Corner)
  Requirement:            0.000ns  (clk_50_unbuf rise@0.000ns - clk_50_unbuf rise@0.000ns)
  Data Path Delay:        0.298ns  (logic 0.186ns (62.390%)  route 0.112ns (37.610%))
  Logic Levels:           1  (LUT3=1)
  Clock Path Skew:        0.033ns (DCD - SCD - CPR)
    Destination Clock Delay (DCD):    -0.274ns
    Source Clock Delay      (SCD):    -0.508ns
    Clock Pessimism Removal (CPR):    0.202ns

    Location             Delay type                Incr(ns)  Path(ns)    Netlist Resource(s)
  -------------------------------------------------------------------    -------------------
                         (clock clk_50_unbuf rise edge)
                                                      0.000     0.000 r  
    F14                                               0.000     0.000 r  IO_CLK (IN)
                         net (fo=0)                   0.000     0.000    clkgen/IO_CLK
    F14                  IBUF (Prop_ibuf_I_O)         0.226     0.226 r  clkgen/io_clk_ibuf/O
                         net (fo=1, routed)           0.440     0.667    clkgen/io_clk_buf
    PLLE2_ADV_X0Y1       PLLE2_ADV (Prop_plle2_adv_CLKIN1_CLKOUT0)
                                                     -2.322    -1.655 r  clkgen/pll/CLKOUT0
                         net (fo=1, routed)           0.504    -1.151    clkgen/clk_50_unbuf
    BUFGCTRL_X0Y16       BUFG (Prop_bufg_I_O)         0.026    -1.125 r  clkgen/clk_50_bufg/O
                         net (fo=3640, routed)        0.030    -1.095    u_ibex_demo_system/u_top/core_clock_gate_i/gen_xilinx.u_impl_xilinx/clk_sys
    BUFGCTRL_X0Y17       BUFGCTRL (Prop_bufgctrl_I0_O)
                                                      0.026    -1.069 r  u_ibex_demo_system/u_top/core_clock_gate_i/gen_xilinx.u_impl_xilinx/gen_gate.gen_bufgce.u_bufgce/O
                         net (fo=1456, routed)        0.561    -0.508    u_ibex_demo_system/u_top/u_ibex_core/if_stage_i/gen_prefetch_buffer.prefetch_buffer_i/fifo_i/CLK
    SLICE_X33Y36         FDRE                                         r  u_ibex_demo_system/u_top/u_ibex_core/if_stage_i/gen_prefetch_buffer.prefetch_buffer_i/fifo_i/g_fifo_regs[1].g_rdata_nr.rdata_q_reg[1][29]/C
  -------------------------------------------------------------------    -------------------
    SLICE_X33Y36         FDRE (Prop_fdre_C_Q)         0.141    -0.367 r  u_ibex_demo_system/u_top/u_ibex_core/if_stage_i/gen_prefetch_buffer.prefetch_buffer_i/fifo_i/g_fifo_regs[1].g_rdata_nr.rdata_q_reg[1][29]/Q
                         net (fo=1, routed)           0.112    -0.255    u_ibex_demo_system/u_top/u_ibex_core/if_stage_i/gen_prefetch_buffer.prefetch_buffer_i/fifo_i/g_fifo_regs[1].g_rdata_nr.rdata_q_reg_n_0_[1][29]
    SLICE_X34Y35         LUT3 (Prop_lut3_I0_O)        0.045    -0.210 r  u_ibex_demo_system/u_top/u_ibex_core/if_stage_i/gen_prefetch_buffer.prefetch_buffer_i/fifo_i/g_fifo_regs[0].g_rdata_nr.rdata_q[0][29]_i_1/O
                         net (fo=1, routed)           0.000    -0.210    u_ibex_demo_system/u_top/u_ibex_core/if_stage_i/gen_prefetch_buffer.prefetch_buffer_i/fifo_i/rdata_d[0]_317[29]
    SLICE_X34Y35         FDRE                                         r  u_ibex_demo_system/u_top/u_ibex_core/if_stage_i/gen_prefetch_buffer.prefetch_buffer_i/fifo_i/g_fifo_regs[0].g_rdata_nr.rdata_q_reg[0][29]/D
  -------------------------------------------------------------------    -------------------

                         (clock clk_50_unbuf rise edge)
                                                      0.000     0.000 r  
    F14                                               0.000     0.000 r  IO_CLK (IN)
                         net (fo=0)                   0.000     0.000    clkgen/IO_CLK
    F14                  IBUF (Prop_ibuf_I_O)         0.414     0.414 r  clkgen/io_clk_ibuf/O
                         net (fo=1, routed)           0.481     0.895    clkgen/io_clk_buf
    PLLE2_ADV_X0Y1       PLLE2_ADV (Prop_plle2_adv_CLKIN1_CLKOUT0)
                                                     -2.637    -1.742 r  clkgen/pll/CLKOUT0
                         net (fo=1, routed)           0.550    -1.192    clkgen/clk_50_unbuf
    BUFGCTRL_X0Y16       BUFG (Prop_bufg_I_O)         0.029    -1.163 r  clkgen/clk_50_bufg/O
                         net (fo=3640, routed)        0.033    -1.130    u_ibex_demo_system/u_top/core_clock_gate_i/gen_xilinx.u_impl_xilinx/clk_sys
    BUFGCTRL_X0Y17       BUFGCTRL (Prop_bufgctrl_I0_O)
                                                      0.029    -1.101 r  u_ibex_demo_system/u_top/core_clock_gate_i/gen_xilinx.u_impl_xilinx/gen_gate.gen_bufgce.u_bufgce/O
                         net (fo=1456, routed)        0.828    -0.274    u_ibex_demo_system/u_top/u_ibex_core/if_stage_i/gen_prefetch_buffer.prefetch_buffer_i/fifo_i/CLK
    SLICE_X34Y35         FDRE                                         r  u_ibex_demo_system/u_top/u_ibex_core/if_stage_i/gen_prefetch_buffer.prefetch_buffer_i/fifo_i/g_fifo_regs[0].g_rdata_nr.rdata_q_reg[0][29]/C
                         clock pessimism             -0.202    -0.475    
    SLICE_X34Y35         FDRE (Hold_fdre_C_D)         0.121    -0.354    u_ibex_demo_system/u_top/u_ibex_core/if_stage_i/gen_prefetch_buffer.prefetch_buffer_i/fifo_i/g_fifo_regs[0].g_rdata_nr.rdata_q_reg[0][29]
  -------------------------------------------------------------------
                         required time                          0.354    
                         arrival time                          -0.210    
  -------------------------------------------------------------------
                         slack                                  0.144    





Pulse Width Checks
--------------------------------------------------------------------------------------
Clock Name:         clk_50_unbuf
Waveform(ns):       { 0.000 10.000 }
Period(ns):         20.000
Sources:            { clkgen/pll/CLKOUT0 }

Check Type        Corner  Lib Pin             Reference Pin  Required(ns)  Actual(ns)  Slack(ns)  Location        Pin
Min Period        n/a     RAMB36E1/CLKARDCLK  n/a            2.944         20.000      17.056     RAMB36_X2Y3     u_ibex_demo_system/u_ram/u_ram/gen_generic.u_impl_generic/mem_reg_0_0_0/CLKARDCLK
Min Period        n/a     RAMB36E1/CLKBWRCLK  n/a            2.944         20.000      17.056     RAMB36_X2Y3     u_ibex_demo_system/u_ram/u_ram/gen_generic.u_impl_generic/mem_reg_0_0_0/CLKBWRCLK
Min Period        n/a     RAMB36E1/CLKARDCLK  n/a            2.944         20.000      17.056     RAMB36_X2Y7     u_ibex_demo_system/u_ram/u_ram/gen_generic.u_impl_generic/mem_reg_0_0_1/CLKARDCLK
Min Period        n/a     RAMB36E1/CLKBWRCLK  n/a            2.944         20.000      17.056     RAMB36_X2Y7     u_ibex_demo_system/u_ram/u_ram/gen_generic.u_impl_generic/mem_reg_0_0_1/CLKBWRCLK
Min Period        n/a     RAMB36E1/CLKARDCLK  n/a            2.944         20.000      17.056     RAMB36_X1Y5     u_ibex_demo_system/u_ram/u_ram/gen_generic.u_impl_generic/mem_reg_0_0_2/CLKARDCLK
Min Period        n/a     RAMB36E1/CLKBWRCLK  n/a            2.944         20.000      17.056     RAMB36_X1Y5     u_ibex_demo_system/u_ram/u_ram/gen_generic.u_impl_generic/mem_reg_0_0_2/CLKBWRCLK
Min Period        n/a     RAMB36E1/CLKARDCLK  n/a            2.944         20.000      17.056     RAMB36_X1Y8     u_ibex_demo_system/u_ram/u_ram/gen_generic.u_impl_generic/mem_reg_0_0_3/CLKARDCLK
Min Period        n/a     RAMB36E1/CLKBWRCLK  n/a            2.944         20.000      17.056     RAMB36_X1Y8     u_ibex_demo_system/u_ram/u_ram/gen_generic.u_impl_generic/mem_reg_0_0_3/CLKBWRCLK
Min Period        n/a     RAMB36E1/CLKARDCLK  n/a            2.944         20.000      17.056     RAMB36_X0Y6     u_ibex_demo_system/u_ram/u_ram/gen_generic.u_impl_generic/mem_reg_0_0_4/CLKARDCLK
Min Period        n/a     RAMB36E1/CLKBWRCLK  n/a            2.944         20.000      17.056     RAMB36_X0Y6     u_ibex_demo_system/u_ram/u_ram/gen_generic.u_impl_generic/mem_reg_0_0_4/CLKBWRCLK
Max Period        n/a     PLLE2_ADV/CLKOUT0   n/a            160.000       20.000      140.000    PLLE2_ADV_X0Y1  clkgen/pll/CLKOUT0
Low Pulse Width   Slow    RAMD32/CLK          n/a            1.250         10.000      8.750      SLICE_X46Y24    u_ibex_demo_system/u_top/gen_regfile_fpga.register_file_i/mem_reg_r1_0_31_0_5/RAMA/CLK
Low Pulse Width   Fast    RAMD32/CLK          n/a            1.250         10.000      8.750      SLICE_X46Y24    u_ibex_demo_system/u_top/gen_regfile_fpga.register_file_i/mem_reg_r1_0_31_0_5/RAMA/CLK
Low Pulse Width   Slow    RAMD32/CLK          n/a            1.250         10.000      8.750      SLICE_X46Y24    u_ibex_demo_system/u_top/gen_regfile_fpga.register_file_i/mem_reg_r1_0_31_0_5/RAMA_D1/CLK
Low Pulse Width   Fast    RAMD32/CLK          n/a            1.250         10.000      8.750      SLICE_X46Y24    u_ibex_demo_system/u_top/gen_regfile_fpga.register_file_i/mem_reg_r1_0_31_0_5/RAMA_D1/CLK
Low Pulse Width   Slow    RAMD32/CLK          n/a            1.250         10.000      8.750      SLICE_X46Y24    u_ibex_demo_system/u_top/gen_regfile_fpga.register_file_i/mem_reg_r1_0_31_0_5/RAMB/CLK
Low Pulse Width   Fast    RAMD32/CLK          n/a            1.250         10.000      8.750      SLICE_X46Y24    u_ibex_demo_system/u_top/gen_regfile_fpga.register_file_i/mem_reg_r1_0_31_0_5/RAMB/CLK
Low Pulse Width   Slow    RAMD32/CLK          n/a            1.250         10.000      8.750      SLICE_X46Y24    u_ibex_demo_system/u_top/gen_regfile_fpga.register_file_i/mem_reg_r1_0_31_0_5/RAMB_D1/CLK
Low Pulse Width   Fast    RAMD32/CLK          n/a            1.250         10.000      8.750      SLICE_X46Y24    u_ibex_demo_system/u_top/gen_regfile_fpga.register_file_i/mem_reg_r1_0_31_0_5/RAMB_D1/CLK
Low Pulse Width   Slow    RAMD32/CLK          n/a            1.250         10.000      8.750      SLICE_X46Y24    u_ibex_demo_system/u_top/gen_regfile_fpga.register_file_i/mem_reg_r1_0_31_0_5/RAMC/CLK
Low Pulse Width   Fast    RAMD32/CLK          n/a            1.250         10.000      8.750      SLICE_X46Y24    u_ibex_demo_system/u_top/gen_regfile_fpga.register_file_i/mem_reg_r1_0_31_0_5/RAMC/CLK
High Pulse Width  Slow    RAMD32/CLK          n/a            1.250         10.000      8.750      SLICE_X46Y24    u_ibex_demo_system/u_top/gen_regfile_fpga.register_file_i/mem_reg_r1_0_31_0_5/RAMA/CLK
High Pulse Width  Fast    RAMD32/CLK          n/a            1.250         10.000      8.750      SLICE_X46Y24    u_ibex_demo_system/u_top/gen_regfile_fpga.register_file_i/mem_reg_r1_0_31_0_5/RAMA/CLK
High Pulse Width  Slow    RAMD32/CLK          n/a            1.250         10.000      8.750      SLICE_X46Y24    u_ibex_demo_system/u_top/gen_regfile_fpga.register_file_i/mem_reg_r1_0_31_0_5/RAMA_D1/CLK
High Pulse Width  Fast    RAMD32/CLK          n/a            1.250         10.000      8.750      SLICE_X46Y24    u_ibex_demo_system/u_top/gen_regfile_fpga.register_file_i/mem_reg_r1_0_31_0_5/RAMA_D1/CLK
High Pulse Width  Slow    RAMD32/CLK          n/a            1.250         10.000      8.750      SLICE_X46Y24    u_ibex_demo_system/u_top/gen_regfile_fpga.register_file_i/mem_reg_r1_0_31_0_5/RAMB/CLK
High Pulse Width  Fast    RAMD32/CLK          n/a            1.250         10.000      8.750      SLICE_X46Y24    u_ibex_demo_system/u_top/gen_regfile_fpga.register_file_i/mem_reg_r1_0_31_0_5/RAMB/CLK
High Pulse Width  Slow    RAMD32/CLK          n/a            1.250         10.000      8.750      SLICE_X46Y24    u_ibex_demo_system/u_top/gen_regfile_fpga.register_file_i/mem_reg_r1_0_31_0_5/RAMB_D1/CLK
High Pulse Width  Fast    RAMD32/CLK          n/a            1.250         10.000      8.750      SLICE_X46Y24    u_ibex_demo_system/u_top/gen_regfile_fpga.register_file_i/mem_reg_r1_0_31_0_5/RAMB_D1/CLK
High Pulse Width  Slow    RAMD32/CLK          n/a            1.250         10.000      8.750      SLICE_X46Y24    u_ibex_demo_system/u_top/gen_regfile_fpga.register_file_i/mem_reg_r1_0_31_0_5/RAMC/CLK
High Pulse Width  Fast    RAMD32/CLK          n/a            1.250         10.000      8.750      SLICE_X46Y24    u_ibex_demo_system/u_top/gen_regfile_fpga.register_file_i/mem_reg_r1_0_31_0_5/RAMC/CLK



---------------------------------------------------------------------------------------------------
From Clock:  clk_fb_unbuf
  To Clock:  clk_fb_unbuf

Setup :           NA  Failing Endpoints,  Worst Slack           NA  ,  Total Violation           NA
Hold  :           NA  Failing Endpoints,  Worst Slack           NA  ,  Total Violation           NA
PW    :            0  Failing Endpoints,  Worst Slack        7.845ns,  Total Violation        0.000ns
---------------------------------------------------------------------------------------------------


Pulse Width Checks
--------------------------------------------------------------------------------------
Clock Name:         clk_fb_unbuf
Waveform(ns):       { 0.000 5.000 }
Period(ns):         10.000
Sources:            { clkgen/pll/CLKFBOUT }

Check Type  Corner  Lib Pin             Reference Pin  Required(ns)  Actual(ns)  Slack(ns)  Location        Pin
Min Period  n/a     BUFG/I              n/a            2.155         10.000      7.845      BUFGCTRL_X0Y18  clkgen/clk_fb_bufg/I
Min Period  n/a     PLLE2_ADV/CLKFBOUT  n/a            1.249         10.000      8.751      PLLE2_ADV_X0Y1  clkgen/pll/CLKFBOUT
Min Period  n/a     PLLE2_ADV/CLKFBIN   n/a            1.249         10.000      8.751      PLLE2_ADV_X0Y1  clkgen/pll/CLKFBIN
Max Period  n/a     PLLE2_ADV/CLKFBIN   n/a            52.633        10.000      42.633     PLLE2_ADV_X0Y1  clkgen/pll/CLKFBIN
Max Period  n/a     PLLE2_ADV/CLKFBOUT  n/a            160.000       10.000      150.000    PLLE2_ADV_X0Y1  clkgen/pll/CLKFBOUT



---------------------------------------------------------------------------------------------------
Path Group:  **async_default**
From Clock:  clk_50_unbuf
  To Clock:  clk_50_unbuf

Setup :            0  Failing Endpoints,  Worst Slack        8.204ns,  Total Violation        0.000ns
Hold  :            0  Failing Endpoints,  Worst Slack        0.638ns,  Total Violation        0.000ns
---------------------------------------------------------------------------------------------------


Max Delay Paths
--------------------------------------------------------------------------------------
Slack (MET) :             8.204ns  (required time - arrival time)
  Source:                 u_ibex_demo_system/gen_dm_top.u_dm_top/i_dm_csrs/dmcontrol_q_reg[ndmreset]/C
                            (rising edge-triggered cell FDCE clocked by clk_50_unbuf  {rise@0.000ns fall@10.000ns period=20.000ns})
  Destination:            u_ibex_demo_system/u_top/u_ibex_core/id_stage_i/gen_intermediate_val_reg[0].imd_val_q_reg[0][25]/CLR
                            (recovery check against rising-edge clock clk_50_unbuf  {rise@0.000ns fall@10.000ns period=20.000ns})
  Path Group:             **async_default**
  Path Type:              Recovery (Max at Slow Process Corner)
  Requirement:            20.000ns  (clk_50_unbuf rise@20.000ns - clk_50_unbuf rise@0.000ns)
  Data Path Delay:        11.414ns  (logic 0.580ns (5.082%)  route 10.834ns (94.918%))
  Logic Levels:           1  (LUT3=1)
  Clock Path Skew:        0.097ns (DCD - SCD + CPR)
    Destination Clock Delay (DCD):    -1.833ns = ( 18.167 - 20.000 ) 
    Source Clock Delay      (SCD):    -2.436ns
    Clock Pessimism Removal (CPR):    -0.506ns
  Clock Uncertainty:      0.074ns  ((TSJ^2 + DJ^2)^1/2) / 2 + PE
    Total System Jitter     (TSJ):    0.071ns
    Discrete Jitter          (DJ):    0.130ns
    Phase Error              (PE):    0.000ns

    Location             Delay type                Incr(ns)  Path(ns)    Netlist Resource(s)
  -------------------------------------------------------------------    -------------------
                         (clock clk_50_unbuf rise edge)
                                                      0.000     0.000 r  
    F14                                               0.000     0.000 r  IO_CLK (IN)
                         net (fo=0)                   0.000     0.000    clkgen/IO_CLK
    F14                  IBUF (Prop_ibuf_I_O)         1.458     1.458 r  clkgen/io_clk_ibuf/O
                         net (fo=1, routed)           1.253     2.712    clkgen/io_clk_buf
    PLLE2_ADV_X0Y1       PLLE2_ADV (Prop_plle2_adv_CLKIN1_CLKOUT0)
                                                     -8.471    -5.760 r  clkgen/pll/CLKOUT0
                         net (fo=1, routed)           1.660    -4.099    clkgen/clk_50_unbuf
    BUFGCTRL_X0Y16       BUFG (Prop_bufg_I_O)         0.096    -4.003 r  clkgen/clk_50_bufg/O
                         net (fo=3640, routed)        1.567    -2.436    u_ibex_demo_system/gen_dm_top.u_dm_top/i_dm_csrs/clk_sys
    SLICE_X35Y47         FDCE                                         r  u_ibex_demo_system/gen_dm_top.u_dm_top/i_dm_csrs/dmcontrol_q_reg[ndmreset]/C
  -------------------------------------------------------------------    -------------------
    SLICE_X35Y47         FDCE (Prop_fdce_C_Q)         0.456    -1.980 f  u_ibex_demo_system/gen_dm_top.u_dm_top/i_dm_csrs/dmcontrol_q_reg[ndmreset]/Q
                         net (fo=13, routed)          0.626    -1.354    u_ibex_demo_system/gen_dm_top.u_dm_top/i_dm_csrs/dmcontrol_q_reg[ndmreset]_0
    SLICE_X29Y47         LUT3 (Prop_lut3_I0_O)        0.124    -1.230 f  u_ibex_demo_system/gen_dm_top.u_dm_top/i_dm_csrs/valid_q[2]_i_2/O
                         net (fo=1101, routed)       10.208     8.978    u_ibex_demo_system/u_top/u_ibex_core/id_stage_i/ctrl_fsm_cs_reg[3]
    SLICE_X44Y29         FDCE                                         f  u_ibex_demo_system/u_top/u_ibex_core/id_stage_i/gen_intermediate_val_reg[0].imd_val_q_reg[0][25]/CLR
  -------------------------------------------------------------------    -------------------

                         (clock clk_50_unbuf rise edge)
                                                     20.000    20.000 r  
    F14                                               0.000    20.000 r  IO_CLK (IN)
                         net (fo=0)                   0.000    20.000    clkgen/IO_CLK
    F14                  IBUF (Prop_ibuf_I_O)         1.388    21.388 r  clkgen/io_clk_ibuf/O
                         net (fo=1, routed)           1.181    22.569    clkgen/io_clk_buf
    PLLE2_ADV_X0Y1       PLLE2_ADV (Prop_plle2_adv_CLKIN1_CLKOUT0)
                                                     -7.740    14.829 r  clkgen/pll/CLKOUT0
                         net (fo=1, routed)           1.582    16.411    clkgen/clk_50_unbuf
    BUFGCTRL_X0Y16       BUFG (Prop_bufg_I_O)         0.091    16.502 r  clkgen/clk_50_bufg/O
                         net (fo=3640, routed)        0.133    16.635    u_ibex_demo_system/u_top/core_clock_gate_i/gen_xilinx.u_impl_xilinx/clk_sys
    BUFGCTRL_X0Y17       BUFGCTRL (Prop_bufgctrl_I0_O)
                                                      0.091    16.726 r  u_ibex_demo_system/u_top/core_clock_gate_i/gen_xilinx.u_impl_xilinx/gen_gate.gen_bufgce.u_bufgce/O
                         net (fo=1456, routed)        1.440    18.167    u_ibex_demo_system/u_top/u_ibex_core/id_stage_i/CLK
    SLICE_X44Y29         FDCE                                         r  u_ibex_demo_system/u_top/u_ibex_core/id_stage_i/gen_intermediate_val_reg[0].imd_val_q_reg[0][25]/C
                         clock pessimism             -0.506    17.661    
                         clock uncertainty           -0.074    17.587    
    SLICE_X44Y29         FDCE (Recov_fdce_C_CLR)     -0.405    17.182    u_ibex_demo_system/u_top/u_ibex_core/id_stage_i/gen_intermediate_val_reg[0].imd_val_q_reg[0][25]
  -------------------------------------------------------------------
                         required time                         17.182    
                         arrival time                          -8.978    
  -------------------------------------------------------------------
                         slack                                  8.204    

Slack (MET) :             8.204ns  (required time - arrival time)
  Source:                 u_ibex_demo_system/gen_dm_top.u_dm_top/i_dm_csrs/dmcontrol_q_reg[ndmreset]/C
                            (rising edge-triggered cell FDCE clocked by clk_50_unbuf  {rise@0.000ns fall@10.000ns period=20.000ns})
  Destination:            u_ibex_demo_system/u_top/u_ibex_core/id_stage_i/gen_intermediate_val_reg[0].imd_val_q_reg[0][26]/CLR
                            (recovery check against rising-edge clock clk_50_unbuf  {rise@0.000ns fall@10.000ns period=20.000ns})
  Path Group:             **async_default**
  Path Type:              Recovery (Max at Slow Process Corner)
  Requirement:            20.000ns  (clk_50_unbuf rise@20.000ns - clk_50_unbuf rise@0.000ns)
  Data Path Delay:        11.414ns  (logic 0.580ns (5.082%)  route 10.834ns (94.918%))
  Logic Levels:           1  (LUT3=1)
  Clock Path Skew:        0.097ns (DCD - SCD + CPR)
    Destination Clock Delay (DCD):    -1.833ns = ( 18.167 - 20.000 ) 
    Source Clock Delay      (SCD):    -2.436ns
    Clock Pessimism Removal (CPR):    -0.506ns
  Clock Uncertainty:      0.074ns  ((TSJ^2 + DJ^2)^1/2) / 2 + PE
    Total System Jitter     (TSJ):    0.071ns
    Discrete Jitter          (DJ):    0.130ns
    Phase Error              (PE):    0.000ns

    Location             Delay type                Incr(ns)  Path(ns)    Netlist Resource(s)
  -------------------------------------------------------------------    -------------------
                         (clock clk_50_unbuf rise edge)
                                                      0.000     0.000 r  
    F14                                               0.000     0.000 r  IO_CLK (IN)
                         net (fo=0)                   0.000     0.000    clkgen/IO_CLK
    F14                  IBUF (Prop_ibuf_I_O)         1.458     1.458 r  clkgen/io_clk_ibuf/O
                         net (fo=1, routed)           1.253     2.712    clkgen/io_clk_buf
    PLLE2_ADV_X0Y1       PLLE2_ADV (Prop_plle2_adv_CLKIN1_CLKOUT0)
                                                     -8.471    -5.760 r  clkgen/pll/CLKOUT0
                         net (fo=1, routed)           1.660    -4.099    clkgen/clk_50_unbuf
    BUFGCTRL_X0Y16       BUFG (Prop_bufg_I_O)         0.096    -4.003 r  clkgen/clk_50_bufg/O
                         net (fo=3640, routed)        1.567    -2.436    u_ibex_demo_system/gen_dm_top.u_dm_top/i_dm_csrs/clk_sys
    SLICE_X35Y47         FDCE                                         r  u_ibex_demo_system/gen_dm_top.u_dm_top/i_dm_csrs/dmcontrol_q_reg[ndmreset]/C
  -------------------------------------------------------------------    -------------------
    SLICE_X35Y47         FDCE (Prop_fdce_C_Q)         0.456    -1.980 f  u_ibex_demo_system/gen_dm_top.u_dm_top/i_dm_csrs/dmcontrol_q_reg[ndmreset]/Q
                         net (fo=13, routed)          0.626    -1.354    u_ibex_demo_system/gen_dm_top.u_dm_top/i_dm_csrs/dmcontrol_q_reg[ndmreset]_0
    SLICE_X29Y47         LUT3 (Prop_lut3_I0_O)        0.124    -1.230 f  u_ibex_demo_system/gen_dm_top.u_dm_top/i_dm_csrs/valid_q[2]_i_2/O
                         net (fo=1101, routed)       10.208     8.978    u_ibex_demo_system/u_top/u_ibex_core/id_stage_i/ctrl_fsm_cs_reg[3]
    SLICE_X44Y29         FDCE                                         f  u_ibex_demo_system/u_top/u_ibex_core/id_stage_i/gen_intermediate_val_reg[0].imd_val_q_reg[0][26]/CLR
  -------------------------------------------------------------------    -------------------

                         (clock clk_50_unbuf rise edge)
                                                     20.000    20.000 r  
    F14                                               0.000    20.000 r  IO_CLK (IN)
                         net (fo=0)                   0.000    20.000    clkgen/IO_CLK
    F14                  IBUF (Prop_ibuf_I_O)         1.388    21.388 r  clkgen/io_clk_ibuf/O
                         net (fo=1, routed)           1.181    22.569    clkgen/io_clk_buf
    PLLE2_ADV_X0Y1       PLLE2_ADV (Prop_plle2_adv_CLKIN1_CLKOUT0)
                                                     -7.740    14.829 r  clkgen/pll/CLKOUT0
                         net (fo=1, routed)           1.582    16.411    clkgen/clk_50_unbuf
    BUFGCTRL_X0Y16       BUFG (Prop_bufg_I_O)         0.091    16.502 r  clkgen/clk_50_bufg/O
                         net (fo=3640, routed)        0.133    16.635    u_ibex_demo_system/u_top/core_clock_gate_i/gen_xilinx.u_impl_xilinx/clk_sys
    BUFGCTRL_X0Y17       BUFGCTRL (Prop_bufgctrl_I0_O)
                                                      0.091    16.726 r  u_ibex_demo_system/u_top/core_clock_gate_i/gen_xilinx.u_impl_xilinx/gen_gate.gen_bufgce.u_bufgce/O
                         net (fo=1456, routed)        1.440    18.167    u_ibex_demo_system/u_top/u_ibex_core/id_stage_i/CLK
    SLICE_X44Y29         FDCE                                         r  u_ibex_demo_system/u_top/u_ibex_core/id_stage_i/gen_intermediate_val_reg[0].imd_val_q_reg[0][26]/C
                         clock pessimism             -0.506    17.661    
                         clock uncertainty           -0.074    17.587    
    SLICE_X44Y29         FDCE (Recov_fdce_C_CLR)     -0.405    17.182    u_ibex_demo_system/u_top/u_ibex_core/id_stage_i/gen_intermediate_val_reg[0].imd_val_q_reg[0][26]
  -------------------------------------------------------------------
                         required time                         17.182    
                         arrival time                          -8.978    
  -------------------------------------------------------------------
                         slack                                  8.204    

Slack (MET) :             8.318ns  (required time - arrival time)
  Source:                 u_ibex_demo_system/gen_dm_top.u_dm_top/i_dm_csrs/dmcontrol_q_reg[ndmreset]/C
                            (rising edge-triggered cell FDCE clocked by clk_50_unbuf  {rise@0.000ns fall@10.000ns period=20.000ns})
  Destination:            u_ibex_demo_system/u_top/u_ibex_core/load_store_unit_i/addr_last_q_reg[23]/CLR
                            (recovery check against rising-edge clock clk_50_unbuf  {rise@0.000ns fall@10.000ns period=20.000ns})
  Path Group:             **async_default**
  Path Type:              Recovery (Max at Slow Process Corner)
  Requirement:            20.000ns  (clk_50_unbuf rise@20.000ns - clk_50_unbuf rise@0.000ns)
  Data Path Delay:        11.299ns  (logic 0.580ns (5.133%)  route 10.719ns (94.867%))
  Logic Levels:           1  (LUT3=1)
  Clock Path Skew:        0.096ns (DCD - SCD + CPR)
    Destination Clock Delay (DCD):    -1.834ns = ( 18.166 - 20.000 ) 
    Source Clock Delay      (SCD):    -2.436ns
    Clock Pessimism Removal (CPR):    -0.506ns
  Clock Uncertainty:      0.074ns  ((TSJ^2 + DJ^2)^1/2) / 2 + PE
    Total System Jitter     (TSJ):    0.071ns
    Discrete Jitter          (DJ):    0.130ns
    Phase Error              (PE):    0.000ns

    Location             Delay type                Incr(ns)  Path(ns)    Netlist Resource(s)
  -------------------------------------------------------------------    -------------------
                         (clock clk_50_unbuf rise edge)
                                                      0.000     0.000 r  
    F14                                               0.000     0.000 r  IO_CLK (IN)
                         net (fo=0)                   0.000     0.000    clkgen/IO_CLK
    F14                  IBUF (Prop_ibuf_I_O)         1.458     1.458 r  clkgen/io_clk_ibuf/O
                         net (fo=1, routed)           1.253     2.712    clkgen/io_clk_buf
    PLLE2_ADV_X0Y1       PLLE2_ADV (Prop_plle2_adv_CLKIN1_CLKOUT0)
                                                     -8.471    -5.760 r  clkgen/pll/CLKOUT0
                         net (fo=1, routed)           1.660    -4.099    clkgen/clk_50_unbuf
    BUFGCTRL_X0Y16       BUFG (Prop_bufg_I_O)         0.096    -4.003 r  clkgen/clk_50_bufg/O
                         net (fo=3640, routed)        1.567    -2.436    u_ibex_demo_system/gen_dm_top.u_dm_top/i_dm_csrs/clk_sys
    SLICE_X35Y47         FDCE                                         r  u_ibex_demo_system/gen_dm_top.u_dm_top/i_dm_csrs/dmcontrol_q_reg[ndmreset]/C
  -------------------------------------------------------------------    -------------------
    SLICE_X35Y47         FDCE (Prop_fdce_C_Q)         0.456    -1.980 f  u_ibex_demo_system/gen_dm_top.u_dm_top/i_dm_csrs/dmcontrol_q_reg[ndmreset]/Q
                         net (fo=13, routed)          0.626    -1.354    u_ibex_demo_system/gen_dm_top.u_dm_top/i_dm_csrs/dmcontrol_q_reg[ndmreset]_0
    SLICE_X29Y47         LUT3 (Prop_lut3_I0_O)        0.124    -1.230 f  u_ibex_demo_system/gen_dm_top.u_dm_top/i_dm_csrs/valid_q[2]_i_2/O
                         net (fo=1101, routed)       10.093     8.863    u_ibex_demo_system/u_top/u_ibex_core/load_store_unit_i/addr_last_q_reg[31]_1
    SLICE_X41Y30         FDCE                                         f  u_ibex_demo_system/u_top/u_ibex_core/load_store_unit_i/addr_last_q_reg[23]/CLR
  -------------------------------------------------------------------    -------------------

                         (clock clk_50_unbuf rise edge)
                                                     20.000    20.000 r  
    F14                                               0.000    20.000 r  IO_CLK (IN)
                         net (fo=0)                   0.000    20.000    clkgen/IO_CLK
    F14                  IBUF (Prop_ibuf_I_O)         1.388    21.388 r  clkgen/io_clk_ibuf/O
                         net (fo=1, routed)           1.181    22.569    clkgen/io_clk_buf
    PLLE2_ADV_X0Y1       PLLE2_ADV (Prop_plle2_adv_CLKIN1_CLKOUT0)
                                                     -7.740    14.829 r  clkgen/pll/CLKOUT0
                         net (fo=1, routed)           1.582    16.411    clkgen/clk_50_unbuf
    BUFGCTRL_X0Y16       BUFG (Prop_bufg_I_O)         0.091    16.502 r  clkgen/clk_50_bufg/O
                         net (fo=3640, routed)        0.133    16.635    u_ibex_demo_system/u_top/core_clock_gate_i/gen_xilinx.u_impl_xilinx/clk_sys
    BUFGCTRL_X0Y17       BUFGCTRL (Prop_bufgctrl_I0_O)
                                                      0.091    16.726 r  u_ibex_demo_system/u_top/core_clock_gate_i/gen_xilinx.u_impl_xilinx/gen_gate.gen_bufgce.u_bufgce/O
                         net (fo=1456, routed)        1.439    18.166    u_ibex_demo_system/u_top/u_ibex_core/load_store_unit_i/CLK
    SLICE_X41Y30         FDCE                                         r  u_ibex_demo_system/u_top/u_ibex_core/load_store_unit_i/addr_last_q_reg[23]/C
                         clock pessimism             -0.506    17.660    
                         clock uncertainty           -0.074    17.586    
    SLICE_X41Y30         FDCE (Recov_fdce_C_CLR)     -0.405    17.181    u_ibex_demo_system/u_top/u_ibex_core/load_store_unit_i/addr_last_q_reg[23]
  -------------------------------------------------------------------
                         required time                         17.181    
                         arrival time                          -8.863    
  -------------------------------------------------------------------
                         slack                                  8.318    

Slack (MET) :             8.318ns  (required time - arrival time)
  Source:                 u_ibex_demo_system/gen_dm_top.u_dm_top/i_dm_csrs/dmcontrol_q_reg[ndmreset]/C
                            (rising edge-triggered cell FDCE clocked by clk_50_unbuf  {rise@0.000ns fall@10.000ns period=20.000ns})
  Destination:            u_ibex_demo_system/u_top/u_ibex_core/load_store_unit_i/addr_last_q_reg[24]/CLR
                            (recovery check against rising-edge clock clk_50_unbuf  {rise@0.000ns fall@10.000ns period=20.000ns})
  Path Group:             **async_default**
  Path Type:              Recovery (Max at Slow Process Corner)
  Requirement:            20.000ns  (clk_50_unbuf rise@20.000ns - clk_50_unbuf rise@0.000ns)
  Data Path Delay:        11.299ns  (logic 0.580ns (5.133%)  route 10.719ns (94.867%))
  Logic Levels:           1  (LUT3=1)
  Clock Path Skew:        0.096ns (DCD - SCD + CPR)
    Destination Clock Delay (DCD):    -1.834ns = ( 18.166 - 20.000 ) 
    Source Clock Delay      (SCD):    -2.436ns
    Clock Pessimism Removal (CPR):    -0.506ns
  Clock Uncertainty:      0.074ns  ((TSJ^2 + DJ^2)^1/2) / 2 + PE
    Total System Jitter     (TSJ):    0.071ns
    Discrete Jitter          (DJ):    0.130ns
    Phase Error              (PE):    0.000ns

    Location             Delay type                Incr(ns)  Path(ns)    Netlist Resource(s)
  -------------------------------------------------------------------    -------------------
                         (clock clk_50_unbuf rise edge)
                                                      0.000     0.000 r  
    F14                                               0.000     0.000 r  IO_CLK (IN)
                         net (fo=0)                   0.000     0.000    clkgen/IO_CLK
    F14                  IBUF (Prop_ibuf_I_O)         1.458     1.458 r  clkgen/io_clk_ibuf/O
                         net (fo=1, routed)           1.253     2.712    clkgen/io_clk_buf
    PLLE2_ADV_X0Y1       PLLE2_ADV (Prop_plle2_adv_CLKIN1_CLKOUT0)
                                                     -8.471    -5.760 r  clkgen/pll/CLKOUT0
                         net (fo=1, routed)           1.660    -4.099    clkgen/clk_50_unbuf
    BUFGCTRL_X0Y16       BUFG (Prop_bufg_I_O)         0.096    -4.003 r  clkgen/clk_50_bufg/O
                         net (fo=3640, routed)        1.567    -2.436    u_ibex_demo_system/gen_dm_top.u_dm_top/i_dm_csrs/clk_sys
    SLICE_X35Y47         FDCE                                         r  u_ibex_demo_system/gen_dm_top.u_dm_top/i_dm_csrs/dmcontrol_q_reg[ndmreset]/C
  -------------------------------------------------------------------    -------------------
    SLICE_X35Y47         FDCE (Prop_fdce_C_Q)         0.456    -1.980 f  u_ibex_demo_system/gen_dm_top.u_dm_top/i_dm_csrs/dmcontrol_q_reg[ndmreset]/Q
                         net (fo=13, routed)          0.626    -1.354    u_ibex_demo_system/gen_dm_top.u_dm_top/i_dm_csrs/dmcontrol_q_reg[ndmreset]_0
    SLICE_X29Y47         LUT3 (Prop_lut3_I0_O)        0.124    -1.230 f  u_ibex_demo_system/gen_dm_top.u_dm_top/i_dm_csrs/valid_q[2]_i_2/O
                         net (fo=1101, routed)       10.093     8.863    u_ibex_demo_system/u_top/u_ibex_core/load_store_unit_i/addr_last_q_reg[31]_1
    SLICE_X41Y30         FDCE                                         f  u_ibex_demo_system/u_top/u_ibex_core/load_store_unit_i/addr_last_q_reg[24]/CLR
  -------------------------------------------------------------------    -------------------

                         (clock clk_50_unbuf rise edge)
                                                     20.000    20.000 r  
    F14                                               0.000    20.000 r  IO_CLK (IN)
                         net (fo=0)                   0.000    20.000    clkgen/IO_CLK
    F14                  IBUF (Prop_ibuf_I_O)         1.388    21.388 r  clkgen/io_clk_ibuf/O
                         net (fo=1, routed)           1.181    22.569    clkgen/io_clk_buf
    PLLE2_ADV_X0Y1       PLLE2_ADV (Prop_plle2_adv_CLKIN1_CLKOUT0)
                                                     -7.740    14.829 r  clkgen/pll/CLKOUT0
                         net (fo=1, routed)           1.582    16.411    clkgen/clk_50_unbuf
    BUFGCTRL_X0Y16       BUFG (Prop_bufg_I_O)         0.091    16.502 r  clkgen/clk_50_bufg/O
                         net (fo=3640, routed)        0.133    16.635    u_ibex_demo_system/u_top/core_clock_gate_i/gen_xilinx.u_impl_xilinx/clk_sys
    BUFGCTRL_X0Y17       BUFGCTRL (Prop_bufgctrl_I0_O)
                                                      0.091    16.726 r  u_ibex_demo_system/u_top/core_clock_gate_i/gen_xilinx.u_impl_xilinx/gen_gate.gen_bufgce.u_bufgce/O
                         net (fo=1456, routed)        1.439    18.166    u_ibex_demo_system/u_top/u_ibex_core/load_store_unit_i/CLK
    SLICE_X41Y30         FDCE                                         r  u_ibex_demo_system/u_top/u_ibex_core/load_store_unit_i/addr_last_q_reg[24]/C
                         clock pessimism             -0.506    17.660    
                         clock uncertainty           -0.074    17.586    
    SLICE_X41Y30         FDCE (Recov_fdce_C_CLR)     -0.405    17.181    u_ibex_demo_system/u_top/u_ibex_core/load_store_unit_i/addr_last_q_reg[24]
  -------------------------------------------------------------------
                         required time                         17.181    
                         arrival time                          -8.863    
  -------------------------------------------------------------------
                         slack                                  8.318    

Slack (MET) :             8.318ns  (required time - arrival time)
  Source:                 u_ibex_demo_system/gen_dm_top.u_dm_top/i_dm_csrs/dmcontrol_q_reg[ndmreset]/C
                            (rising edge-triggered cell FDCE clocked by clk_50_unbuf  {rise@0.000ns fall@10.000ns period=20.000ns})
  Destination:            u_ibex_demo_system/u_top/u_ibex_core/load_store_unit_i/addr_last_q_reg[25]/CLR
                            (recovery check against rising-edge clock clk_50_unbuf  {rise@0.000ns fall@10.000ns period=20.000ns})
  Path Group:             **async_default**
  Path Type:              Recovery (Max at Slow Process Corner)
  Requirement:            20.000ns  (clk_50_unbuf rise@20.000ns - clk_50_unbuf rise@0.000ns)
  Data Path Delay:        11.299ns  (logic 0.580ns (5.133%)  route 10.719ns (94.867%))
  Logic Levels:           1  (LUT3=1)
  Clock Path Skew:        0.096ns (DCD - SCD + CPR)
    Destination Clock Delay (DCD):    -1.834ns = ( 18.166 - 20.000 ) 
    Source Clock Delay      (SCD):    -2.436ns
    Clock Pessimism Removal (CPR):    -0.506ns
  Clock Uncertainty:      0.074ns  ((TSJ^2 + DJ^2)^1/2) / 2 + PE
    Total System Jitter     (TSJ):    0.071ns
    Discrete Jitter          (DJ):    0.130ns
    Phase Error              (PE):    0.000ns

    Location             Delay type                Incr(ns)  Path(ns)    Netlist Resource(s)
  -------------------------------------------------------------------    -------------------
                         (clock clk_50_unbuf rise edge)
                                                      0.000     0.000 r  
    F14                                               0.000     0.000 r  IO_CLK (IN)
                         net (fo=0)                   0.000     0.000    clkgen/IO_CLK
    F14                  IBUF (Prop_ibuf_I_O)         1.458     1.458 r  clkgen/io_clk_ibuf/O
                         net (fo=1, routed)           1.253     2.712    clkgen/io_clk_buf
    PLLE2_ADV_X0Y1       PLLE2_ADV (Prop_plle2_adv_CLKIN1_CLKOUT0)
                                                     -8.471    -5.760 r  clkgen/pll/CLKOUT0
                         net (fo=1, routed)           1.660    -4.099    clkgen/clk_50_unbuf
    BUFGCTRL_X0Y16       BUFG (Prop_bufg_I_O)         0.096    -4.003 r  clkgen/clk_50_bufg/O
                         net (fo=3640, routed)        1.567    -2.436    u_ibex_demo_system/gen_dm_top.u_dm_top/i_dm_csrs/clk_sys
    SLICE_X35Y47         FDCE                                         r  u_ibex_demo_system/gen_dm_top.u_dm_top/i_dm_csrs/dmcontrol_q_reg[ndmreset]/C
  -------------------------------------------------------------------    -------------------
    SLICE_X35Y47         FDCE (Prop_fdce_C_Q)         0.456    -1.980 f  u_ibex_demo_system/gen_dm_top.u_dm_top/i_dm_csrs/dmcontrol_q_reg[ndmreset]/Q
                         net (fo=13, routed)          0.626    -1.354    u_ibex_demo_system/gen_dm_top.u_dm_top/i_dm_csrs/dmcontrol_q_reg[ndmreset]_0
    SLICE_X29Y47         LUT3 (Prop_lut3_I0_O)        0.124    -1.230 f  u_ibex_demo_system/gen_dm_top.u_dm_top/i_dm_csrs/valid_q[2]_i_2/O
                         net (fo=1101, routed)       10.093     8.863    u_ibex_demo_system/u_top/u_ibex_core/load_store_unit_i/addr_last_q_reg[31]_1
    SLICE_X41Y30         FDCE                                         f  u_ibex_demo_system/u_top/u_ibex_core/load_store_unit_i/addr_last_q_reg[25]/CLR
  -------------------------------------------------------------------    -------------------

                         (clock clk_50_unbuf rise edge)
                                                     20.000    20.000 r  
    F14                                               0.000    20.000 r  IO_CLK (IN)
                         net (fo=0)                   0.000    20.000    clkgen/IO_CLK
    F14                  IBUF (Prop_ibuf_I_O)         1.388    21.388 r  clkgen/io_clk_ibuf/O
                         net (fo=1, routed)           1.181    22.569    clkgen/io_clk_buf
    PLLE2_ADV_X0Y1       PLLE2_ADV (Prop_plle2_adv_CLKIN1_CLKOUT0)
                                                     -7.740    14.829 r  clkgen/pll/CLKOUT0
                         net (fo=1, routed)           1.582    16.411    clkgen/clk_50_unbuf
    BUFGCTRL_X0Y16       BUFG (Prop_bufg_I_O)         0.091    16.502 r  clkgen/clk_50_bufg/O
                         net (fo=3640, routed)        0.133    16.635    u_ibex_demo_system/u_top/core_clock_gate_i/gen_xilinx.u_impl_xilinx/clk_sys
    BUFGCTRL_X0Y17       BUFGCTRL (Prop_bufgctrl_I0_O)
                                                      0.091    16.726 r  u_ibex_demo_system/u_top/core_clock_gate_i/gen_xilinx.u_impl_xilinx/gen_gate.gen_bufgce.u_bufgce/O
                         net (fo=1456, routed)        1.439    18.166    u_ibex_demo_system/u_top/u_ibex_core/load_store_unit_i/CLK
    SLICE_X41Y30         FDCE                                         r  u_ibex_demo_system/u_top/u_ibex_core/load_store_unit_i/addr_last_q_reg[25]/C
                         clock pessimism             -0.506    17.660    
                         clock uncertainty           -0.074    17.586    
    SLICE_X41Y30         FDCE (Recov_fdce_C_CLR)     -0.405    17.181    u_ibex_demo_system/u_top/u_ibex_core/load_store_unit_i/addr_last_q_reg[25]
  -------------------------------------------------------------------
                         required time                         17.181    
                         arrival time                          -8.863    
  -------------------------------------------------------------------
                         slack                                  8.318    

Slack (MET) :             8.318ns  (required time - arrival time)
  Source:                 u_ibex_demo_system/gen_dm_top.u_dm_top/i_dm_csrs/dmcontrol_q_reg[ndmreset]/C
                            (rising edge-triggered cell FDCE clocked by clk_50_unbuf  {rise@0.000ns fall@10.000ns period=20.000ns})
  Destination:            u_ibex_demo_system/u_top/u_ibex_core/load_store_unit_i/addr_last_q_reg[26]/CLR
                            (recovery check against rising-edge clock clk_50_unbuf  {rise@0.000ns fall@10.000ns period=20.000ns})
  Path Group:             **async_default**
  Path Type:              Recovery (Max at Slow Process Corner)
  Requirement:            20.000ns  (clk_50_unbuf rise@20.000ns - clk_50_unbuf rise@0.000ns)
  Data Path Delay:        11.299ns  (logic 0.580ns (5.133%)  route 10.719ns (94.867%))
  Logic Levels:           1  (LUT3=1)
  Clock Path Skew:        0.096ns (DCD - SCD + CPR)
    Destination Clock Delay (DCD):    -1.834ns = ( 18.166 - 20.000 ) 
    Source Clock Delay      (SCD):    -2.436ns
    Clock Pessimism Removal (CPR):    -0.506ns
  Clock Uncertainty:      0.074ns  ((TSJ^2 + DJ^2)^1/2) / 2 + PE
    Total System Jitter     (TSJ):    0.071ns
    Discrete Jitter          (DJ):    0.130ns
    Phase Error              (PE):    0.000ns

    Location             Delay type                Incr(ns)  Path(ns)    Netlist Resource(s)
  -------------------------------------------------------------------    -------------------
                         (clock clk_50_unbuf rise edge)
                                                      0.000     0.000 r  
    F14                                               0.000     0.000 r  IO_CLK (IN)
                         net (fo=0)                   0.000     0.000    clkgen/IO_CLK
    F14                  IBUF (Prop_ibuf_I_O)         1.458     1.458 r  clkgen/io_clk_ibuf/O
                         net (fo=1, routed)           1.253     2.712    clkgen/io_clk_buf
    PLLE2_ADV_X0Y1       PLLE2_ADV (Prop_plle2_adv_CLKIN1_CLKOUT0)
                                                     -8.471    -5.760 r  clkgen/pll/CLKOUT0
                         net (fo=1, routed)           1.660    -4.099    clkgen/clk_50_unbuf
    BUFGCTRL_X0Y16       BUFG (Prop_bufg_I_O)         0.096    -4.003 r  clkgen/clk_50_bufg/O
                         net (fo=3640, routed)        1.567    -2.436    u_ibex_demo_system/gen_dm_top.u_dm_top/i_dm_csrs/clk_sys
    SLICE_X35Y47         FDCE                                         r  u_ibex_demo_system/gen_dm_top.u_dm_top/i_dm_csrs/dmcontrol_q_reg[ndmreset]/C
  -------------------------------------------------------------------    -------------------
    SLICE_X35Y47         FDCE (Prop_fdce_C_Q)         0.456    -1.980 f  u_ibex_demo_system/gen_dm_top.u_dm_top/i_dm_csrs/dmcontrol_q_reg[ndmreset]/Q
                         net (fo=13, routed)          0.626    -1.354    u_ibex_demo_system/gen_dm_top.u_dm_top/i_dm_csrs/dmcontrol_q_reg[ndmreset]_0
    SLICE_X29Y47         LUT3 (Prop_lut3_I0_O)        0.124    -1.230 f  u_ibex_demo_system/gen_dm_top.u_dm_top/i_dm_csrs/valid_q[2]_i_2/O
                         net (fo=1101, routed)       10.093     8.863    u_ibex_demo_system/u_top/u_ibex_core/load_store_unit_i/addr_last_q_reg[31]_1
    SLICE_X41Y30         FDCE                                         f  u_ibex_demo_system/u_top/u_ibex_core/load_store_unit_i/addr_last_q_reg[26]/CLR
  -------------------------------------------------------------------    -------------------

                         (clock clk_50_unbuf rise edge)
                                                     20.000    20.000 r  
    F14                                               0.000    20.000 r  IO_CLK (IN)
                         net (fo=0)                   0.000    20.000    clkgen/IO_CLK
    F14                  IBUF (Prop_ibuf_I_O)         1.388    21.388 r  clkgen/io_clk_ibuf/O
                         net (fo=1, routed)           1.181    22.569    clkgen/io_clk_buf
    PLLE2_ADV_X0Y1       PLLE2_ADV (Prop_plle2_adv_CLKIN1_CLKOUT0)
                                                     -7.740    14.829 r  clkgen/pll/CLKOUT0
                         net (fo=1, routed)           1.582    16.411    clkgen/clk_50_unbuf
    BUFGCTRL_X0Y16       BUFG (Prop_bufg_I_O)         0.091    16.502 r  clkgen/clk_50_bufg/O
                         net (fo=3640, routed)        0.133    16.635    u_ibex_demo_system/u_top/core_clock_gate_i/gen_xilinx.u_impl_xilinx/clk_sys
    BUFGCTRL_X0Y17       BUFGCTRL (Prop_bufgctrl_I0_O)
                                                      0.091    16.726 r  u_ibex_demo_system/u_top/core_clock_gate_i/gen_xilinx.u_impl_xilinx/gen_gate.gen_bufgce.u_bufgce/O
                         net (fo=1456, routed)        1.439    18.166    u_ibex_demo_system/u_top/u_ibex_core/load_store_unit_i/CLK
    SLICE_X41Y30         FDCE                                         r  u_ibex_demo_system/u_top/u_ibex_core/load_store_unit_i/addr_last_q_reg[26]/C
                         clock pessimism             -0.506    17.660    
                         clock uncertainty           -0.074    17.586    
    SLICE_X41Y30         FDCE (Recov_fdce_C_CLR)     -0.405    17.181    u_ibex_demo_system/u_top/u_ibex_core/load_store_unit_i/addr_last_q_reg[26]
  -------------------------------------------------------------------
                         required time                         17.181    
                         arrival time                          -8.863    
  -------------------------------------------------------------------
                         slack                                  8.318    

Slack (MET) :             8.467ns  (required time - arrival time)
  Source:                 u_ibex_demo_system/gen_dm_top.u_dm_top/i_dm_csrs/dmcontrol_q_reg[ndmreset]/C
                            (rising edge-triggered cell FDCE clocked by clk_50_unbuf  {rise@0.000ns fall@10.000ns period=20.000ns})
  Destination:            u_ibex_demo_system/u_top/u_ibex_core/load_store_unit_i/addr_last_q_reg[27]/CLR
                            (recovery check against rising-edge clock clk_50_unbuf  {rise@0.000ns fall@10.000ns period=20.000ns})
  Path Group:             **async_default**
  Path Type:              Recovery (Max at Slow Process Corner)
  Requirement:            20.000ns  (clk_50_unbuf rise@20.000ns - clk_50_unbuf rise@0.000ns)
  Data Path Delay:        11.151ns  (logic 0.580ns (5.201%)  route 10.571ns (94.799%))
  Logic Levels:           1  (LUT3=1)
  Clock Path Skew:        0.097ns (DCD - SCD + CPR)
    Destination Clock Delay (DCD):    -1.833ns = ( 18.167 - 20.000 ) 
    Source Clock Delay      (SCD):    -2.436ns
    Clock Pessimism Removal (CPR):    -0.506ns
  Clock Uncertainty:      0.074ns  ((TSJ^2 + DJ^2)^1/2) / 2 + PE
    Total System Jitter     (TSJ):    0.071ns
    Discrete Jitter          (DJ):    0.130ns
    Phase Error              (PE):    0.000ns

    Location             Delay type                Incr(ns)  Path(ns)    Netlist Resource(s)
  -------------------------------------------------------------------    -------------------
                         (clock clk_50_unbuf rise edge)
                                                      0.000     0.000 r  
    F14                                               0.000     0.000 r  IO_CLK (IN)
                         net (fo=0)                   0.000     0.000    clkgen/IO_CLK
    F14                  IBUF (Prop_ibuf_I_O)         1.458     1.458 r  clkgen/io_clk_ibuf/O
                         net (fo=1, routed)           1.253     2.712    clkgen/io_clk_buf
    PLLE2_ADV_X0Y1       PLLE2_ADV (Prop_plle2_adv_CLKIN1_CLKOUT0)
                                                     -8.471    -5.760 r  clkgen/pll/CLKOUT0
                         net (fo=1, routed)           1.660    -4.099    clkgen/clk_50_unbuf
    BUFGCTRL_X0Y16       BUFG (Prop_bufg_I_O)         0.096    -4.003 r  clkgen/clk_50_bufg/O
                         net (fo=3640, routed)        1.567    -2.436    u_ibex_demo_system/gen_dm_top.u_dm_top/i_dm_csrs/clk_sys
    SLICE_X35Y47         FDCE                                         r  u_ibex_demo_system/gen_dm_top.u_dm_top/i_dm_csrs/dmcontrol_q_reg[ndmreset]/C
  -------------------------------------------------------------------    -------------------
    SLICE_X35Y47         FDCE (Prop_fdce_C_Q)         0.456    -1.980 f  u_ibex_demo_system/gen_dm_top.u_dm_top/i_dm_csrs/dmcontrol_q_reg[ndmreset]/Q
                         net (fo=13, routed)          0.626    -1.354    u_ibex_demo_system/gen_dm_top.u_dm_top/i_dm_csrs/dmcontrol_q_reg[ndmreset]_0
    SLICE_X29Y47         LUT3 (Prop_lut3_I0_O)        0.124    -1.230 f  u_ibex_demo_system/gen_dm_top.u_dm_top/i_dm_csrs/valid_q[2]_i_2/O
                         net (fo=1101, routed)        9.945     8.715    u_ibex_demo_system/u_top/u_ibex_core/load_store_unit_i/addr_last_q_reg[31]_1
    SLICE_X41Y31         FDCE                                         f  u_ibex_demo_system/u_top/u_ibex_core/load_store_unit_i/addr_last_q_reg[27]/CLR
  -------------------------------------------------------------------    -------------------

                         (clock clk_50_unbuf rise edge)
                                                     20.000    20.000 r  
    F14                                               0.000    20.000 r  IO_CLK (IN)
                         net (fo=0)                   0.000    20.000    clkgen/IO_CLK
    F14                  IBUF (Prop_ibuf_I_O)         1.388    21.388 r  clkgen/io_clk_ibuf/O
                         net (fo=1, routed)           1.181    22.569    clkgen/io_clk_buf
    PLLE2_ADV_X0Y1       PLLE2_ADV (Prop_plle2_adv_CLKIN1_CLKOUT0)
                                                     -7.740    14.829 r  clkgen/pll/CLKOUT0
                         net (fo=1, routed)           1.582    16.411    clkgen/clk_50_unbuf
    BUFGCTRL_X0Y16       BUFG (Prop_bufg_I_O)         0.091    16.502 r  clkgen/clk_50_bufg/O
                         net (fo=3640, routed)        0.133    16.635    u_ibex_demo_system/u_top/core_clock_gate_i/gen_xilinx.u_impl_xilinx/clk_sys
    BUFGCTRL_X0Y17       BUFGCTRL (Prop_bufgctrl_I0_O)
                                                      0.091    16.726 r  u_ibex_demo_system/u_top/core_clock_gate_i/gen_xilinx.u_impl_xilinx/gen_gate.gen_bufgce.u_bufgce/O
                         net (fo=1456, routed)        1.440    18.167    u_ibex_demo_system/u_top/u_ibex_core/load_store_unit_i/CLK
    SLICE_X41Y31         FDCE                                         r  u_ibex_demo_system/u_top/u_ibex_core/load_store_unit_i/addr_last_q_reg[27]/C
                         clock pessimism             -0.506    17.661    
                         clock uncertainty           -0.074    17.587    
    SLICE_X41Y31         FDCE (Recov_fdce_C_CLR)     -0.405    17.182    u_ibex_demo_system/u_top/u_ibex_core/load_store_unit_i/addr_last_q_reg[27]
  -------------------------------------------------------------------
                         required time                         17.182    
                         arrival time                          -8.715    
  -------------------------------------------------------------------
                         slack                                  8.467    

Slack (MET) :             8.467ns  (required time - arrival time)
  Source:                 u_ibex_demo_system/gen_dm_top.u_dm_top/i_dm_csrs/dmcontrol_q_reg[ndmreset]/C
                            (rising edge-triggered cell FDCE clocked by clk_50_unbuf  {rise@0.000ns fall@10.000ns period=20.000ns})
  Destination:            u_ibex_demo_system/u_top/u_ibex_core/load_store_unit_i/addr_last_q_reg[28]/CLR
                            (recovery check against rising-edge clock clk_50_unbuf  {rise@0.000ns fall@10.000ns period=20.000ns})
  Path Group:             **async_default**
  Path Type:              Recovery (Max at Slow Process Corner)
  Requirement:            20.000ns  (clk_50_unbuf rise@20.000ns - clk_50_unbuf rise@0.000ns)
  Data Path Delay:        11.151ns  (logic 0.580ns (5.201%)  route 10.571ns (94.799%))
  Logic Levels:           1  (LUT3=1)
  Clock Path Skew:        0.097ns (DCD - SCD + CPR)
    Destination Clock Delay (DCD):    -1.833ns = ( 18.167 - 20.000 ) 
    Source Clock Delay      (SCD):    -2.436ns
    Clock Pessimism Removal (CPR):    -0.506ns
  Clock Uncertainty:      0.074ns  ((TSJ^2 + DJ^2)^1/2) / 2 + PE
    Total System Jitter     (TSJ):    0.071ns
    Discrete Jitter          (DJ):    0.130ns
    Phase Error              (PE):    0.000ns

    Location             Delay type                Incr(ns)  Path(ns)    Netlist Resource(s)
  -------------------------------------------------------------------    -------------------
                         (clock clk_50_unbuf rise edge)
                                                      0.000     0.000 r  
    F14                                               0.000     0.000 r  IO_CLK (IN)
                         net (fo=0)                   0.000     0.000    clkgen/IO_CLK
    F14                  IBUF (Prop_ibuf_I_O)         1.458     1.458 r  clkgen/io_clk_ibuf/O
                         net (fo=1, routed)           1.253     2.712    clkgen/io_clk_buf
    PLLE2_ADV_X0Y1       PLLE2_ADV (Prop_plle2_adv_CLKIN1_CLKOUT0)
                                                     -8.471    -5.760 r  clkgen/pll/CLKOUT0
                         net (fo=1, routed)           1.660    -4.099    clkgen/clk_50_unbuf
    BUFGCTRL_X0Y16       BUFG (Prop_bufg_I_O)         0.096    -4.003 r  clkgen/clk_50_bufg/O
                         net (fo=3640, routed)        1.567    -2.436    u_ibex_demo_system/gen_dm_top.u_dm_top/i_dm_csrs/clk_sys
    SLICE_X35Y47         FDCE                                         r  u_ibex_demo_system/gen_dm_top.u_dm_top/i_dm_csrs/dmcontrol_q_reg[ndmreset]/C
  -------------------------------------------------------------------    -------------------
    SLICE_X35Y47         FDCE (Prop_fdce_C_Q)         0.456    -1.980 f  u_ibex_demo_system/gen_dm_top.u_dm_top/i_dm_csrs/dmcontrol_q_reg[ndmreset]/Q
                         net (fo=13, routed)          0.626    -1.354    u_ibex_demo_system/gen_dm_top.u_dm_top/i_dm_csrs/dmcontrol_q_reg[ndmreset]_0
    SLICE_X29Y47         LUT3 (Prop_lut3_I0_O)        0.124    -1.230 f  u_ibex_demo_system/gen_dm_top.u_dm_top/i_dm_csrs/valid_q[2]_i_2/O
                         net (fo=1101, routed)        9.945     8.715    u_ibex_demo_system/u_top/u_ibex_core/load_store_unit_i/addr_last_q_reg[31]_1
    SLICE_X41Y31         FDCE                                         f  u_ibex_demo_system/u_top/u_ibex_core/load_store_unit_i/addr_last_q_reg[28]/CLR
  -------------------------------------------------------------------    -------------------

                         (clock clk_50_unbuf rise edge)
                                                     20.000    20.000 r  
    F14                                               0.000    20.000 r  IO_CLK (IN)
                         net (fo=0)                   0.000    20.000    clkgen/IO_CLK
    F14                  IBUF (Prop_ibuf_I_O)         1.388    21.388 r  clkgen/io_clk_ibuf/O
                         net (fo=1, routed)           1.181    22.569    clkgen/io_clk_buf
    PLLE2_ADV_X0Y1       PLLE2_ADV (Prop_plle2_adv_CLKIN1_CLKOUT0)
                                                     -7.740    14.829 r  clkgen/pll/CLKOUT0
                         net (fo=1, routed)           1.582    16.411    clkgen/clk_50_unbuf
    BUFGCTRL_X0Y16       BUFG (Prop_bufg_I_O)         0.091    16.502 r  clkgen/clk_50_bufg/O
                         net (fo=3640, routed)        0.133    16.635    u_ibex_demo_system/u_top/core_clock_gate_i/gen_xilinx.u_impl_xilinx/clk_sys
    BUFGCTRL_X0Y17       BUFGCTRL (Prop_bufgctrl_I0_O)
                                                      0.091    16.726 r  u_ibex_demo_system/u_top/core_clock_gate_i/gen_xilinx.u_impl_xilinx/gen_gate.gen_bufgce.u_bufgce/O
                         net (fo=1456, routed)        1.440    18.167    u_ibex_demo_system/u_top/u_ibex_core/load_store_unit_i/CLK
    SLICE_X41Y31         FDCE                                         r  u_ibex_demo_system/u_top/u_ibex_core/load_store_unit_i/addr_last_q_reg[28]/C
                         clock pessimism             -0.506    17.661    
                         clock uncertainty           -0.074    17.587    
    SLICE_X41Y31         FDCE (Recov_fdce_C_CLR)     -0.405    17.182    u_ibex_demo_system/u_top/u_ibex_core/load_store_unit_i/addr_last_q_reg[28]
  -------------------------------------------------------------------
                         required time                         17.182    
                         arrival time                          -8.715    
  -------------------------------------------------------------------
                         slack                                  8.467    

Slack (MET) :             8.467ns  (required time - arrival time)
  Source:                 u_ibex_demo_system/gen_dm_top.u_dm_top/i_dm_csrs/dmcontrol_q_reg[ndmreset]/C
                            (rising edge-triggered cell FDCE clocked by clk_50_unbuf  {rise@0.000ns fall@10.000ns period=20.000ns})
  Destination:            u_ibex_demo_system/u_top/u_ibex_core/load_store_unit_i/addr_last_q_reg[29]/CLR
                            (recovery check against rising-edge clock clk_50_unbuf  {rise@0.000ns fall@10.000ns period=20.000ns})
  Path Group:             **async_default**
  Path Type:              Recovery (Max at Slow Process Corner)
  Requirement:            20.000ns  (clk_50_unbuf rise@20.000ns - clk_50_unbuf rise@0.000ns)
  Data Path Delay:        11.151ns  (logic 0.580ns (5.201%)  route 10.571ns (94.799%))
  Logic Levels:           1  (LUT3=1)
  Clock Path Skew:        0.097ns (DCD - SCD + CPR)
    Destination Clock Delay (DCD):    -1.833ns = ( 18.167 - 20.000 ) 
    Source Clock Delay      (SCD):    -2.436ns
    Clock Pessimism Removal (CPR):    -0.506ns
  Clock Uncertainty:      0.074ns  ((TSJ^2 + DJ^2)^1/2) / 2 + PE
    Total System Jitter     (TSJ):    0.071ns
    Discrete Jitter          (DJ):    0.130ns
    Phase Error              (PE):    0.000ns

    Location             Delay type                Incr(ns)  Path(ns)    Netlist Resource(s)
  -------------------------------------------------------------------    -------------------
                         (clock clk_50_unbuf rise edge)
                                                      0.000     0.000 r  
    F14                                               0.000     0.000 r  IO_CLK (IN)
                         net (fo=0)                   0.000     0.000    clkgen/IO_CLK
    F14                  IBUF (Prop_ibuf_I_O)         1.458     1.458 r  clkgen/io_clk_ibuf/O
                         net (fo=1, routed)           1.253     2.712    clkgen/io_clk_buf
    PLLE2_ADV_X0Y1       PLLE2_ADV (Prop_plle2_adv_CLKIN1_CLKOUT0)
                                                     -8.471    -5.760 r  clkgen/pll/CLKOUT0
                         net (fo=1, routed)           1.660    -4.099    clkgen/clk_50_unbuf
    BUFGCTRL_X0Y16       BUFG (Prop_bufg_I_O)         0.096    -4.003 r  clkgen/clk_50_bufg/O
                         net (fo=3640, routed)        1.567    -2.436    u_ibex_demo_system/gen_dm_top.u_dm_top/i_dm_csrs/clk_sys
    SLICE_X35Y47         FDCE                                         r  u_ibex_demo_system/gen_dm_top.u_dm_top/i_dm_csrs/dmcontrol_q_reg[ndmreset]/C
  -------------------------------------------------------------------    -------------------
    SLICE_X35Y47         FDCE (Prop_fdce_C_Q)         0.456    -1.980 f  u_ibex_demo_system/gen_dm_top.u_dm_top/i_dm_csrs/dmcontrol_q_reg[ndmreset]/Q
                         net (fo=13, routed)          0.626    -1.354    u_ibex_demo_system/gen_dm_top.u_dm_top/i_dm_csrs/dmcontrol_q_reg[ndmreset]_0
    SLICE_X29Y47         LUT3 (Prop_lut3_I0_O)        0.124    -1.230 f  u_ibex_demo_system/gen_dm_top.u_dm_top/i_dm_csrs/valid_q[2]_i_2/O
                         net (fo=1101, routed)        9.945     8.715    u_ibex_demo_system/u_top/u_ibex_core/load_store_unit_i/addr_last_q_reg[31]_1
    SLICE_X41Y31         FDCE                                         f  u_ibex_demo_system/u_top/u_ibex_core/load_store_unit_i/addr_last_q_reg[29]/CLR
  -------------------------------------------------------------------    -------------------

                         (clock clk_50_unbuf rise edge)
                                                     20.000    20.000 r  
    F14                                               0.000    20.000 r  IO_CLK (IN)
                         net (fo=0)                   0.000    20.000    clkgen/IO_CLK
    F14                  IBUF (Prop_ibuf_I_O)         1.388    21.388 r  clkgen/io_clk_ibuf/O
                         net (fo=1, routed)           1.181    22.569    clkgen/io_clk_buf
    PLLE2_ADV_X0Y1       PLLE2_ADV (Prop_plle2_adv_CLKIN1_CLKOUT0)
                                                     -7.740    14.829 r  clkgen/pll/CLKOUT0
                         net (fo=1, routed)           1.582    16.411    clkgen/clk_50_unbuf
    BUFGCTRL_X0Y16       BUFG (Prop_bufg_I_O)         0.091    16.502 r  clkgen/clk_50_bufg/O
                         net (fo=3640, routed)        0.133    16.635    u_ibex_demo_system/u_top/core_clock_gate_i/gen_xilinx.u_impl_xilinx/clk_sys
    BUFGCTRL_X0Y17       BUFGCTRL (Prop_bufgctrl_I0_O)
                                                      0.091    16.726 r  u_ibex_demo_system/u_top/core_clock_gate_i/gen_xilinx.u_impl_xilinx/gen_gate.gen_bufgce.u_bufgce/O
                         net (fo=1456, routed)        1.440    18.167    u_ibex_demo_system/u_top/u_ibex_core/load_store_unit_i/CLK
    SLICE_X41Y31         FDCE                                         r  u_ibex_demo_system/u_top/u_ibex_core/load_store_unit_i/addr_last_q_reg[29]/C
                         clock pessimism             -0.506    17.661    
                         clock uncertainty           -0.074    17.587    
    SLICE_X41Y31         FDCE (Recov_fdce_C_CLR)     -0.405    17.182    u_ibex_demo_system/u_top/u_ibex_core/load_store_unit_i/addr_last_q_reg[29]
  -------------------------------------------------------------------
                         required time                         17.182    
                         arrival time                          -8.715    
  -------------------------------------------------------------------
                         slack                                  8.467    

Slack (MET) :             8.467ns  (required time - arrival time)
  Source:                 u_ibex_demo_system/gen_dm_top.u_dm_top/i_dm_csrs/dmcontrol_q_reg[ndmreset]/C
                            (rising edge-triggered cell FDCE clocked by clk_50_unbuf  {rise@0.000ns fall@10.000ns period=20.000ns})
  Destination:            u_ibex_demo_system/u_top/u_ibex_core/load_store_unit_i/addr_last_q_reg[30]/CLR
                            (recovery check against rising-edge clock clk_50_unbuf  {rise@0.000ns fall@10.000ns period=20.000ns})
  Path Group:             **async_default**
  Path Type:              Recovery (Max at Slow Process Corner)
  Requirement:            20.000ns  (clk_50_unbuf rise@20.000ns - clk_50_unbuf rise@0.000ns)
  Data Path Delay:        11.151ns  (logic 0.580ns (5.201%)  route 10.571ns (94.799%))
  Logic Levels:           1  (LUT3=1)
  Clock Path Skew:        0.097ns (DCD - SCD + CPR)
    Destination Clock Delay (DCD):    -1.833ns = ( 18.167 - 20.000 ) 
    Source Clock Delay      (SCD):    -2.436ns
    Clock Pessimism Removal (CPR):    -0.506ns
  Clock Uncertainty:      0.074ns  ((TSJ^2 + DJ^2)^1/2) / 2 + PE
    Total System Jitter     (TSJ):    0.071ns
    Discrete Jitter          (DJ):    0.130ns
    Phase Error              (PE):    0.000ns

    Location             Delay type                Incr(ns)  Path(ns)    Netlist Resource(s)
  -------------------------------------------------------------------    -------------------
                         (clock clk_50_unbuf rise edge)
                                                      0.000     0.000 r  
    F14                                               0.000     0.000 r  IO_CLK (IN)
                         net (fo=0)                   0.000     0.000    clkgen/IO_CLK
    F14                  IBUF (Prop_ibuf_I_O)         1.458     1.458 r  clkgen/io_clk_ibuf/O
                         net (fo=1, routed)           1.253     2.712    clkgen/io_clk_buf
    PLLE2_ADV_X0Y1       PLLE2_ADV (Prop_plle2_adv_CLKIN1_CLKOUT0)
                                                     -8.471    -5.760 r  clkgen/pll/CLKOUT0
                         net (fo=1, routed)           1.660    -4.099    clkgen/clk_50_unbuf
    BUFGCTRL_X0Y16       BUFG (Prop_bufg_I_O)         0.096    -4.003 r  clkgen/clk_50_bufg/O
                         net (fo=3640, routed)        1.567    -2.436    u_ibex_demo_system/gen_dm_top.u_dm_top/i_dm_csrs/clk_sys
    SLICE_X35Y47         FDCE                                         r  u_ibex_demo_system/gen_dm_top.u_dm_top/i_dm_csrs/dmcontrol_q_reg[ndmreset]/C
  -------------------------------------------------------------------    -------------------
    SLICE_X35Y47         FDCE (Prop_fdce_C_Q)         0.456    -1.980 f  u_ibex_demo_system/gen_dm_top.u_dm_top/i_dm_csrs/dmcontrol_q_reg[ndmreset]/Q
                         net (fo=13, routed)          0.626    -1.354    u_ibex_demo_system/gen_dm_top.u_dm_top/i_dm_csrs/dmcontrol_q_reg[ndmreset]_0
    SLICE_X29Y47         LUT3 (Prop_lut3_I0_O)        0.124    -1.230 f  u_ibex_demo_system/gen_dm_top.u_dm_top/i_dm_csrs/valid_q[2]_i_2/O
                         net (fo=1101, routed)        9.945     8.715    u_ibex_demo_system/u_top/u_ibex_core/load_store_unit_i/addr_last_q_reg[31]_1
    SLICE_X41Y31         FDCE                                         f  u_ibex_demo_system/u_top/u_ibex_core/load_store_unit_i/addr_last_q_reg[30]/CLR
  -------------------------------------------------------------------    -------------------

                         (clock clk_50_unbuf rise edge)
                                                     20.000    20.000 r  
    F14                                               0.000    20.000 r  IO_CLK (IN)
                         net (fo=0)                   0.000    20.000    clkgen/IO_CLK
    F14                  IBUF (Prop_ibuf_I_O)         1.388    21.388 r  clkgen/io_clk_ibuf/O
                         net (fo=1, routed)           1.181    22.569    clkgen/io_clk_buf
    PLLE2_ADV_X0Y1       PLLE2_ADV (Prop_plle2_adv_CLKIN1_CLKOUT0)
                                                     -7.740    14.829 r  clkgen/pll/CLKOUT0
                         net (fo=1, routed)           1.582    16.411    clkgen/clk_50_unbuf
    BUFGCTRL_X0Y16       BUFG (Prop_bufg_I_O)         0.091    16.502 r  clkgen/clk_50_bufg/O
                         net (fo=3640, routed)        0.133    16.635    u_ibex_demo_system/u_top/core_clock_gate_i/gen_xilinx.u_impl_xilinx/clk_sys
    BUFGCTRL_X0Y17       BUFGCTRL (Prop_bufgctrl_I0_O)
                                                      0.091    16.726 r  u_ibex_demo_system/u_top/core_clock_gate_i/gen_xilinx.u_impl_xilinx/gen_gate.gen_bufgce.u_bufgce/O
                         net (fo=1456, routed)        1.440    18.167    u_ibex_demo_system/u_top/u_ibex_core/load_store_unit_i/CLK
    SLICE_X41Y31         FDCE                                         r  u_ibex_demo_system/u_top/u_ibex_core/load_store_unit_i/addr_last_q_reg[30]/C
                         clock pessimism             -0.506    17.661    
                         clock uncertainty           -0.074    17.587    
    SLICE_X41Y31         FDCE (Recov_fdce_C_CLR)     -0.405    17.182    u_ibex_demo_system/u_top/u_ibex_core/load_store_unit_i/addr_last_q_reg[30]
  -------------------------------------------------------------------
                         required time                         17.182    
                         arrival time                          -8.715    
  -------------------------------------------------------------------
                         slack                                  8.467    





Min Delay Paths
--------------------------------------------------------------------------------------
Slack (MET) :             0.638ns  (arrival time - required time)
  Source:                 u_ibex_demo_system/gen_dm_top.u_dm_top/i_dm_csrs/dmcontrol_q_reg[ndmreset]/C
                            (rising edge-triggered cell FDCE clocked by clk_50_unbuf  {rise@0.000ns fall@10.000ns period=20.000ns})
  Destination:            u_ibex_demo_system/u_top/u_ibex_core/id_stage_i/gen_intermediate_val_reg[0].imd_val_q_reg[0][28]/CLR
                            (removal check against rising-edge clock clk_50_unbuf  {rise@0.000ns fall@10.000ns period=20.000ns})
  Path Group:             **async_default**
  Path Type:              Removal (Min at Fast Process Corner)
  Requirement:            0.000ns  (clk_50_unbuf rise@0.000ns - clk_50_unbuf rise@0.000ns)
  Data Path Delay:        0.892ns  (logic 0.186ns (20.848%)  route 0.706ns (79.152%))
  Logic Levels:           1  (LUT3=1)
  Clock Path Skew:        0.321ns (DCD - SCD - CPR)
    Destination Clock Delay (DCD):    -0.278ns
    Source Clock Delay      (SCD):    -0.560ns
    Clock Pessimism Removal (CPR):    -0.038ns

    Location             Delay type                Incr(ns)  Path(ns)    Netlist Resource(s)
  -------------------------------------------------------------------    -------------------
                         (clock clk_50_unbuf rise edge)
                                                      0.000     0.000 r  
    F14                                               0.000     0.000 r  IO_CLK (IN)
                         net (fo=0)                   0.000     0.000    clkgen/IO_CLK
    F14                  IBUF (Prop_ibuf_I_O)         0.226     0.226 r  clkgen/io_clk_ibuf/O
                         net (fo=1, routed)           0.440     0.667    clkgen/io_clk_buf
    PLLE2_ADV_X0Y1       PLLE2_ADV (Prop_plle2_adv_CLKIN1_CLKOUT0)
                                                     -2.322    -1.655 r  clkgen/pll/CLKOUT0
                         net (fo=1, routed)           0.504    -1.151    clkgen/clk_50_unbuf
    BUFGCTRL_X0Y16       BUFG (Prop_bufg_I_O)         0.026    -1.125 r  clkgen/clk_50_bufg/O
                         net (fo=3640, routed)        0.565    -0.560    u_ibex_demo_system/gen_dm_top.u_dm_top/i_dm_csrs/clk_sys
    SLICE_X35Y47         FDCE                                         r  u_ibex_demo_system/gen_dm_top.u_dm_top/i_dm_csrs/dmcontrol_q_reg[ndmreset]/C
  -------------------------------------------------------------------    -------------------
    SLICE_X35Y47         FDCE (Prop_fdce_C_Q)         0.141    -0.419 f  u_ibex_demo_system/gen_dm_top.u_dm_top/i_dm_csrs/dmcontrol_q_reg[ndmreset]/Q
                         net (fo=13, routed)          0.259    -0.160    u_ibex_demo_system/gen_dm_top.u_dm_top/i_dm_csrs/dmcontrol_q_reg[ndmreset]_0
    SLICE_X29Y47         LUT3 (Prop_lut3_I0_O)        0.045    -0.115 f  u_ibex_demo_system/gen_dm_top.u_dm_top/i_dm_csrs/valid_q[2]_i_2/O
                         net (fo=1101, routed)        0.447     0.332    u_ibex_demo_system/u_top/u_ibex_core/id_stage_i/ctrl_fsm_cs_reg[3]
    SLICE_X30Y30         FDCE                                         f  u_ibex_demo_system/u_top/u_ibex_core/id_stage_i/gen_intermediate_val_reg[0].imd_val_q_reg[0][28]/CLR
  -------------------------------------------------------------------    -------------------

                         (clock clk_50_unbuf rise edge)
                                                      0.000     0.000 r  
    F14                                               0.000     0.000 r  IO_CLK (IN)
                         net (fo=0)                   0.000     0.000    clkgen/IO_CLK
    F14                  IBUF (Prop_ibuf_I_O)         0.414     0.414 r  clkgen/io_clk_ibuf/O
                         net (fo=1, routed)           0.481     0.895    clkgen/io_clk_buf
    PLLE2_ADV_X0Y1       PLLE2_ADV (Prop_plle2_adv_CLKIN1_CLKOUT0)
                                                     -2.637    -1.742 r  clkgen/pll/CLKOUT0
                         net (fo=1, routed)           0.550    -1.192    clkgen/clk_50_unbuf
    BUFGCTRL_X0Y16       BUFG (Prop_bufg_I_O)         0.029    -1.163 r  clkgen/clk_50_bufg/O
                         net (fo=3640, routed)        0.033    -1.130    u_ibex_demo_system/u_top/core_clock_gate_i/gen_xilinx.u_impl_xilinx/clk_sys
    BUFGCTRL_X0Y17       BUFGCTRL (Prop_bufgctrl_I0_O)
                                                      0.029    -1.101 r  u_ibex_demo_system/u_top/core_clock_gate_i/gen_xilinx.u_impl_xilinx/gen_gate.gen_bufgce.u_bufgce/O
                         net (fo=1456, routed)        0.824    -0.278    u_ibex_demo_system/u_top/u_ibex_core/id_stage_i/CLK
    SLICE_X30Y30         FDCE                                         r  u_ibex_demo_system/u_top/u_ibex_core/id_stage_i/gen_intermediate_val_reg[0].imd_val_q_reg[0][28]/C
                         clock pessimism              0.038    -0.239    
    SLICE_X30Y30         FDCE (Remov_fdce_C_CLR)     -0.067    -0.306    u_ibex_demo_system/u_top/u_ibex_core/id_stage_i/gen_intermediate_val_reg[0].imd_val_q_reg[0][28]
  -------------------------------------------------------------------
                         required time                          0.306    
                         arrival time                           0.332    
  -------------------------------------------------------------------
                         slack                                  0.638    

Slack (MET) :             0.663ns  (arrival time - required time)
  Source:                 u_ibex_demo_system/gen_dm_top.u_dm_top/i_dm_csrs/dmcontrol_q_reg[ndmreset]/C
                            (rising edge-triggered cell FDCE clocked by clk_50_unbuf  {rise@0.000ns fall@10.000ns period=20.000ns})
  Destination:            u_ibex_demo_system/u_top/u_ibex_core/id_stage_i/gen_intermediate_val_reg[0].imd_val_q_reg[0][27]/CLR
                            (removal check against rising-edge clock clk_50_unbuf  {rise@0.000ns fall@10.000ns period=20.000ns})
  Path Group:             **async_default**
  Path Type:              Removal (Min at Fast Process Corner)
  Requirement:            0.000ns  (clk_50_unbuf rise@0.000ns - clk_50_unbuf rise@0.000ns)
  Data Path Delay:        0.892ns  (logic 0.186ns (20.848%)  route 0.706ns (79.152%))
  Logic Levels:           1  (LUT3=1)
  Clock Path Skew:        0.321ns (DCD - SCD - CPR)
    Destination Clock Delay (DCD):    -0.278ns
    Source Clock Delay      (SCD):    -0.560ns
    Clock Pessimism Removal (CPR):    -0.038ns

    Location             Delay type                Incr(ns)  Path(ns)    Netlist Resource(s)
  -------------------------------------------------------------------    -------------------
                         (clock clk_50_unbuf rise edge)
                                                      0.000     0.000 r  
    F14                                               0.000     0.000 r  IO_CLK (IN)
                         net (fo=0)                   0.000     0.000    clkgen/IO_CLK
    F14                  IBUF (Prop_ibuf_I_O)         0.226     0.226 r  clkgen/io_clk_ibuf/O
                         net (fo=1, routed)           0.440     0.667    clkgen/io_clk_buf
    PLLE2_ADV_X0Y1       PLLE2_ADV (Prop_plle2_adv_CLKIN1_CLKOUT0)
                                                     -2.322    -1.655 r  clkgen/pll/CLKOUT0
                         net (fo=1, routed)           0.504    -1.151    clkgen/clk_50_unbuf
    BUFGCTRL_X0Y16       BUFG (Prop_bufg_I_O)         0.026    -1.125 r  clkgen/clk_50_bufg/O
                         net (fo=3640, routed)        0.565    -0.560    u_ibex_demo_system/gen_dm_top.u_dm_top/i_dm_csrs/clk_sys
    SLICE_X35Y47         FDCE                                         r  u_ibex_demo_system/gen_dm_top.u_dm_top/i_dm_csrs/dmcontrol_q_reg[ndmreset]/C
  -------------------------------------------------------------------    -------------------
    SLICE_X35Y47         FDCE (Prop_fdce_C_Q)         0.141    -0.419 f  u_ibex_demo_system/gen_dm_top.u_dm_top/i_dm_csrs/dmcontrol_q_reg[ndmreset]/Q
                         net (fo=13, routed)          0.259    -0.160    u_ibex_demo_system/gen_dm_top.u_dm_top/i_dm_csrs/dmcontrol_q_reg[ndmreset]_0
    SLICE_X29Y47         LUT3 (Prop_lut3_I0_O)        0.045    -0.115 f  u_ibex_demo_system/gen_dm_top.u_dm_top/i_dm_csrs/valid_q[2]_i_2/O
                         net (fo=1101, routed)        0.447     0.332    u_ibex_demo_system/u_top/u_ibex_core/id_stage_i/ctrl_fsm_cs_reg[3]
    SLICE_X31Y30         FDCE                                         f  u_ibex_demo_system/u_top/u_ibex_core/id_stage_i/gen_intermediate_val_reg[0].imd_val_q_reg[0][27]/CLR
  -------------------------------------------------------------------    -------------------

                         (clock clk_50_unbuf rise edge)
                                                      0.000     0.000 r  
    F14                                               0.000     0.000 r  IO_CLK (IN)
                         net (fo=0)                   0.000     0.000    clkgen/IO_CLK
    F14                  IBUF (Prop_ibuf_I_O)         0.414     0.414 r  clkgen/io_clk_ibuf/O
                         net (fo=1, routed)           0.481     0.895    clkgen/io_clk_buf
    PLLE2_ADV_X0Y1       PLLE2_ADV (Prop_plle2_adv_CLKIN1_CLKOUT0)
                                                     -2.637    -1.742 r  clkgen/pll/CLKOUT0
                         net (fo=1, routed)           0.550    -1.192    clkgen/clk_50_unbuf
    BUFGCTRL_X0Y16       BUFG (Prop_bufg_I_O)         0.029    -1.163 r  clkgen/clk_50_bufg/O
                         net (fo=3640, routed)        0.033    -1.130    u_ibex_demo_system/u_top/core_clock_gate_i/gen_xilinx.u_impl_xilinx/clk_sys
    BUFGCTRL_X0Y17       BUFGCTRL (Prop_bufgctrl_I0_O)
                                                      0.029    -1.101 r  u_ibex_demo_system/u_top/core_clock_gate_i/gen_xilinx.u_impl_xilinx/gen_gate.gen_bufgce.u_bufgce/O
                         net (fo=1456, routed)        0.824    -0.278    u_ibex_demo_system/u_top/u_ibex_core/id_stage_i/CLK
    SLICE_X31Y30         FDCE                                         r  u_ibex_demo_system/u_top/u_ibex_core/id_stage_i/gen_intermediate_val_reg[0].imd_val_q_reg[0][27]/C
                         clock pessimism              0.038    -0.239    
    SLICE_X31Y30         FDCE (Remov_fdce_C_CLR)     -0.092    -0.331    u_ibex_demo_system/u_top/u_ibex_core/id_stage_i/gen_intermediate_val_reg[0].imd_val_q_reg[0][27]
  -------------------------------------------------------------------
                         required time                          0.331    
                         arrival time                           0.332    
  -------------------------------------------------------------------
                         slack                                  0.663    

Slack (MET) :             0.704ns  (arrival time - required time)
  Source:                 u_ibex_demo_system/gen_dm_top.u_dm_top/dap/i_dmi_cdc/u_combined_rstn_sync/u_sync_2/gen_xilinx.u_impl_xilinx/q_o_reg[0]/C
                            (rising edge-triggered cell FDCE clocked by clk_50_unbuf  {rise@0.000ns fall@10.000ns period=20.000ns})
  Destination:            u_ibex_demo_system/gen_dm_top.u_dm_top/dap/i_dmi_cdc/i_cdc_req/u_prim_sync_reqack/gen_rz_hs_protocol.req_sync/u_sync_2/gen_xilinx.u_impl_xilinx/q_o_reg[0]/CLR
                            (removal check against rising-edge clock clk_50_unbuf  {rise@0.000ns fall@10.000ns period=20.000ns})
  Path Group:             **async_default**
  Path Type:              Removal (Min at Fast Process Corner)
  Requirement:            0.000ns  (clk_50_unbuf rise@0.000ns - clk_50_unbuf rise@0.000ns)
  Data Path Delay:        0.646ns  (logic 0.186ns (28.805%)  route 0.460ns (71.195%))
  Logic Levels:           1  (LUT1=1)
  Clock Path Skew:        0.034ns (DCD - SCD - CPR)
    Destination Clock Delay (DCD):    -0.341ns
    Source Clock Delay      (SCD):    -0.570ns
    Clock Pessimism Removal (CPR):    0.196ns

    Location             Delay type                Incr(ns)  Path(ns)    Netlist Resource(s)
  -------------------------------------------------------------------    -------------------
                         (clock clk_50_unbuf rise edge)
                                                      0.000     0.000 r  
    F14                                               0.000     0.000 r  IO_CLK (IN)
                         net (fo=0)                   0.000     0.000    clkgen/IO_CLK
    F14                  IBUF (Prop_ibuf_I_O)         0.226     0.226 r  clkgen/io_clk_ibuf/O
                         net (fo=1, routed)           0.440     0.667    clkgen/io_clk_buf
    PLLE2_ADV_X0Y1       PLLE2_ADV (Prop_plle2_adv_CLKIN1_CLKOUT0)
                                                     -2.322    -1.655 r  clkgen/pll/CLKOUT0
                         net (fo=1, routed)           0.504    -1.151    clkgen/clk_50_unbuf
    BUFGCTRL_X0Y16       BUFG (Prop_bufg_I_O)         0.026    -1.125 r  clkgen/clk_50_bufg/O
                         net (fo=3640, routed)        0.555    -0.570    u_ibex_demo_system/gen_dm_top.u_dm_top/dap/i_dmi_cdc/u_combined_rstn_sync/u_sync_2/gen_xilinx.u_impl_xilinx/clk_i
    SLICE_X29Y63         FDCE                                         r  u_ibex_demo_system/gen_dm_top.u_dm_top/dap/i_dmi_cdc/u_combined_rstn_sync/u_sync_2/gen_xilinx.u_impl_xilinx/q_o_reg[0]/C
  -------------------------------------------------------------------    -------------------
    SLICE_X29Y63         FDCE (Prop_fdce_C_Q)         0.141    -0.429 r  u_ibex_demo_system/gen_dm_top.u_dm_top/dap/i_dmi_cdc/u_combined_rstn_sync/u_sync_2/gen_xilinx.u_impl_xilinx/q_o_reg[0]/Q
                         net (fo=5, routed)           0.291    -0.138    u_ibex_demo_system/gen_dm_top.u_dm_top/dap/i_dmi_cdc/i_cdc_req/u_prim_sync_reqack/gen_rz_hs_protocol.req_sync/u_sync_2/gen_xilinx.u_impl_xilinx/rst_ni
    SLICE_X31Y63         LUT1 (Prop_lut1_I0_O)        0.045    -0.093 f  u_ibex_demo_system/gen_dm_top.u_dm_top/dap/i_dmi_cdc/i_cdc_req/u_prim_sync_reqack/gen_rz_hs_protocol.req_sync/u_sync_2/gen_xilinx.u_impl_xilinx/q_o[0]_i_1/O
                         net (fo=1, routed)           0.169     0.075    u_ibex_demo_system/gen_dm_top.u_dm_top/dap/i_dmi_cdc/i_cdc_req/u_prim_sync_reqack/gen_rz_hs_protocol.req_sync/u_sync_2/gen_xilinx.u_impl_xilinx/q_o[0]_i_1_n_0
    SLICE_X32Y63         FDCE                                         f  u_ibex_demo_system/gen_dm_top.u_dm_top/dap/i_dmi_cdc/i_cdc_req/u_prim_sync_reqack/gen_rz_hs_protocol.req_sync/u_sync_2/gen_xilinx.u_impl_xilinx/q_o_reg[0]/CLR
  -------------------------------------------------------------------    -------------------

                         (clock clk_50_unbuf rise edge)
                                                      0.000     0.000 r  
    F14                                               0.000     0.000 r  IO_CLK (IN)
                         net (fo=0)                   0.000     0.000    clkgen/IO_CLK
    F14                  IBUF (Prop_ibuf_I_O)         0.414     0.414 r  clkgen/io_clk_ibuf/O
                         net (fo=1, routed)           0.481     0.895    clkgen/io_clk_buf
    PLLE2_ADV_X0Y1       PLLE2_ADV (Prop_plle2_adv_CLKIN1_CLKOUT0)
                                                     -2.637    -1.742 r  clkgen/pll/CLKOUT0
                         net (fo=1, routed)           0.550    -1.192    clkgen/clk_50_unbuf
    BUFGCTRL_X0Y16       BUFG (Prop_bufg_I_O)         0.029    -1.163 r  clkgen/clk_50_bufg/O
                         net (fo=3640, routed)        0.822    -0.341    u_ibex_demo_system/gen_dm_top.u_dm_top/dap/i_dmi_cdc/i_cdc_req/u_prim_sync_reqack/gen_rz_hs_protocol.req_sync/u_sync_2/gen_xilinx.u_impl_xilinx/clk_i
    SLICE_X32Y63         FDCE                                         r  u_ibex_demo_system/gen_dm_top.u_dm_top/dap/i_dmi_cdc/i_cdc_req/u_prim_sync_reqack/gen_rz_hs_protocol.req_sync/u_sync_2/gen_xilinx.u_impl_xilinx/q_o_reg[0]/C
                         clock pessimism             -0.196    -0.536    
    SLICE_X32Y63         FDCE (Remov_fdce_C_CLR)     -0.092    -0.628    u_ibex_demo_system/gen_dm_top.u_dm_top/dap/i_dmi_cdc/i_cdc_req/u_prim_sync_reqack/gen_rz_hs_protocol.req_sync/u_sync_2/gen_xilinx.u_impl_xilinx/q_o_reg[0]
  -------------------------------------------------------------------
                         required time                          0.628    
                         arrival time                           0.075    
  -------------------------------------------------------------------
                         slack                                  0.704    

Slack (MET) :             0.748ns  (arrival time - required time)
  Source:                 u_ibex_demo_system/gen_dm_top.u_dm_top/dap/i_dmi_cdc/u_combined_rstn_sync/u_sync_2/gen_xilinx.u_impl_xilinx/q_o_reg[0]/C
                            (rising edge-triggered cell FDCE clocked by clk_50_unbuf  {rise@0.000ns fall@10.000ns period=20.000ns})
  Destination:            u_ibex_demo_system/gen_dm_top.u_dm_top/dap/i_dmi_cdc/i_cdc_resp/u_prim_sync_reqack/gen_rz_hs_protocol.ack_sync/u_sync_1/gen_xilinx.u_impl_xilinx/q_o_reg[0]/CLR
                            (removal check against rising-edge clock clk_50_unbuf  {rise@0.000ns fall@10.000ns period=20.000ns})
  Path Group:             **async_default**
  Path Type:              Removal (Min at Fast Process Corner)
  Requirement:            0.000ns  (clk_50_unbuf rise@0.000ns - clk_50_unbuf rise@0.000ns)
  Data Path Delay:        0.718ns  (logic 0.186ns (25.912%)  route 0.532ns (74.088%))
  Logic Levels:           1  (LUT1=1)
  Clock Path Skew:        0.037ns (DCD - SCD - CPR)
    Destination Clock Delay (DCD):    -0.338ns
    Source Clock Delay      (SCD):    -0.570ns
    Clock Pessimism Removal (CPR):    0.196ns

    Location             Delay type                Incr(ns)  Path(ns)    Netlist Resource(s)
  -------------------------------------------------------------------    -------------------
                         (clock clk_50_unbuf rise edge)
                                                      0.000     0.000 r  
    F14                                               0.000     0.000 r  IO_CLK (IN)
                         net (fo=0)                   0.000     0.000    clkgen/IO_CLK
    F14                  IBUF (Prop_ibuf_I_O)         0.226     0.226 r  clkgen/io_clk_ibuf/O
                         net (fo=1, routed)           0.440     0.667    clkgen/io_clk_buf
    PLLE2_ADV_X0Y1       PLLE2_ADV (Prop_plle2_adv_CLKIN1_CLKOUT0)
                                                     -2.322    -1.655 r  clkgen/pll/CLKOUT0
                         net (fo=1, routed)           0.504    -1.151    clkgen/clk_50_unbuf
    BUFGCTRL_X0Y16       BUFG (Prop_bufg_I_O)         0.026    -1.125 r  clkgen/clk_50_bufg/O
                         net (fo=3640, routed)        0.555    -0.570    u_ibex_demo_system/gen_dm_top.u_dm_top/dap/i_dmi_cdc/u_combined_rstn_sync/u_sync_2/gen_xilinx.u_impl_xilinx/clk_i
    SLICE_X29Y63         FDCE                                         r  u_ibex_demo_system/gen_dm_top.u_dm_top/dap/i_dmi_cdc/u_combined_rstn_sync/u_sync_2/gen_xilinx.u_impl_xilinx/q_o_reg[0]/C
  -------------------------------------------------------------------    -------------------
    SLICE_X29Y63         FDCE (Prop_fdce_C_Q)         0.141    -0.429 r  u_ibex_demo_system/gen_dm_top.u_dm_top/dap/i_dmi_cdc/u_combined_rstn_sync/u_sync_2/gen_xilinx.u_impl_xilinx/q_o_reg[0]/Q
                         net (fo=5, routed)           0.359    -0.070    u_ibex_demo_system/gen_dm_top.u_dm_top/dap/i_dmi_cdc/i_cdc_resp/u_prim_sync_reqack/gen_rz_hs_protocol.ack_sync/u_sync_1/gen_xilinx.u_impl_xilinx/rst_ni
    SLICE_X31Y61         LUT1 (Prop_lut1_I0_O)        0.045    -0.025 f  u_ibex_demo_system/gen_dm_top.u_dm_top/dap/i_dmi_cdc/i_cdc_resp/u_prim_sync_reqack/gen_rz_hs_protocol.ack_sync/u_sync_1/gen_xilinx.u_impl_xilinx/q_o[0]_i_1/O
                         net (fo=1, routed)           0.173     0.148    u_ibex_demo_system/gen_dm_top.u_dm_top/dap/i_dmi_cdc/i_cdc_resp/u_prim_sync_reqack/gen_rz_hs_protocol.ack_sync/u_sync_1/gen_xilinx.u_impl_xilinx/q_o[0]_i_1_n_0
    SLICE_X30Y61         FDCE                                         f  u_ibex_demo_system/gen_dm_top.u_dm_top/dap/i_dmi_cdc/i_cdc_resp/u_prim_sync_reqack/gen_rz_hs_protocol.ack_sync/u_sync_1/gen_xilinx.u_impl_xilinx/q_o_reg[0]/CLR
  -------------------------------------------------------------------    -------------------

                         (clock clk_50_unbuf rise edge)
                                                      0.000     0.000 r  
    F14                                               0.000     0.000 r  IO_CLK (IN)
                         net (fo=0)                   0.000     0.000    clkgen/IO_CLK
    F14                  IBUF (Prop_ibuf_I_O)         0.414     0.414 r  clkgen/io_clk_ibuf/O
                         net (fo=1, routed)           0.481     0.895    clkgen/io_clk_buf
    PLLE2_ADV_X0Y1       PLLE2_ADV (Prop_plle2_adv_CLKIN1_CLKOUT0)
                                                     -2.637    -1.742 r  clkgen/pll/CLKOUT0
                         net (fo=1, routed)           0.550    -1.192    clkgen/clk_50_unbuf
    BUFGCTRL_X0Y16       BUFG (Prop_bufg_I_O)         0.029    -1.163 r  clkgen/clk_50_bufg/O
                         net (fo=3640, routed)        0.826    -0.338    u_ibex_demo_system/gen_dm_top.u_dm_top/dap/i_dmi_cdc/i_cdc_resp/u_prim_sync_reqack/gen_rz_hs_protocol.ack_sync/u_sync_1/gen_xilinx.u_impl_xilinx/clk_i
    SLICE_X30Y61         FDCE                                         r  u_ibex_demo_system/gen_dm_top.u_dm_top/dap/i_dmi_cdc/i_cdc_resp/u_prim_sync_reqack/gen_rz_hs_protocol.ack_sync/u_sync_1/gen_xilinx.u_impl_xilinx/q_o_reg[0]/C
                         clock pessimism             -0.196    -0.533    
    SLICE_X30Y61         FDCE (Remov_fdce_C_CLR)     -0.067    -0.600    u_ibex_demo_system/gen_dm_top.u_dm_top/dap/i_dmi_cdc/i_cdc_resp/u_prim_sync_reqack/gen_rz_hs_protocol.ack_sync/u_sync_1/gen_xilinx.u_impl_xilinx/q_o_reg[0]
  -------------------------------------------------------------------
                         required time                          0.600    
                         arrival time                           0.148    
  -------------------------------------------------------------------
                         slack                                  0.748    

Slack (MET) :             0.768ns  (arrival time - required time)
  Source:                 u_ibex_demo_system/gen_dm_top.u_dm_top/dap/i_dmi_cdc/u_combined_rstn_sync/u_sync_2/gen_xilinx.u_impl_xilinx/q_o_reg[0]/C
                            (rising edge-triggered cell FDCE clocked by clk_50_unbuf  {rise@0.000ns fall@10.000ns period=20.000ns})
  Destination:            u_ibex_demo_system/gen_dm_top.u_dm_top/dap/i_dmi_cdc/i_cdc_resp/not_in_reset_q_reg/CLR
                            (removal check against rising-edge clock clk_50_unbuf  {rise@0.000ns fall@10.000ns period=20.000ns})
  Path Group:             **async_default**
  Path Type:              Removal (Min at Fast Process Corner)
  Requirement:            0.000ns  (clk_50_unbuf rise@0.000ns - clk_50_unbuf rise@0.000ns)
  Data Path Delay:        0.739ns  (logic 0.186ns (25.162%)  route 0.553ns (74.838%))
  Logic Levels:           1  (LUT1=1)
  Clock Path Skew:        0.038ns (DCD - SCD - CPR)
    Destination Clock Delay (DCD):    -0.337ns
    Source Clock Delay      (SCD):    -0.570ns
    Clock Pessimism Removal (CPR):    0.196ns

    Location             Delay type                Incr(ns)  Path(ns)    Netlist Resource(s)
  -------------------------------------------------------------------    -------------------
                         (clock clk_50_unbuf rise edge)
                                                      0.000     0.000 r  
    F14                                               0.000     0.000 r  IO_CLK (IN)
                         net (fo=0)                   0.000     0.000    clkgen/IO_CLK
    F14                  IBUF (Prop_ibuf_I_O)         0.226     0.226 r  clkgen/io_clk_ibuf/O
                         net (fo=1, routed)           0.440     0.667    clkgen/io_clk_buf
    PLLE2_ADV_X0Y1       PLLE2_ADV (Prop_plle2_adv_CLKIN1_CLKOUT0)
                                                     -2.322    -1.655 r  clkgen/pll/CLKOUT0
                         net (fo=1, routed)           0.504    -1.151    clkgen/clk_50_unbuf
    BUFGCTRL_X0Y16       BUFG (Prop_bufg_I_O)         0.026    -1.125 r  clkgen/clk_50_bufg/O
                         net (fo=3640, routed)        0.555    -0.570    u_ibex_demo_system/gen_dm_top.u_dm_top/dap/i_dmi_cdc/u_combined_rstn_sync/u_sync_2/gen_xilinx.u_impl_xilinx/clk_i
    SLICE_X29Y63         FDCE                                         r  u_ibex_demo_system/gen_dm_top.u_dm_top/dap/i_dmi_cdc/u_combined_rstn_sync/u_sync_2/gen_xilinx.u_impl_xilinx/q_o_reg[0]/C
  -------------------------------------------------------------------    -------------------
    SLICE_X29Y63         FDCE (Prop_fdce_C_Q)         0.141    -0.429 r  u_ibex_demo_system/gen_dm_top.u_dm_top/dap/i_dmi_cdc/u_combined_rstn_sync/u_sync_2/gen_xilinx.u_impl_xilinx/q_o_reg[0]/Q
                         net (fo=5, routed)           0.359    -0.070    u_ibex_demo_system/gen_dm_top.u_dm_top/dap/i_dmi_cdc/u_combined_rstn_sync/u_sync_2/q_o[0]
    SLICE_X31Y61         LUT1 (Prop_lut1_I0_O)        0.045    -0.025 f  u_ibex_demo_system/gen_dm_top.u_dm_top/dap/i_dmi_cdc/u_combined_rstn_sync/u_sync_2/gen_normal_ptrs.wptr_wrap_cnt_q[1]_i_2/O
                         net (fo=9, routed)           0.194     0.169    u_ibex_demo_system/gen_dm_top.u_dm_top/dap/i_dmi_cdc/i_cdc_resp/gen_rz_hs_protocol.src_fsm_q_reg
    SLICE_X30Y58         FDCE                                         f  u_ibex_demo_system/gen_dm_top.u_dm_top/dap/i_dmi_cdc/i_cdc_resp/not_in_reset_q_reg/CLR
  -------------------------------------------------------------------    -------------------

                         (clock clk_50_unbuf rise edge)
                                                      0.000     0.000 r  
    F14                                               0.000     0.000 r  IO_CLK (IN)
                         net (fo=0)                   0.000     0.000    clkgen/IO_CLK
    F14                  IBUF (Prop_ibuf_I_O)         0.414     0.414 r  clkgen/io_clk_ibuf/O
                         net (fo=1, routed)           0.481     0.895    clkgen/io_clk_buf
    PLLE2_ADV_X0Y1       PLLE2_ADV (Prop_plle2_adv_CLKIN1_CLKOUT0)
                                                     -2.637    -1.742 r  clkgen/pll/CLKOUT0
                         net (fo=1, routed)           0.550    -1.192    clkgen/clk_50_unbuf
    BUFGCTRL_X0Y16       BUFG (Prop_bufg_I_O)         0.029    -1.163 r  clkgen/clk_50_bufg/O
                         net (fo=3640, routed)        0.826    -0.337    u_ibex_demo_system/gen_dm_top.u_dm_top/dap/i_dmi_cdc/i_cdc_resp/clk_sys
    SLICE_X30Y58         FDCE                                         r  u_ibex_demo_system/gen_dm_top.u_dm_top/dap/i_dmi_cdc/i_cdc_resp/not_in_reset_q_reg/C
                         clock pessimism             -0.196    -0.532    
    SLICE_X30Y58         FDCE (Remov_fdce_C_CLR)     -0.067    -0.599    u_ibex_demo_system/gen_dm_top.u_dm_top/dap/i_dmi_cdc/i_cdc_resp/not_in_reset_q_reg
  -------------------------------------------------------------------
                         required time                          0.599    
                         arrival time                           0.169    
  -------------------------------------------------------------------
                         slack                                  0.768    

Slack (MET) :             0.793ns  (arrival time - required time)
  Source:                 u_ibex_demo_system/gen_dm_top.u_dm_top/dap/i_dmi_cdc/u_combined_rstn_sync/u_sync_2/gen_xilinx.u_impl_xilinx/q_o_reg[0]/C
                            (rising edge-triggered cell FDCE clocked by clk_50_unbuf  {rise@0.000ns fall@10.000ns period=20.000ns})
  Destination:            u_ibex_demo_system/gen_dm_top.u_dm_top/dap/i_dmi_cdc/i_cdc_resp/pending_q_reg/CLR
                            (removal check against rising-edge clock clk_50_unbuf  {rise@0.000ns fall@10.000ns period=20.000ns})
  Path Group:             **async_default**
  Path Type:              Removal (Min at Fast Process Corner)
  Requirement:            0.000ns  (clk_50_unbuf rise@0.000ns - clk_50_unbuf rise@0.000ns)
  Data Path Delay:        0.739ns  (logic 0.186ns (25.162%)  route 0.553ns (74.838%))
  Logic Levels:           1  (LUT1=1)
  Clock Path Skew:        0.038ns (DCD - SCD - CPR)
    Destination Clock Delay (DCD):    -0.337ns
    Source Clock Delay      (SCD):    -0.570ns
    Clock Pessimism Removal (CPR):    0.196ns

    Location             Delay type                Incr(ns)  Path(ns)    Netlist Resource(s)
  -------------------------------------------------------------------    -------------------
                         (clock clk_50_unbuf rise edge)
                                                      0.000     0.000 r  
    F14                                               0.000     0.000 r  IO_CLK (IN)
                         net (fo=0)                   0.000     0.000    clkgen/IO_CLK
    F14                  IBUF (Prop_ibuf_I_O)         0.226     0.226 r  clkgen/io_clk_ibuf/O
                         net (fo=1, routed)           0.440     0.667    clkgen/io_clk_buf
    PLLE2_ADV_X0Y1       PLLE2_ADV (Prop_plle2_adv_CLKIN1_CLKOUT0)
                                                     -2.322    -1.655 r  clkgen/pll/CLKOUT0
                         net (fo=1, routed)           0.504    -1.151    clkgen/clk_50_unbuf
    BUFGCTRL_X0Y16       BUFG (Prop_bufg_I_O)         0.026    -1.125 r  clkgen/clk_50_bufg/O
                         net (fo=3640, routed)        0.555    -0.570    u_ibex_demo_system/gen_dm_top.u_dm_top/dap/i_dmi_cdc/u_combined_rstn_sync/u_sync_2/gen_xilinx.u_impl_xilinx/clk_i
    SLICE_X29Y63         FDCE                                         r  u_ibex_demo_system/gen_dm_top.u_dm_top/dap/i_dmi_cdc/u_combined_rstn_sync/u_sync_2/gen_xilinx.u_impl_xilinx/q_o_reg[0]/C
  -------------------------------------------------------------------    -------------------
    SLICE_X29Y63         FDCE (Prop_fdce_C_Q)         0.141    -0.429 r  u_ibex_demo_system/gen_dm_top.u_dm_top/dap/i_dmi_cdc/u_combined_rstn_sync/u_sync_2/gen_xilinx.u_impl_xilinx/q_o_reg[0]/Q
                         net (fo=5, routed)           0.359    -0.070    u_ibex_demo_system/gen_dm_top.u_dm_top/dap/i_dmi_cdc/u_combined_rstn_sync/u_sync_2/q_o[0]
    SLICE_X31Y61         LUT1 (Prop_lut1_I0_O)        0.045    -0.025 f  u_ibex_demo_system/gen_dm_top.u_dm_top/dap/i_dmi_cdc/u_combined_rstn_sync/u_sync_2/gen_normal_ptrs.wptr_wrap_cnt_q[1]_i_2/O
                         net (fo=9, routed)           0.194     0.169    u_ibex_demo_system/gen_dm_top.u_dm_top/dap/i_dmi_cdc/i_cdc_resp/gen_rz_hs_protocol.src_fsm_q_reg
    SLICE_X31Y58         FDCE                                         f  u_ibex_demo_system/gen_dm_top.u_dm_top/dap/i_dmi_cdc/i_cdc_resp/pending_q_reg/CLR
  -------------------------------------------------------------------    -------------------

                         (clock clk_50_unbuf rise edge)
                                                      0.000     0.000 r  
    F14                                               0.000     0.000 r  IO_CLK (IN)
                         net (fo=0)                   0.000     0.000    clkgen/IO_CLK
    F14                  IBUF (Prop_ibuf_I_O)         0.414     0.414 r  clkgen/io_clk_ibuf/O
                         net (fo=1, routed)           0.481     0.895    clkgen/io_clk_buf
    PLLE2_ADV_X0Y1       PLLE2_ADV (Prop_plle2_adv_CLKIN1_CLKOUT0)
                                                     -2.637    -1.742 r  clkgen/pll/CLKOUT0
                         net (fo=1, routed)           0.550    -1.192    clkgen/clk_50_unbuf
    BUFGCTRL_X0Y16       BUFG (Prop_bufg_I_O)         0.029    -1.163 r  clkgen/clk_50_bufg/O
                         net (fo=3640, routed)        0.826    -0.337    u_ibex_demo_system/gen_dm_top.u_dm_top/dap/i_dmi_cdc/i_cdc_resp/clk_sys
    SLICE_X31Y58         FDCE                                         r  u_ibex_demo_system/gen_dm_top.u_dm_top/dap/i_dmi_cdc/i_cdc_resp/pending_q_reg/C
                         clock pessimism             -0.196    -0.532    
    SLICE_X31Y58         FDCE (Remov_fdce_C_CLR)     -0.092    -0.624    u_ibex_demo_system/gen_dm_top.u_dm_top/dap/i_dmi_cdc/i_cdc_resp/pending_q_reg
  -------------------------------------------------------------------
                         required time                          0.624    
                         arrival time                           0.169    
  -------------------------------------------------------------------
                         slack                                  0.793    

Slack (MET) :             0.793ns  (arrival time - required time)
  Source:                 u_ibex_demo_system/gen_dm_top.u_dm_top/dap/i_dmi_cdc/u_combined_rstn_sync/u_sync_2/gen_xilinx.u_impl_xilinx/q_o_reg[0]/C
                            (rising edge-triggered cell FDCE clocked by clk_50_unbuf  {rise@0.000ns fall@10.000ns period=20.000ns})
  Destination:            u_ibex_demo_system/gen_dm_top.u_dm_top/dap/i_dmi_cdc/i_cdc_resp/u_prim_sync_reqack/gen_rz_hs_protocol.src_fsm_q_reg/CLR
                            (removal check against rising-edge clock clk_50_unbuf  {rise@0.000ns fall@10.000ns period=20.000ns})
  Path Group:             **async_default**
  Path Type:              Removal (Min at Fast Process Corner)
  Requirement:            0.000ns  (clk_50_unbuf rise@0.000ns - clk_50_unbuf rise@0.000ns)
  Data Path Delay:        0.739ns  (logic 0.186ns (25.162%)  route 0.553ns (74.838%))
  Logic Levels:           1  (LUT1=1)
  Clock Path Skew:        0.038ns (DCD - SCD - CPR)
    Destination Clock Delay (DCD):    -0.337ns
    Source Clock Delay      (SCD):    -0.570ns
    Clock Pessimism Removal (CPR):    0.196ns

    Location             Delay type                Incr(ns)  Path(ns)    Netlist Resource(s)
  -------------------------------------------------------------------    -------------------
                         (clock clk_50_unbuf rise edge)
                                                      0.000     0.000 r  
    F14                                               0.000     0.000 r  IO_CLK (IN)
                         net (fo=0)                   0.000     0.000    clkgen/IO_CLK
    F14                  IBUF (Prop_ibuf_I_O)         0.226     0.226 r  clkgen/io_clk_ibuf/O
                         net (fo=1, routed)           0.440     0.667    clkgen/io_clk_buf
    PLLE2_ADV_X0Y1       PLLE2_ADV (Prop_plle2_adv_CLKIN1_CLKOUT0)
                                                     -2.322    -1.655 r  clkgen/pll/CLKOUT0
                         net (fo=1, routed)           0.504    -1.151    clkgen/clk_50_unbuf
    BUFGCTRL_X0Y16       BUFG (Prop_bufg_I_O)         0.026    -1.125 r  clkgen/clk_50_bufg/O
                         net (fo=3640, routed)        0.555    -0.570    u_ibex_demo_system/gen_dm_top.u_dm_top/dap/i_dmi_cdc/u_combined_rstn_sync/u_sync_2/gen_xilinx.u_impl_xilinx/clk_i
    SLICE_X29Y63         FDCE                                         r  u_ibex_demo_system/gen_dm_top.u_dm_top/dap/i_dmi_cdc/u_combined_rstn_sync/u_sync_2/gen_xilinx.u_impl_xilinx/q_o_reg[0]/C
  -------------------------------------------------------------------    -------------------
    SLICE_X29Y63         FDCE (Prop_fdce_C_Q)         0.141    -0.429 r  u_ibex_demo_system/gen_dm_top.u_dm_top/dap/i_dmi_cdc/u_combined_rstn_sync/u_sync_2/gen_xilinx.u_impl_xilinx/q_o_reg[0]/Q
                         net (fo=5, routed)           0.359    -0.070    u_ibex_demo_system/gen_dm_top.u_dm_top/dap/i_dmi_cdc/u_combined_rstn_sync/u_sync_2/q_o[0]
    SLICE_X31Y61         LUT1 (Prop_lut1_I0_O)        0.045    -0.025 f  u_ibex_demo_system/gen_dm_top.u_dm_top/dap/i_dmi_cdc/u_combined_rstn_sync/u_sync_2/gen_normal_ptrs.wptr_wrap_cnt_q[1]_i_2/O
                         net (fo=9, routed)           0.194     0.169    u_ibex_demo_system/gen_dm_top.u_dm_top/dap/i_dmi_cdc/i_cdc_resp/u_prim_sync_reqack/gen_rz_hs_protocol.src_fsm_q_reg_1
    SLICE_X31Y58         FDCE                                         f  u_ibex_demo_system/gen_dm_top.u_dm_top/dap/i_dmi_cdc/i_cdc_resp/u_prim_sync_reqack/gen_rz_hs_protocol.src_fsm_q_reg/CLR
  -------------------------------------------------------------------    -------------------

                         (clock clk_50_unbuf rise edge)
                                                      0.000     0.000 r  
    F14                                               0.000     0.000 r  IO_CLK (IN)
                         net (fo=0)                   0.000     0.000    clkgen/IO_CLK
    F14                  IBUF (Prop_ibuf_I_O)         0.414     0.414 r  clkgen/io_clk_ibuf/O
                         net (fo=1, routed)           0.481     0.895    clkgen/io_clk_buf
    PLLE2_ADV_X0Y1       PLLE2_ADV (Prop_plle2_adv_CLKIN1_CLKOUT0)
                                                     -2.637    -1.742 r  clkgen/pll/CLKOUT0
                         net (fo=1, routed)           0.550    -1.192    clkgen/clk_50_unbuf
    BUFGCTRL_X0Y16       BUFG (Prop_bufg_I_O)         0.029    -1.163 r  clkgen/clk_50_bufg/O
                         net (fo=3640, routed)        0.826    -0.337    u_ibex_demo_system/gen_dm_top.u_dm_top/dap/i_dmi_cdc/i_cdc_resp/u_prim_sync_reqack/clk_sys
    SLICE_X31Y58         FDCE                                         r  u_ibex_demo_system/gen_dm_top.u_dm_top/dap/i_dmi_cdc/i_cdc_resp/u_prim_sync_reqack/gen_rz_hs_protocol.src_fsm_q_reg/C
                         clock pessimism             -0.196    -0.532    
    SLICE_X31Y58         FDCE (Remov_fdce_C_CLR)     -0.092    -0.624    u_ibex_demo_system/gen_dm_top.u_dm_top/dap/i_dmi_cdc/i_cdc_resp/u_prim_sync_reqack/gen_rz_hs_protocol.src_fsm_q_reg
  -------------------------------------------------------------------
                         required time                          0.624    
                         arrival time                           0.169    
  -------------------------------------------------------------------
                         slack                                  0.793    

Slack (MET) :             0.793ns  (arrival time - required time)
  Source:                 u_ibex_demo_system/gen_dm_top.u_dm_top/dap/i_dmi_cdc/u_combined_rstn_sync/u_sync_2/gen_xilinx.u_impl_xilinx/q_o_reg[0]/C
                            (rising edge-triggered cell FDCE clocked by clk_50_unbuf  {rise@0.000ns fall@10.000ns period=20.000ns})
  Destination:            u_ibex_demo_system/gen_dm_top.u_dm_top/i_dm_csrs/i_fifo/gen_normal_fifo.u_fifo_cnt/gen_normal_ptrs.rptr_wrap_cnt_q_reg[0]/CLR
                            (removal check against rising-edge clock clk_50_unbuf  {rise@0.000ns fall@10.000ns period=20.000ns})
  Path Group:             **async_default**
  Path Type:              Removal (Min at Fast Process Corner)
  Requirement:            0.000ns  (clk_50_unbuf rise@0.000ns - clk_50_unbuf rise@0.000ns)
  Data Path Delay:        0.739ns  (logic 0.186ns (25.162%)  route 0.553ns (74.838%))
  Logic Levels:           1  (LUT1=1)
  Clock Path Skew:        0.038ns (DCD - SCD - CPR)
    Destination Clock Delay (DCD):    -0.337ns
    Source Clock Delay      (SCD):    -0.570ns
    Clock Pessimism Removal (CPR):    0.196ns

    Location             Delay type                Incr(ns)  Path(ns)    Netlist Resource(s)
  -------------------------------------------------------------------    -------------------
                         (clock clk_50_unbuf rise edge)
                                                      0.000     0.000 r  
    F14                                               0.000     0.000 r  IO_CLK (IN)
                         net (fo=0)                   0.000     0.000    clkgen/IO_CLK
    F14                  IBUF (Prop_ibuf_I_O)         0.226     0.226 r  clkgen/io_clk_ibuf/O
                         net (fo=1, routed)           0.440     0.667    clkgen/io_clk_buf
    PLLE2_ADV_X0Y1       PLLE2_ADV (Prop_plle2_adv_CLKIN1_CLKOUT0)
                                                     -2.322    -1.655 r  clkgen/pll/CLKOUT0
                         net (fo=1, routed)           0.504    -1.151    clkgen/clk_50_unbuf
    BUFGCTRL_X0Y16       BUFG (Prop_bufg_I_O)         0.026    -1.125 r  clkgen/clk_50_bufg/O
                         net (fo=3640, routed)        0.555    -0.570    u_ibex_demo_system/gen_dm_top.u_dm_top/dap/i_dmi_cdc/u_combined_rstn_sync/u_sync_2/gen_xilinx.u_impl_xilinx/clk_i
    SLICE_X29Y63         FDCE                                         r  u_ibex_demo_system/gen_dm_top.u_dm_top/dap/i_dmi_cdc/u_combined_rstn_sync/u_sync_2/gen_xilinx.u_impl_xilinx/q_o_reg[0]/C
  -------------------------------------------------------------------    -------------------
    SLICE_X29Y63         FDCE (Prop_fdce_C_Q)         0.141    -0.429 r  u_ibex_demo_system/gen_dm_top.u_dm_top/dap/i_dmi_cdc/u_combined_rstn_sync/u_sync_2/gen_xilinx.u_impl_xilinx/q_o_reg[0]/Q
                         net (fo=5, routed)           0.359    -0.070    u_ibex_demo_system/gen_dm_top.u_dm_top/dap/i_dmi_cdc/u_combined_rstn_sync/u_sync_2/q_o[0]
    SLICE_X31Y61         LUT1 (Prop_lut1_I0_O)        0.045    -0.025 f  u_ibex_demo_system/gen_dm_top.u_dm_top/dap/i_dmi_cdc/u_combined_rstn_sync/u_sync_2/gen_normal_ptrs.wptr_wrap_cnt_q[1]_i_2/O
                         net (fo=9, routed)           0.194     0.169    u_ibex_demo_system/gen_dm_top.u_dm_top/i_dm_csrs/i_fifo/gen_normal_fifo.u_fifo_cnt/gen_normal_ptrs.wptr_wrap_cnt_q_reg[1]_33
    SLICE_X31Y58         FDCE                                         f  u_ibex_demo_system/gen_dm_top.u_dm_top/i_dm_csrs/i_fifo/gen_normal_fifo.u_fifo_cnt/gen_normal_ptrs.rptr_wrap_cnt_q_reg[0]/CLR
  -------------------------------------------------------------------    -------------------

                         (clock clk_50_unbuf rise edge)
                                                      0.000     0.000 r  
    F14                                               0.000     0.000 r  IO_CLK (IN)
                         net (fo=0)                   0.000     0.000    clkgen/IO_CLK
    F14                  IBUF (Prop_ibuf_I_O)         0.414     0.414 r  clkgen/io_clk_ibuf/O
                         net (fo=1, routed)           0.481     0.895    clkgen/io_clk_buf
    PLLE2_ADV_X0Y1       PLLE2_ADV (Prop_plle2_adv_CLKIN1_CLKOUT0)
                                                     -2.637    -1.742 r  clkgen/pll/CLKOUT0
                         net (fo=1, routed)           0.550    -1.192    clkgen/clk_50_unbuf
    BUFGCTRL_X0Y16       BUFG (Prop_bufg_I_O)         0.029    -1.163 r  clkgen/clk_50_bufg/O
                         net (fo=3640, routed)        0.826    -0.337    u_ibex_demo_system/gen_dm_top.u_dm_top/i_dm_csrs/i_fifo/gen_normal_fifo.u_fifo_cnt/clk_sys
    SLICE_X31Y58         FDCE                                         r  u_ibex_demo_system/gen_dm_top.u_dm_top/i_dm_csrs/i_fifo/gen_normal_fifo.u_fifo_cnt/gen_normal_ptrs.rptr_wrap_cnt_q_reg[0]/C
                         clock pessimism             -0.196    -0.532    
    SLICE_X31Y58         FDCE (Remov_fdce_C_CLR)     -0.092    -0.624    u_ibex_demo_system/gen_dm_top.u_dm_top/i_dm_csrs/i_fifo/gen_normal_fifo.u_fifo_cnt/gen_normal_ptrs.rptr_wrap_cnt_q_reg[0]
  -------------------------------------------------------------------
                         required time                          0.624    
                         arrival time                           0.169    
  -------------------------------------------------------------------
                         slack                                  0.793    

Slack (MET) :             0.793ns  (arrival time - required time)
  Source:                 u_ibex_demo_system/gen_dm_top.u_dm_top/dap/i_dmi_cdc/u_combined_rstn_sync/u_sync_2/gen_xilinx.u_impl_xilinx/q_o_reg[0]/C
                            (rising edge-triggered cell FDCE clocked by clk_50_unbuf  {rise@0.000ns fall@10.000ns period=20.000ns})
  Destination:            u_ibex_demo_system/gen_dm_top.u_dm_top/i_dm_csrs/i_fifo/gen_normal_fifo.u_fifo_cnt/gen_normal_ptrs.rptr_wrap_cnt_q_reg[1]/CLR
                            (removal check against rising-edge clock clk_50_unbuf  {rise@0.000ns fall@10.000ns period=20.000ns})
  Path Group:             **async_default**
  Path Type:              Removal (Min at Fast Process Corner)
  Requirement:            0.000ns  (clk_50_unbuf rise@0.000ns - clk_50_unbuf rise@0.000ns)
  Data Path Delay:        0.739ns  (logic 0.186ns (25.162%)  route 0.553ns (74.838%))
  Logic Levels:           1  (LUT1=1)
  Clock Path Skew:        0.038ns (DCD - SCD - CPR)
    Destination Clock Delay (DCD):    -0.337ns
    Source Clock Delay      (SCD):    -0.570ns
    Clock Pessimism Removal (CPR):    0.196ns

    Location             Delay type                Incr(ns)  Path(ns)    Netlist Resource(s)
  -------------------------------------------------------------------    -------------------
                         (clock clk_50_unbuf rise edge)
                                                      0.000     0.000 r  
    F14                                               0.000     0.000 r  IO_CLK (IN)
                         net (fo=0)                   0.000     0.000    clkgen/IO_CLK
    F14                  IBUF (Prop_ibuf_I_O)         0.226     0.226 r  clkgen/io_clk_ibuf/O
                         net (fo=1, routed)           0.440     0.667    clkgen/io_clk_buf
    PLLE2_ADV_X0Y1       PLLE2_ADV (Prop_plle2_adv_CLKIN1_CLKOUT0)
                                                     -2.322    -1.655 r  clkgen/pll/CLKOUT0
                         net (fo=1, routed)           0.504    -1.151    clkgen/clk_50_unbuf
    BUFGCTRL_X0Y16       BUFG (Prop_bufg_I_O)         0.026    -1.125 r  clkgen/clk_50_bufg/O
                         net (fo=3640, routed)        0.555    -0.570    u_ibex_demo_system/gen_dm_top.u_dm_top/dap/i_dmi_cdc/u_combined_rstn_sync/u_sync_2/gen_xilinx.u_impl_xilinx/clk_i
    SLICE_X29Y63         FDCE                                         r  u_ibex_demo_system/gen_dm_top.u_dm_top/dap/i_dmi_cdc/u_combined_rstn_sync/u_sync_2/gen_xilinx.u_impl_xilinx/q_o_reg[0]/C
  -------------------------------------------------------------------    -------------------
    SLICE_X29Y63         FDCE (Prop_fdce_C_Q)         0.141    -0.429 r  u_ibex_demo_system/gen_dm_top.u_dm_top/dap/i_dmi_cdc/u_combined_rstn_sync/u_sync_2/gen_xilinx.u_impl_xilinx/q_o_reg[0]/Q
                         net (fo=5, routed)           0.359    -0.070    u_ibex_demo_system/gen_dm_top.u_dm_top/dap/i_dmi_cdc/u_combined_rstn_sync/u_sync_2/q_o[0]
    SLICE_X31Y61         LUT1 (Prop_lut1_I0_O)        0.045    -0.025 f  u_ibex_demo_system/gen_dm_top.u_dm_top/dap/i_dmi_cdc/u_combined_rstn_sync/u_sync_2/gen_normal_ptrs.wptr_wrap_cnt_q[1]_i_2/O
                         net (fo=9, routed)           0.194     0.169    u_ibex_demo_system/gen_dm_top.u_dm_top/i_dm_csrs/i_fifo/gen_normal_fifo.u_fifo_cnt/gen_normal_ptrs.wptr_wrap_cnt_q_reg[1]_33
    SLICE_X31Y58         FDCE                                         f  u_ibex_demo_system/gen_dm_top.u_dm_top/i_dm_csrs/i_fifo/gen_normal_fifo.u_fifo_cnt/gen_normal_ptrs.rptr_wrap_cnt_q_reg[1]/CLR
  -------------------------------------------------------------------    -------------------

                         (clock clk_50_unbuf rise edge)
                                                      0.000     0.000 r  
    F14                                               0.000     0.000 r  IO_CLK (IN)
                         net (fo=0)                   0.000     0.000    clkgen/IO_CLK
    F14                  IBUF (Prop_ibuf_I_O)         0.414     0.414 r  clkgen/io_clk_ibuf/O
                         net (fo=1, routed)           0.481     0.895    clkgen/io_clk_buf
    PLLE2_ADV_X0Y1       PLLE2_ADV (Prop_plle2_adv_CLKIN1_CLKOUT0)
                                                     -2.637    -1.742 r  clkgen/pll/CLKOUT0
                         net (fo=1, routed)           0.550    -1.192    clkgen/clk_50_unbuf
    BUFGCTRL_X0Y16       BUFG (Prop_bufg_I_O)         0.029    -1.163 r  clkgen/clk_50_bufg/O
                         net (fo=3640, routed)        0.826    -0.337    u_ibex_demo_system/gen_dm_top.u_dm_top/i_dm_csrs/i_fifo/gen_normal_fifo.u_fifo_cnt/clk_sys
    SLICE_X31Y58         FDCE                                         r  u_ibex_demo_system/gen_dm_top.u_dm_top/i_dm_csrs/i_fifo/gen_normal_fifo.u_fifo_cnt/gen_normal_ptrs.rptr_wrap_cnt_q_reg[1]/C
                         clock pessimism             -0.196    -0.532    
    SLICE_X31Y58         FDCE (Remov_fdce_C_CLR)     -0.092    -0.624    u_ibex_demo_system/gen_dm_top.u_dm_top/i_dm_csrs/i_fifo/gen_normal_fifo.u_fifo_cnt/gen_normal_ptrs.rptr_wrap_cnt_q_reg[1]
  -------------------------------------------------------------------
                         required time                          0.624    
                         arrival time                           0.169    
  -------------------------------------------------------------------
                         slack                                  0.793    

Slack (MET) :             0.830ns  (arrival time - required time)
  Source:                 u_ibex_demo_system/gen_dm_top.u_dm_top/dap/i_dmi_cdc/u_combined_rstn_sync/u_sync_2/gen_xilinx.u_impl_xilinx/q_o_reg[0]/C
                            (rising edge-triggered cell FDCE clocked by clk_50_unbuf  {rise@0.000ns fall@10.000ns period=20.000ns})
  Destination:            u_ibex_demo_system/gen_dm_top.u_dm_top/dap/i_dmi_cdc/i_cdc_req/u_prim_sync_reqack/gen_rz_hs_protocol.req_sync/u_sync_1/gen_xilinx.u_impl_xilinx/q_o_reg[0]/CLR
                            (removal check against rising-edge clock clk_50_unbuf  {rise@0.000ns fall@10.000ns period=20.000ns})
  Path Group:             **async_default**
  Path Type:              Removal (Min at Fast Process Corner)
  Requirement:            0.000ns  (clk_50_unbuf rise@0.000ns - clk_50_unbuf rise@0.000ns)
  Data Path Delay:        0.710ns  (logic 0.185ns (26.056%)  route 0.525ns (73.944%))
  Logic Levels:           1  (LUT1=1)
  Clock Path Skew:        0.034ns (DCD - SCD - CPR)
    Destination Clock Delay (DCD):    -0.341ns
    Source Clock Delay      (SCD):    -0.570ns
    Clock Pessimism Removal (CPR):    0.196ns

    Location             Delay type                Incr(ns)  Path(ns)    Netlist Resource(s)
  -------------------------------------------------------------------    -------------------
                         (clock clk_50_unbuf rise edge)
                                                      0.000     0.000 r  
    F14                                               0.000     0.000 r  IO_CLK (IN)
                         net (fo=0)                   0.000     0.000    clkgen/IO_CLK
    F14                  IBUF (Prop_ibuf_I_O)         0.226     0.226 r  clkgen/io_clk_ibuf/O
                         net (fo=1, routed)           0.440     0.667    clkgen/io_clk_buf
    PLLE2_ADV_X0Y1       PLLE2_ADV (Prop_plle2_adv_CLKIN1_CLKOUT0)
                                                     -2.322    -1.655 r  clkgen/pll/CLKOUT0
                         net (fo=1, routed)           0.504    -1.151    clkgen/clk_50_unbuf
    BUFGCTRL_X0Y16       BUFG (Prop_bufg_I_O)         0.026    -1.125 r  clkgen/clk_50_bufg/O
                         net (fo=3640, routed)        0.555    -0.570    u_ibex_demo_system/gen_dm_top.u_dm_top/dap/i_dmi_cdc/u_combined_rstn_sync/u_sync_2/gen_xilinx.u_impl_xilinx/clk_i
    SLICE_X29Y63         FDCE                                         r  u_ibex_demo_system/gen_dm_top.u_dm_top/dap/i_dmi_cdc/u_combined_rstn_sync/u_sync_2/gen_xilinx.u_impl_xilinx/q_o_reg[0]/C
  -------------------------------------------------------------------    -------------------
    SLICE_X29Y63         FDCE (Prop_fdce_C_Q)         0.141    -0.429 r  u_ibex_demo_system/gen_dm_top.u_dm_top/dap/i_dmi_cdc/u_combined_rstn_sync/u_sync_2/gen_xilinx.u_impl_xilinx/q_o_reg[0]/Q
                         net (fo=5, routed)           0.291    -0.138    u_ibex_demo_system/gen_dm_top.u_dm_top/dap/i_dmi_cdc/i_cdc_req/u_prim_sync_reqack/gen_rz_hs_protocol.req_sync/u_sync_1/gen_xilinx.u_impl_xilinx/rst_ni
    SLICE_X31Y63         LUT1 (Prop_lut1_I0_O)        0.044    -0.094 f  u_ibex_demo_system/gen_dm_top.u_dm_top/dap/i_dmi_cdc/i_cdc_req/u_prim_sync_reqack/gen_rz_hs_protocol.req_sync/u_sync_1/gen_xilinx.u_impl_xilinx/q_o[0]_i_1/O
                         net (fo=1, routed)           0.234     0.140    u_ibex_demo_system/gen_dm_top.u_dm_top/dap/i_dmi_cdc/i_cdc_req/u_prim_sync_reqack/gen_rz_hs_protocol.req_sync/u_sync_1/gen_xilinx.u_impl_xilinx/q_o[0]_i_1_n_0
    SLICE_X31Y63         FDCE                                         f  u_ibex_demo_system/gen_dm_top.u_dm_top/dap/i_dmi_cdc/i_cdc_req/u_prim_sync_reqack/gen_rz_hs_protocol.req_sync/u_sync_1/gen_xilinx.u_impl_xilinx/q_o_reg[0]/CLR
  -------------------------------------------------------------------    -------------------

                         (clock clk_50_unbuf rise edge)
                                                      0.000     0.000 r  
    F14                                               0.000     0.000 r  IO_CLK (IN)
                         net (fo=0)                   0.000     0.000    clkgen/IO_CLK
    F14                  IBUF (Prop_ibuf_I_O)         0.414     0.414 r  clkgen/io_clk_ibuf/O
                         net (fo=1, routed)           0.481     0.895    clkgen/io_clk_buf
    PLLE2_ADV_X0Y1       PLLE2_ADV (Prop_plle2_adv_CLKIN1_CLKOUT0)
                                                     -2.637    -1.742 r  clkgen/pll/CLKOUT0
                         net (fo=1, routed)           0.550    -1.192    clkgen/clk_50_unbuf
    BUFGCTRL_X0Y16       BUFG (Prop_bufg_I_O)         0.029    -1.163 r  clkgen/clk_50_bufg/O
                         net (fo=3640, routed)        0.822    -0.341    u_ibex_demo_system/gen_dm_top.u_dm_top/dap/i_dmi_cdc/i_cdc_req/u_prim_sync_reqack/gen_rz_hs_protocol.req_sync/u_sync_1/gen_xilinx.u_impl_xilinx/clk_i
    SLICE_X31Y63         FDCE                                         r  u_ibex_demo_system/gen_dm_top.u_dm_top/dap/i_dmi_cdc/i_cdc_req/u_prim_sync_reqack/gen_rz_hs_protocol.req_sync/u_sync_1/gen_xilinx.u_impl_xilinx/q_o_reg[0]/C
                         clock pessimism             -0.196    -0.536    
    SLICE_X31Y63         FDCE (Remov_fdce_C_CLR)     -0.154    -0.690    u_ibex_demo_system/gen_dm_top.u_dm_top/dap/i_dmi_cdc/i_cdc_req/u_prim_sync_reqack/gen_rz_hs_protocol.req_sync/u_sync_1/gen_xilinx.u_impl_xilinx/q_o_reg[0]
  -------------------------------------------------------------------
                         required time                          0.690    
                         arrival time                           0.140    
  -------------------------------------------------------------------
                         slack                                  0.830    





--------------------------------------------------------------------------------------
Path Group:  (none)
From Clock:  
  To Clock:  

Max Delay           316 Endpoints
Min Delay           316 Endpoints
--------------------------------------------------------------------------------------


Max Delay Paths
--------------------------------------------------------------------------------------
Slack:                    inf
  Source:                 u_ibex_demo_system/gen_dm_top.u_dm_top/dap/dtmcs_q_reg[dmihardreset]/C
                            (rising edge-triggered cell FDRE)
  Destination:            u_ibex_demo_system/gen_dm_top.u_dm_top/dap/data_q_reg[10]/CE
  Path Group:             (none)
  Path Type:              Max at Slow Process Corner
  Data Path Delay:        5.804ns  (logic 0.890ns (15.333%)  route 4.914ns (84.667%))
  Logic Levels:           4  (FDRE=1 LUT4=1 LUT5=1 LUT6=1)

    Location             Delay type                Incr(ns)  Path(ns)    Netlist Resource(s)
  -------------------------------------------------------------------    -------------------
    SLICE_X30Y59         FDRE                         0.000     0.000 r  u_ibex_demo_system/gen_dm_top.u_dm_top/dap/dtmcs_q_reg[dmihardreset]/C
    SLICE_X30Y59         FDRE (Prop_fdre_C_Q)         0.518     0.518 r  u_ibex_demo_system/gen_dm_top.u_dm_top/dap/dtmcs_q_reg[dmihardreset]/Q
                         net (fo=9, routed)           1.313     1.831    u_ibex_demo_system/gen_dm_top.u_dm_top/dap/i_dmi_jtag_tap/dtmcs_q_reg[dmihardreset]__0
    SLICE_X28Y55         LUT4 (Prop_lut4_I3_O)        0.124     1.955 f  u_ibex_demo_system/gen_dm_top.u_dm_top/dap/i_dmi_jtag_tap/jtag_combined_rstn_i_1/O
                         net (fo=84, routed)          1.357     3.312    u_ibex_demo_system/gen_dm_top.u_dm_top/dap/i_dmi_jtag_tap/p_0_in
    SLICE_X30Y58         LUT5 (Prop_lut5_I4_O)        0.124     3.436 r  u_ibex_demo_system/gen_dm_top.u_dm_top/dap/i_dmi_jtag_tap/address_q[6]_i_1/O
                         net (fo=8, routed)           0.820     4.256    u_ibex_demo_system/gen_dm_top.u_dm_top/dap/i_dmi_cdc/i_cdc_resp/u_prim_sync_reqack/gen_rz_hs_protocol.req_sync/u_sync_2/data_q_reg[0]
    SLICE_X31Y59         LUT6 (Prop_lut6_I0_O)        0.124     4.380 r  u_ibex_demo_system/gen_dm_top.u_dm_top/dap/i_dmi_cdc/i_cdc_resp/u_prim_sync_reqack/gen_rz_hs_protocol.req_sync/u_sync_2/data_q[31]_i_1/O
                         net (fo=32, routed)          1.424     5.804    u_ibex_demo_system/gen_dm_top.u_dm_top/dap/i_dmi_cdc_n_222
    SLICE_X36Y54         FDRE                                         r  u_ibex_demo_system/gen_dm_top.u_dm_top/dap/data_q_reg[10]/CE
  -------------------------------------------------------------------    -------------------

Slack:                    inf
  Source:                 u_ibex_demo_system/gen_dm_top.u_dm_top/dap/dtmcs_q_reg[dmihardreset]/C
                            (rising edge-triggered cell FDRE)
  Destination:            u_ibex_demo_system/gen_dm_top.u_dm_top/dap/data_q_reg[11]/CE
  Path Group:             (none)
  Path Type:              Max at Slow Process Corner
  Data Path Delay:        5.804ns  (logic 0.890ns (15.333%)  route 4.914ns (84.667%))
  Logic Levels:           4  (FDRE=1 LUT4=1 LUT5=1 LUT6=1)

    Location             Delay type                Incr(ns)  Path(ns)    Netlist Resource(s)
  -------------------------------------------------------------------    -------------------
    SLICE_X30Y59         FDRE                         0.000     0.000 r  u_ibex_demo_system/gen_dm_top.u_dm_top/dap/dtmcs_q_reg[dmihardreset]/C
    SLICE_X30Y59         FDRE (Prop_fdre_C_Q)         0.518     0.518 r  u_ibex_demo_system/gen_dm_top.u_dm_top/dap/dtmcs_q_reg[dmihardreset]/Q
                         net (fo=9, routed)           1.313     1.831    u_ibex_demo_system/gen_dm_top.u_dm_top/dap/i_dmi_jtag_tap/dtmcs_q_reg[dmihardreset]__0
    SLICE_X28Y55         LUT4 (Prop_lut4_I3_O)        0.124     1.955 f  u_ibex_demo_system/gen_dm_top.u_dm_top/dap/i_dmi_jtag_tap/jtag_combined_rstn_i_1/O
                         net (fo=84, routed)          1.357     3.312    u_ibex_demo_system/gen_dm_top.u_dm_top/dap/i_dmi_jtag_tap/p_0_in
    SLICE_X30Y58         LUT5 (Prop_lut5_I4_O)        0.124     3.436 r  u_ibex_demo_system/gen_dm_top.u_dm_top/dap/i_dmi_jtag_tap/address_q[6]_i_1/O
                         net (fo=8, routed)           0.820     4.256    u_ibex_demo_system/gen_dm_top.u_dm_top/dap/i_dmi_cdc/i_cdc_resp/u_prim_sync_reqack/gen_rz_hs_protocol.req_sync/u_sync_2/data_q_reg[0]
    SLICE_X31Y59         LUT6 (Prop_lut6_I0_O)        0.124     4.380 r  u_ibex_demo_system/gen_dm_top.u_dm_top/dap/i_dmi_cdc/i_cdc_resp/u_prim_sync_reqack/gen_rz_hs_protocol.req_sync/u_sync_2/data_q[31]_i_1/O
                         net (fo=32, routed)          1.424     5.804    u_ibex_demo_system/gen_dm_top.u_dm_top/dap/i_dmi_cdc_n_222
    SLICE_X36Y54         FDRE                                         r  u_ibex_demo_system/gen_dm_top.u_dm_top/dap/data_q_reg[11]/CE
  -------------------------------------------------------------------    -------------------

Slack:                    inf
  Source:                 u_ibex_demo_system/gen_dm_top.u_dm_top/dap/dtmcs_q_reg[dmihardreset]/C
                            (rising edge-triggered cell FDRE)
  Destination:            u_ibex_demo_system/gen_dm_top.u_dm_top/dap/data_q_reg[22]/CE
  Path Group:             (none)
  Path Type:              Max at Slow Process Corner
  Data Path Delay:        5.804ns  (logic 0.890ns (15.333%)  route 4.914ns (84.667%))
  Logic Levels:           4  (FDRE=1 LUT4=1 LUT5=1 LUT6=1)

    Location             Delay type                Incr(ns)  Path(ns)    Netlist Resource(s)
  -------------------------------------------------------------------    -------------------
    SLICE_X30Y59         FDRE                         0.000     0.000 r  u_ibex_demo_system/gen_dm_top.u_dm_top/dap/dtmcs_q_reg[dmihardreset]/C
    SLICE_X30Y59         FDRE (Prop_fdre_C_Q)         0.518     0.518 r  u_ibex_demo_system/gen_dm_top.u_dm_top/dap/dtmcs_q_reg[dmihardreset]/Q
                         net (fo=9, routed)           1.313     1.831    u_ibex_demo_system/gen_dm_top.u_dm_top/dap/i_dmi_jtag_tap/dtmcs_q_reg[dmihardreset]__0
    SLICE_X28Y55         LUT4 (Prop_lut4_I3_O)        0.124     1.955 f  u_ibex_demo_system/gen_dm_top.u_dm_top/dap/i_dmi_jtag_tap/jtag_combined_rstn_i_1/O
                         net (fo=84, routed)          1.357     3.312    u_ibex_demo_system/gen_dm_top.u_dm_top/dap/i_dmi_jtag_tap/p_0_in
    SLICE_X30Y58         LUT5 (Prop_lut5_I4_O)        0.124     3.436 r  u_ibex_demo_system/gen_dm_top.u_dm_top/dap/i_dmi_jtag_tap/address_q[6]_i_1/O
                         net (fo=8, routed)           0.820     4.256    u_ibex_demo_system/gen_dm_top.u_dm_top/dap/i_dmi_cdc/i_cdc_resp/u_prim_sync_reqack/gen_rz_hs_protocol.req_sync/u_sync_2/data_q_reg[0]
    SLICE_X31Y59         LUT6 (Prop_lut6_I0_O)        0.124     4.380 r  u_ibex_demo_system/gen_dm_top.u_dm_top/dap/i_dmi_cdc/i_cdc_resp/u_prim_sync_reqack/gen_rz_hs_protocol.req_sync/u_sync_2/data_q[31]_i_1/O
                         net (fo=32, routed)          1.424     5.804    u_ibex_demo_system/gen_dm_top.u_dm_top/dap/i_dmi_cdc_n_222
    SLICE_X36Y54         FDRE                                         r  u_ibex_demo_system/gen_dm_top.u_dm_top/dap/data_q_reg[22]/CE
  -------------------------------------------------------------------    -------------------

Slack:                    inf
  Source:                 u_ibex_demo_system/gen_dm_top.u_dm_top/dap/dtmcs_q_reg[dmihardreset]/C
                            (rising edge-triggered cell FDRE)
  Destination:            u_ibex_demo_system/gen_dm_top.u_dm_top/dap/data_q_reg[30]/CE
  Path Group:             (none)
  Path Type:              Max at Slow Process Corner
  Data Path Delay:        5.804ns  (logic 0.890ns (15.333%)  route 4.914ns (84.667%))
  Logic Levels:           4  (FDRE=1 LUT4=1 LUT5=1 LUT6=1)

    Location             Delay type                Incr(ns)  Path(ns)    Netlist Resource(s)
  -------------------------------------------------------------------    -------------------
    SLICE_X30Y59         FDRE                         0.000     0.000 r  u_ibex_demo_system/gen_dm_top.u_dm_top/dap/dtmcs_q_reg[dmihardreset]/C
    SLICE_X30Y59         FDRE (Prop_fdre_C_Q)         0.518     0.518 r  u_ibex_demo_system/gen_dm_top.u_dm_top/dap/dtmcs_q_reg[dmihardreset]/Q
                         net (fo=9, routed)           1.313     1.831    u_ibex_demo_system/gen_dm_top.u_dm_top/dap/i_dmi_jtag_tap/dtmcs_q_reg[dmihardreset]__0
    SLICE_X28Y55         LUT4 (Prop_lut4_I3_O)        0.124     1.955 f  u_ibex_demo_system/gen_dm_top.u_dm_top/dap/i_dmi_jtag_tap/jtag_combined_rstn_i_1/O
                         net (fo=84, routed)          1.357     3.312    u_ibex_demo_system/gen_dm_top.u_dm_top/dap/i_dmi_jtag_tap/p_0_in
    SLICE_X30Y58         LUT5 (Prop_lut5_I4_O)        0.124     3.436 r  u_ibex_demo_system/gen_dm_top.u_dm_top/dap/i_dmi_jtag_tap/address_q[6]_i_1/O
                         net (fo=8, routed)           0.820     4.256    u_ibex_demo_system/gen_dm_top.u_dm_top/dap/i_dmi_cdc/i_cdc_resp/u_prim_sync_reqack/gen_rz_hs_protocol.req_sync/u_sync_2/data_q_reg[0]
    SLICE_X31Y59         LUT6 (Prop_lut6_I0_O)        0.124     4.380 r  u_ibex_demo_system/gen_dm_top.u_dm_top/dap/i_dmi_cdc/i_cdc_resp/u_prim_sync_reqack/gen_rz_hs_protocol.req_sync/u_sync_2/data_q[31]_i_1/O
                         net (fo=32, routed)          1.424     5.804    u_ibex_demo_system/gen_dm_top.u_dm_top/dap/i_dmi_cdc_n_222
    SLICE_X36Y54         FDRE                                         r  u_ibex_demo_system/gen_dm_top.u_dm_top/dap/data_q_reg[30]/CE
  -------------------------------------------------------------------    -------------------

Slack:                    inf
  Source:                 u_ibex_demo_system/gen_dm_top.u_dm_top/dap/dtmcs_q_reg[dmihardreset]/C
                            (rising edge-triggered cell FDRE)
  Destination:            u_ibex_demo_system/gen_dm_top.u_dm_top/dap/data_q_reg[26]/CE
  Path Group:             (none)
  Path Type:              Max at Slow Process Corner
  Data Path Delay:        5.562ns  (logic 0.890ns (16.003%)  route 4.672ns (83.997%))
  Logic Levels:           4  (FDRE=1 LUT4=1 LUT5=1 LUT6=1)

    Location             Delay type                Incr(ns)  Path(ns)    Netlist Resource(s)
  -------------------------------------------------------------------    -------------------
    SLICE_X30Y59         FDRE                         0.000     0.000 r  u_ibex_demo_system/gen_dm_top.u_dm_top/dap/dtmcs_q_reg[dmihardreset]/C
    SLICE_X30Y59         FDRE (Prop_fdre_C_Q)         0.518     0.518 r  u_ibex_demo_system/gen_dm_top.u_dm_top/dap/dtmcs_q_reg[dmihardreset]/Q
                         net (fo=9, routed)           1.313     1.831    u_ibex_demo_system/gen_dm_top.u_dm_top/dap/i_dmi_jtag_tap/dtmcs_q_reg[dmihardreset]__0
    SLICE_X28Y55         LUT4 (Prop_lut4_I3_O)        0.124     1.955 f  u_ibex_demo_system/gen_dm_top.u_dm_top/dap/i_dmi_jtag_tap/jtag_combined_rstn_i_1/O
                         net (fo=84, routed)          1.357     3.312    u_ibex_demo_system/gen_dm_top.u_dm_top/dap/i_dmi_jtag_tap/p_0_in
    SLICE_X30Y58         LUT5 (Prop_lut5_I4_O)        0.124     3.436 r  u_ibex_demo_system/gen_dm_top.u_dm_top/dap/i_dmi_jtag_tap/address_q[6]_i_1/O
                         net (fo=8, routed)           0.820     4.256    u_ibex_demo_system/gen_dm_top.u_dm_top/dap/i_dmi_cdc/i_cdc_resp/u_prim_sync_reqack/gen_rz_hs_protocol.req_sync/u_sync_2/data_q_reg[0]
    SLICE_X31Y59         LUT6 (Prop_lut6_I0_O)        0.124     4.380 r  u_ibex_demo_system/gen_dm_top.u_dm_top/dap/i_dmi_cdc/i_cdc_resp/u_prim_sync_reqack/gen_rz_hs_protocol.req_sync/u_sync_2/data_q[31]_i_1/O
                         net (fo=32, routed)          1.181     5.562    u_ibex_demo_system/gen_dm_top.u_dm_top/dap/i_dmi_cdc_n_222
    SLICE_X38Y53         FDRE                                         r  u_ibex_demo_system/gen_dm_top.u_dm_top/dap/data_q_reg[26]/CE
  -------------------------------------------------------------------    -------------------

Slack:                    inf
  Source:                 u_ibex_demo_system/gen_dm_top.u_dm_top/dap/dtmcs_q_reg[dmihardreset]/C
                            (rising edge-triggered cell FDRE)
  Destination:            u_ibex_demo_system/gen_dm_top.u_dm_top/dap/data_q_reg[27]/CE
  Path Group:             (none)
  Path Type:              Max at Slow Process Corner
  Data Path Delay:        5.562ns  (logic 0.890ns (16.003%)  route 4.672ns (83.997%))
  Logic Levels:           4  (FDRE=1 LUT4=1 LUT5=1 LUT6=1)

    Location             Delay type                Incr(ns)  Path(ns)    Netlist Resource(s)
  -------------------------------------------------------------------    -------------------
    SLICE_X30Y59         FDRE                         0.000     0.000 r  u_ibex_demo_system/gen_dm_top.u_dm_top/dap/dtmcs_q_reg[dmihardreset]/C
    SLICE_X30Y59         FDRE (Prop_fdre_C_Q)         0.518     0.518 r  u_ibex_demo_system/gen_dm_top.u_dm_top/dap/dtmcs_q_reg[dmihardreset]/Q
                         net (fo=9, routed)           1.313     1.831    u_ibex_demo_system/gen_dm_top.u_dm_top/dap/i_dmi_jtag_tap/dtmcs_q_reg[dmihardreset]__0
    SLICE_X28Y55         LUT4 (Prop_lut4_I3_O)        0.124     1.955 f  u_ibex_demo_system/gen_dm_top.u_dm_top/dap/i_dmi_jtag_tap/jtag_combined_rstn_i_1/O
                         net (fo=84, routed)          1.357     3.312    u_ibex_demo_system/gen_dm_top.u_dm_top/dap/i_dmi_jtag_tap/p_0_in
    SLICE_X30Y58         LUT5 (Prop_lut5_I4_O)        0.124     3.436 r  u_ibex_demo_system/gen_dm_top.u_dm_top/dap/i_dmi_jtag_tap/address_q[6]_i_1/O
                         net (fo=8, routed)           0.820     4.256    u_ibex_demo_system/gen_dm_top.u_dm_top/dap/i_dmi_cdc/i_cdc_resp/u_prim_sync_reqack/gen_rz_hs_protocol.req_sync/u_sync_2/data_q_reg[0]
    SLICE_X31Y59         LUT6 (Prop_lut6_I0_O)        0.124     4.380 r  u_ibex_demo_system/gen_dm_top.u_dm_top/dap/i_dmi_cdc/i_cdc_resp/u_prim_sync_reqack/gen_rz_hs_protocol.req_sync/u_sync_2/data_q[31]_i_1/O
                         net (fo=32, routed)          1.181     5.562    u_ibex_demo_system/gen_dm_top.u_dm_top/dap/i_dmi_cdc_n_222
    SLICE_X38Y53         FDRE                                         r  u_ibex_demo_system/gen_dm_top.u_dm_top/dap/data_q_reg[27]/CE
  -------------------------------------------------------------------    -------------------

Slack:                    inf
  Source:                 u_ibex_demo_system/gen_dm_top.u_dm_top/dap/dtmcs_q_reg[dmihardreset]/C
                            (rising edge-triggered cell FDRE)
  Destination:            u_ibex_demo_system/gen_dm_top.u_dm_top/dap/data_q_reg[28]/CE
  Path Group:             (none)
  Path Type:              Max at Slow Process Corner
  Data Path Delay:        5.562ns  (logic 0.890ns (16.003%)  route 4.672ns (83.997%))
  Logic Levels:           4  (FDRE=1 LUT4=1 LUT5=1 LUT6=1)

    Location             Delay type                Incr(ns)  Path(ns)    Netlist Resource(s)
  -------------------------------------------------------------------    -------------------
    SLICE_X30Y59         FDRE                         0.000     0.000 r  u_ibex_demo_system/gen_dm_top.u_dm_top/dap/dtmcs_q_reg[dmihardreset]/C
    SLICE_X30Y59         FDRE (Prop_fdre_C_Q)         0.518     0.518 r  u_ibex_demo_system/gen_dm_top.u_dm_top/dap/dtmcs_q_reg[dmihardreset]/Q
                         net (fo=9, routed)           1.313     1.831    u_ibex_demo_system/gen_dm_top.u_dm_top/dap/i_dmi_jtag_tap/dtmcs_q_reg[dmihardreset]__0
    SLICE_X28Y55         LUT4 (Prop_lut4_I3_O)        0.124     1.955 f  u_ibex_demo_system/gen_dm_top.u_dm_top/dap/i_dmi_jtag_tap/jtag_combined_rstn_i_1/O
                         net (fo=84, routed)          1.357     3.312    u_ibex_demo_system/gen_dm_top.u_dm_top/dap/i_dmi_jtag_tap/p_0_in
    SLICE_X30Y58         LUT5 (Prop_lut5_I4_O)        0.124     3.436 r  u_ibex_demo_system/gen_dm_top.u_dm_top/dap/i_dmi_jtag_tap/address_q[6]_i_1/O
                         net (fo=8, routed)           0.820     4.256    u_ibex_demo_system/gen_dm_top.u_dm_top/dap/i_dmi_cdc/i_cdc_resp/u_prim_sync_reqack/gen_rz_hs_protocol.req_sync/u_sync_2/data_q_reg[0]
    SLICE_X31Y59         LUT6 (Prop_lut6_I0_O)        0.124     4.380 r  u_ibex_demo_system/gen_dm_top.u_dm_top/dap/i_dmi_cdc/i_cdc_resp/u_prim_sync_reqack/gen_rz_hs_protocol.req_sync/u_sync_2/data_q[31]_i_1/O
                         net (fo=32, routed)          1.181     5.562    u_ibex_demo_system/gen_dm_top.u_dm_top/dap/i_dmi_cdc_n_222
    SLICE_X38Y53         FDRE                                         r  u_ibex_demo_system/gen_dm_top.u_dm_top/dap/data_q_reg[28]/CE
  -------------------------------------------------------------------    -------------------

Slack:                    inf
  Source:                 u_ibex_demo_system/gen_dm_top.u_dm_top/dap/dtmcs_q_reg[dmihardreset]/C
                            (rising edge-triggered cell FDRE)
  Destination:            u_ibex_demo_system/gen_dm_top.u_dm_top/dap/data_q_reg[29]/CE
  Path Group:             (none)
  Path Type:              Max at Slow Process Corner
  Data Path Delay:        5.562ns  (logic 0.890ns (16.003%)  route 4.672ns (83.997%))
  Logic Levels:           4  (FDRE=1 LUT4=1 LUT5=1 LUT6=1)

    Location             Delay type                Incr(ns)  Path(ns)    Netlist Resource(s)
  -------------------------------------------------------------------    -------------------
    SLICE_X30Y59         FDRE                         0.000     0.000 r  u_ibex_demo_system/gen_dm_top.u_dm_top/dap/dtmcs_q_reg[dmihardreset]/C
    SLICE_X30Y59         FDRE (Prop_fdre_C_Q)         0.518     0.518 r  u_ibex_demo_system/gen_dm_top.u_dm_top/dap/dtmcs_q_reg[dmihardreset]/Q
                         net (fo=9, routed)           1.313     1.831    u_ibex_demo_system/gen_dm_top.u_dm_top/dap/i_dmi_jtag_tap/dtmcs_q_reg[dmihardreset]__0
    SLICE_X28Y55         LUT4 (Prop_lut4_I3_O)        0.124     1.955 f  u_ibex_demo_system/gen_dm_top.u_dm_top/dap/i_dmi_jtag_tap/jtag_combined_rstn_i_1/O
                         net (fo=84, routed)          1.357     3.312    u_ibex_demo_system/gen_dm_top.u_dm_top/dap/i_dmi_jtag_tap/p_0_in
    SLICE_X30Y58         LUT5 (Prop_lut5_I4_O)        0.124     3.436 r  u_ibex_demo_system/gen_dm_top.u_dm_top/dap/i_dmi_jtag_tap/address_q[6]_i_1/O
                         net (fo=8, routed)           0.820     4.256    u_ibex_demo_system/gen_dm_top.u_dm_top/dap/i_dmi_cdc/i_cdc_resp/u_prim_sync_reqack/gen_rz_hs_protocol.req_sync/u_sync_2/data_q_reg[0]
    SLICE_X31Y59         LUT6 (Prop_lut6_I0_O)        0.124     4.380 r  u_ibex_demo_system/gen_dm_top.u_dm_top/dap/i_dmi_cdc/i_cdc_resp/u_prim_sync_reqack/gen_rz_hs_protocol.req_sync/u_sync_2/data_q[31]_i_1/O
                         net (fo=32, routed)          1.181     5.562    u_ibex_demo_system/gen_dm_top.u_dm_top/dap/i_dmi_cdc_n_222
    SLICE_X38Y53         FDRE                                         r  u_ibex_demo_system/gen_dm_top.u_dm_top/dap/data_q_reg[29]/CE
  -------------------------------------------------------------------    -------------------

Slack:                    inf
  Source:                 u_ibex_demo_system/gen_dm_top.u_dm_top/dap/dtmcs_q_reg[dmihardreset]/C
                            (rising edge-triggered cell FDRE)
  Destination:            u_ibex_demo_system/gen_dm_top.u_dm_top/dap/data_q_reg[12]/CE
  Path Group:             (none)
  Path Type:              Max at Slow Process Corner
  Data Path Delay:        5.524ns  (logic 0.890ns (16.110%)  route 4.634ns (83.890%))
  Logic Levels:           4  (FDRE=1 LUT4=1 LUT5=1 LUT6=1)

    Location             Delay type                Incr(ns)  Path(ns)    Netlist Resource(s)
  -------------------------------------------------------------------    -------------------
    SLICE_X30Y59         FDRE                         0.000     0.000 r  u_ibex_demo_system/gen_dm_top.u_dm_top/dap/dtmcs_q_reg[dmihardreset]/C
    SLICE_X30Y59         FDRE (Prop_fdre_C_Q)         0.518     0.518 r  u_ibex_demo_system/gen_dm_top.u_dm_top/dap/dtmcs_q_reg[dmihardreset]/Q
                         net (fo=9, routed)           1.313     1.831    u_ibex_demo_system/gen_dm_top.u_dm_top/dap/i_dmi_jtag_tap/dtmcs_q_reg[dmihardreset]__0
    SLICE_X28Y55         LUT4 (Prop_lut4_I3_O)        0.124     1.955 f  u_ibex_demo_system/gen_dm_top.u_dm_top/dap/i_dmi_jtag_tap/jtag_combined_rstn_i_1/O
                         net (fo=84, routed)          1.357     3.312    u_ibex_demo_system/gen_dm_top.u_dm_top/dap/i_dmi_jtag_tap/p_0_in
    SLICE_X30Y58         LUT5 (Prop_lut5_I4_O)        0.124     3.436 r  u_ibex_demo_system/gen_dm_top.u_dm_top/dap/i_dmi_jtag_tap/address_q[6]_i_1/O
                         net (fo=8, routed)           0.820     4.256    u_ibex_demo_system/gen_dm_top.u_dm_top/dap/i_dmi_cdc/i_cdc_resp/u_prim_sync_reqack/gen_rz_hs_protocol.req_sync/u_sync_2/data_q_reg[0]
    SLICE_X31Y59         LUT6 (Prop_lut6_I0_O)        0.124     4.380 r  u_ibex_demo_system/gen_dm_top.u_dm_top/dap/i_dmi_cdc/i_cdc_resp/u_prim_sync_reqack/gen_rz_hs_protocol.req_sync/u_sync_2/data_q[31]_i_1/O
                         net (fo=32, routed)          1.144     5.524    u_ibex_demo_system/gen_dm_top.u_dm_top/dap/i_dmi_cdc_n_222
    SLICE_X36Y55         FDRE                                         r  u_ibex_demo_system/gen_dm_top.u_dm_top/dap/data_q_reg[12]/CE
  -------------------------------------------------------------------    -------------------

Slack:                    inf
  Source:                 u_ibex_demo_system/gen_dm_top.u_dm_top/dap/dtmcs_q_reg[dmihardreset]/C
                            (rising edge-triggered cell FDRE)
  Destination:            u_ibex_demo_system/gen_dm_top.u_dm_top/dap/data_q_reg[14]/CE
  Path Group:             (none)
  Path Type:              Max at Slow Process Corner
  Data Path Delay:        5.524ns  (logic 0.890ns (16.110%)  route 4.634ns (83.890%))
  Logic Levels:           4  (FDRE=1 LUT4=1 LUT5=1 LUT6=1)

    Location             Delay type                Incr(ns)  Path(ns)    Netlist Resource(s)
  -------------------------------------------------------------------    -------------------
    SLICE_X30Y59         FDRE                         0.000     0.000 r  u_ibex_demo_system/gen_dm_top.u_dm_top/dap/dtmcs_q_reg[dmihardreset]/C
    SLICE_X30Y59         FDRE (Prop_fdre_C_Q)         0.518     0.518 r  u_ibex_demo_system/gen_dm_top.u_dm_top/dap/dtmcs_q_reg[dmihardreset]/Q
                         net (fo=9, routed)           1.313     1.831    u_ibex_demo_system/gen_dm_top.u_dm_top/dap/i_dmi_jtag_tap/dtmcs_q_reg[dmihardreset]__0
    SLICE_X28Y55         LUT4 (Prop_lut4_I3_O)        0.124     1.955 f  u_ibex_demo_system/gen_dm_top.u_dm_top/dap/i_dmi_jtag_tap/jtag_combined_rstn_i_1/O
                         net (fo=84, routed)          1.357     3.312    u_ibex_demo_system/gen_dm_top.u_dm_top/dap/i_dmi_jtag_tap/p_0_in
    SLICE_X30Y58         LUT5 (Prop_lut5_I4_O)        0.124     3.436 r  u_ibex_demo_system/gen_dm_top.u_dm_top/dap/i_dmi_jtag_tap/address_q[6]_i_1/O
                         net (fo=8, routed)           0.820     4.256    u_ibex_demo_system/gen_dm_top.u_dm_top/dap/i_dmi_cdc/i_cdc_resp/u_prim_sync_reqack/gen_rz_hs_protocol.req_sync/u_sync_2/data_q_reg[0]
    SLICE_X31Y59         LUT6 (Prop_lut6_I0_O)        0.124     4.380 r  u_ibex_demo_system/gen_dm_top.u_dm_top/dap/i_dmi_cdc/i_cdc_resp/u_prim_sync_reqack/gen_rz_hs_protocol.req_sync/u_sync_2/data_q[31]_i_1/O
                         net (fo=32, routed)          1.144     5.524    u_ibex_demo_system/gen_dm_top.u_dm_top/dap/i_dmi_cdc_n_222
    SLICE_X36Y55         FDRE                                         r  u_ibex_demo_system/gen_dm_top.u_dm_top/dap/data_q_reg[14]/CE
  -------------------------------------------------------------------    -------------------





Min Delay Paths
--------------------------------------------------------------------------------------
Slack:                    inf
  Source:                 u_ibex_demo_system/gen_dm_top.u_dm_top/dap/dr_q_reg[11]/C
                            (rising edge-triggered cell FDRE)
  Destination:            u_ibex_demo_system/gen_dm_top.u_dm_top/dap/data_q_reg[9]/D
  Path Group:             (none)
  Path Type:              Min at Fast Process Corner
  Data Path Delay:        0.249ns  (logic 0.186ns (74.636%)  route 0.063ns (25.364%))
  Logic Levels:           2  (FDRE=1 LUT6=1)

    Location             Delay type                Incr(ns)  Path(ns)    Netlist Resource(s)
  -------------------------------------------------------------------    -------------------
    SLICE_X31Y54         FDRE                         0.000     0.000 r  u_ibex_demo_system/gen_dm_top.u_dm_top/dap/dr_q_reg[11]/C
    SLICE_X31Y54         FDRE (Prop_fdre_C_Q)         0.141     0.141 r  u_ibex_demo_system/gen_dm_top.u_dm_top/dap/dr_q_reg[11]/Q
                         net (fo=2, routed)           0.063     0.204    u_ibex_demo_system/gen_dm_top.u_dm_top/dap/i_dmi_cdc/i_cdc_resp/data_q_reg[9]_0
    SLICE_X30Y54         LUT6 (Prop_lut6_I5_O)        0.045     0.249 r  u_ibex_demo_system/gen_dm_top.u_dm_top/dap/i_dmi_cdc/i_cdc_resp/data_q[9]_i_1/O
                         net (fo=1, routed)           0.000     0.249    u_ibex_demo_system/gen_dm_top.u_dm_top/dap/data_d[9]
    SLICE_X30Y54         FDRE                                         r  u_ibex_demo_system/gen_dm_top.u_dm_top/dap/data_q_reg[9]/D
  -------------------------------------------------------------------    -------------------

Slack:                    inf
  Source:                 u_ibex_demo_system/gen_dm_top.u_dm_top/dap/dr_q_reg[4]/C
                            (rising edge-triggered cell FDRE)
  Destination:            u_ibex_demo_system/gen_dm_top.u_dm_top/dap/dr_q_reg[3]/D
  Path Group:             (none)
  Path Type:              Min at Fast Process Corner
  Data Path Delay:        0.250ns  (logic 0.186ns (74.329%)  route 0.064ns (25.671%))
  Logic Levels:           2  (FDRE=1 LUT5=1)

    Location             Delay type                Incr(ns)  Path(ns)    Netlist Resource(s)
  -------------------------------------------------------------------    -------------------
    SLICE_X31Y56         FDRE                         0.000     0.000 r  u_ibex_demo_system/gen_dm_top.u_dm_top/dap/dr_q_reg[4]/C
    SLICE_X31Y56         FDRE (Prop_fdre_C_Q)         0.141     0.141 r  u_ibex_demo_system/gen_dm_top.u_dm_top/dap/dr_q_reg[4]/Q
                         net (fo=2, routed)           0.064     0.205    u_ibex_demo_system/gen_dm_top.u_dm_top/dap/i_dmi_jtag_tap/dr_q_reg[3]
    SLICE_X30Y56         LUT5 (Prop_lut5_I4_O)        0.045     0.250 r  u_ibex_demo_system/gen_dm_top.u_dm_top/dap/i_dmi_jtag_tap/dr_q[3]_i_1/O
                         net (fo=1, routed)           0.000     0.250    u_ibex_demo_system/gen_dm_top.u_dm_top/dap/dr_d[3]
    SLICE_X30Y56         FDRE                                         r  u_ibex_demo_system/gen_dm_top.u_dm_top/dap/dr_q_reg[3]/D
  -------------------------------------------------------------------    -------------------

Slack:                    inf
  Source:                 u_ibex_demo_system/gen_dm_top.u_dm_top/dap/address_q_reg[5]/C
                            (rising edge-triggered cell FDRE)
  Destination:            u_ibex_demo_system/gen_dm_top.u_dm_top/dap/dr_q_reg[39]/D
  Path Group:             (none)
  Path Type:              Min at Fast Process Corner
  Data Path Delay:        0.252ns  (logic 0.186ns (73.772%)  route 0.066ns (26.228%))
  Logic Levels:           2  (FDRE=1 LUT5=1)

    Location             Delay type                Incr(ns)  Path(ns)    Netlist Resource(s)
  -------------------------------------------------------------------    -------------------
    SLICE_X28Y55         FDRE                         0.000     0.000 r  u_ibex_demo_system/gen_dm_top.u_dm_top/dap/address_q_reg[5]/C
    SLICE_X28Y55         FDRE (Prop_fdre_C_Q)         0.141     0.141 r  u_ibex_demo_system/gen_dm_top.u_dm_top/dap/address_q_reg[5]/Q
                         net (fo=2, routed)           0.066     0.207    u_ibex_demo_system/gen_dm_top.u_dm_top/dap/i_dmi_jtag_tap/dr_q_reg[40]_0[37]
    SLICE_X29Y55         LUT5 (Prop_lut5_I0_O)        0.045     0.252 r  u_ibex_demo_system/gen_dm_top.u_dm_top/dap/i_dmi_jtag_tap/dr_q[39]_i_1/O
                         net (fo=1, routed)           0.000     0.252    u_ibex_demo_system/gen_dm_top.u_dm_top/dap/dr_d[39]
    SLICE_X29Y55         FDRE                                         r  u_ibex_demo_system/gen_dm_top.u_dm_top/dap/dr_q_reg[39]/D
  -------------------------------------------------------------------    -------------------

Slack:                    inf
  Source:                 u_ibex_demo_system/gen_dm_top.u_dm_top/dap/dr_q_reg[38]/C
                            (rising edge-triggered cell FDRE)
  Destination:            u_ibex_demo_system/gen_dm_top.u_dm_top/dap/address_q_reg[4]/D
  Path Group:             (none)
  Path Type:              Min at Fast Process Corner
  Data Path Delay:        0.255ns  (logic 0.186ns (72.832%)  route 0.069ns (27.168%))
  Logic Levels:           2  (FDRE=1 LUT5=1)

    Location             Delay type                Incr(ns)  Path(ns)    Netlist Resource(s)
  -------------------------------------------------------------------    -------------------
    SLICE_X29Y55         FDRE                         0.000     0.000 r  u_ibex_demo_system/gen_dm_top.u_dm_top/dap/dr_q_reg[38]/C
    SLICE_X29Y55         FDRE (Prop_fdre_C_Q)         0.141     0.141 r  u_ibex_demo_system/gen_dm_top.u_dm_top/dap/dr_q_reg[38]/Q
                         net (fo=2, routed)           0.069     0.210    u_ibex_demo_system/gen_dm_top.u_dm_top/dap/i_dmi_jtag_tap/dmi[address][4]
    SLICE_X28Y55         LUT5 (Prop_lut5_I0_O)        0.045     0.255 r  u_ibex_demo_system/gen_dm_top.u_dm_top/dap/i_dmi_jtag_tap/address_q[4]_i_1/O
                         net (fo=1, routed)           0.000     0.255    u_ibex_demo_system/gen_dm_top.u_dm_top/dap/i_dmi_jtag_tap_n_51
    SLICE_X28Y55         FDRE                                         r  u_ibex_demo_system/gen_dm_top.u_dm_top/dap/address_q_reg[4]/D
  -------------------------------------------------------------------    -------------------

Slack:                    inf
  Source:                 u_ibex_demo_system/gen_dm_top.u_dm_top/dap/data_q_reg[10]/C
                            (rising edge-triggered cell FDRE)
  Destination:            u_ibex_demo_system/gen_dm_top.u_dm_top/dap/i_dmi_cdc/i_cdc_req/data_q_reg[10]/D
  Path Group:             (none)
  Path Type:              Min at Fast Process Corner
  Data Path Delay:        0.271ns  (logic 0.141ns (51.979%)  route 0.130ns (48.021%))
  Logic Levels:           1  (FDRE=1)

    Location             Delay type                Incr(ns)  Path(ns)    Netlist Resource(s)
  -------------------------------------------------------------------    -------------------
    SLICE_X36Y54         FDRE                         0.000     0.000 r  u_ibex_demo_system/gen_dm_top.u_dm_top/dap/data_q_reg[10]/C
    SLICE_X36Y54         FDRE (Prop_fdre_C_Q)         0.141     0.141 r  u_ibex_demo_system/gen_dm_top.u_dm_top/dap/data_q_reg[10]/Q
                         net (fo=2, routed)           0.130     0.271    u_ibex_demo_system/gen_dm_top.u_dm_top/dap/i_dmi_cdc/i_cdc_req/data_q_reg[40]_1[10]
    SLICE_X36Y53         FDRE                                         r  u_ibex_demo_system/gen_dm_top.u_dm_top/dap/i_dmi_cdc/i_cdc_req/data_q_reg[10]/D
  -------------------------------------------------------------------    -------------------

Slack:                    inf
  Source:                 u_ibex_demo_system/gen_dm_top.u_dm_top/dap/data_q_reg[7]/C
                            (rising edge-triggered cell FDRE)
  Destination:            u_ibex_demo_system/gen_dm_top.u_dm_top/dap/dr_q_reg[9]/D
  Path Group:             (none)
  Path Type:              Min at Fast Process Corner
  Data Path Delay:        0.273ns  (logic 0.209ns (76.490%)  route 0.064ns (23.510%))
  Logic Levels:           2  (FDRE=1 LUT5=1)

    Location             Delay type                Incr(ns)  Path(ns)    Netlist Resource(s)
  -------------------------------------------------------------------    -------------------
    SLICE_X30Y54         FDRE                         0.000     0.000 r  u_ibex_demo_system/gen_dm_top.u_dm_top/dap/data_q_reg[7]/C
    SLICE_X30Y54         FDRE (Prop_fdre_C_Q)         0.164     0.164 r  u_ibex_demo_system/gen_dm_top.u_dm_top/dap/data_q_reg[7]/Q
                         net (fo=2, routed)           0.064     0.228    u_ibex_demo_system/gen_dm_top.u_dm_top/dap/i_dmi_jtag_tap/dr_q_reg[40]_0[7]
    SLICE_X31Y54         LUT5 (Prop_lut5_I1_O)        0.045     0.273 r  u_ibex_demo_system/gen_dm_top.u_dm_top/dap/i_dmi_jtag_tap/dr_q[9]_i_1/O
                         net (fo=1, routed)           0.000     0.273    u_ibex_demo_system/gen_dm_top.u_dm_top/dap/dr_d[9]
    SLICE_X31Y54         FDRE                                         r  u_ibex_demo_system/gen_dm_top.u_dm_top/dap/dr_q_reg[9]/D
  -------------------------------------------------------------------    -------------------

Slack:                    inf
  Source:                 u_ibex_demo_system/gen_dm_top.u_dm_top/dap/data_q_reg[8]/C
                            (rising edge-triggered cell FDRE)
  Destination:            u_ibex_demo_system/gen_dm_top.u_dm_top/dap/dr_q_reg[10]/D
  Path Group:             (none)
  Path Type:              Min at Fast Process Corner
  Data Path Delay:        0.274ns  (logic 0.209ns (76.147%)  route 0.065ns (23.853%))
  Logic Levels:           2  (FDRE=1 LUT5=1)

    Location             Delay type                Incr(ns)  Path(ns)    Netlist Resource(s)
  -------------------------------------------------------------------    -------------------
    SLICE_X30Y54         FDRE                         0.000     0.000 r  u_ibex_demo_system/gen_dm_top.u_dm_top/dap/data_q_reg[8]/C
    SLICE_X30Y54         FDRE (Prop_fdre_C_Q)         0.164     0.164 r  u_ibex_demo_system/gen_dm_top.u_dm_top/dap/data_q_reg[8]/Q
                         net (fo=2, routed)           0.065     0.229    u_ibex_demo_system/gen_dm_top.u_dm_top/dap/i_dmi_jtag_tap/dr_q_reg[40]_0[8]
    SLICE_X31Y54         LUT5 (Prop_lut5_I1_O)        0.045     0.274 r  u_ibex_demo_system/gen_dm_top.u_dm_top/dap/i_dmi_jtag_tap/dr_q[10]_i_1/O
                         net (fo=1, routed)           0.000     0.274    u_ibex_demo_system/gen_dm_top.u_dm_top/dap/dr_d[10]
    SLICE_X31Y54         FDRE                                         r  u_ibex_demo_system/gen_dm_top.u_dm_top/dap/dr_q_reg[10]/D
  -------------------------------------------------------------------    -------------------

Slack:                    inf
  Source:                 u_ibex_demo_system/gen_dm_top.u_dm_top/dap/data_q_reg[16]/C
                            (rising edge-triggered cell FDRE)
  Destination:            u_ibex_demo_system/gen_dm_top.u_dm_top/dap/i_dmi_cdc/i_cdc_req/data_q_reg[16]/D
  Path Group:             (none)
  Path Type:              Min at Fast Process Corner
  Data Path Delay:        0.275ns  (logic 0.164ns (59.555%)  route 0.111ns (40.445%))
  Logic Levels:           1  (FDRE=1)

    Location             Delay type                Incr(ns)  Path(ns)    Netlist Resource(s)
  -------------------------------------------------------------------    -------------------
    SLICE_X30Y53         FDRE                         0.000     0.000 r  u_ibex_demo_system/gen_dm_top.u_dm_top/dap/data_q_reg[16]/C
    SLICE_X30Y53         FDRE (Prop_fdre_C_Q)         0.164     0.164 r  u_ibex_demo_system/gen_dm_top.u_dm_top/dap/data_q_reg[16]/Q
                         net (fo=2, routed)           0.111     0.275    u_ibex_demo_system/gen_dm_top.u_dm_top/dap/i_dmi_cdc/i_cdc_req/data_q_reg[40]_1[16]
    SLICE_X33Y52         FDRE                                         r  u_ibex_demo_system/gen_dm_top.u_dm_top/dap/i_dmi_cdc/i_cdc_req/data_q_reg[16]/D
  -------------------------------------------------------------------    -------------------

Slack:                    inf
  Source:                 u_ibex_demo_system/gen_dm_top.u_dm_top/dap/i_dmi_cdc/i_cdc_resp/u_prim_sync_reqack/gen_rz_hs_protocol.req_sync/u_sync_2/gen_xilinx.u_impl_xilinx/q_o_reg[0]/C
                            (rising edge-triggered cell FDCE)
  Destination:            u_ibex_demo_system/gen_dm_top.u_dm_top/dap/i_dmi_cdc/i_cdc_resp/u_prim_sync_reqack/gen_rz_hs_protocol.dst_fsm_q_reg/D
  Path Group:             (none)
  Path Type:              Min at Fast Process Corner
  Data Path Delay:        0.276ns  (logic 0.141ns (51.051%)  route 0.135ns (48.949%))
  Logic Levels:           1  (FDCE=1)

    Location             Delay type                Incr(ns)  Path(ns)    Netlist Resource(s)
  -------------------------------------------------------------------    -------------------
    SLICE_X29Y60         FDCE                         0.000     0.000 r  u_ibex_demo_system/gen_dm_top.u_dm_top/dap/i_dmi_cdc/i_cdc_resp/u_prim_sync_reqack/gen_rz_hs_protocol.req_sync/u_sync_2/gen_xilinx.u_impl_xilinx/q_o_reg[0]/C
    SLICE_X29Y60         FDCE (Prop_fdce_C_Q)         0.141     0.141 r  u_ibex_demo_system/gen_dm_top.u_dm_top/dap/i_dmi_cdc/i_cdc_resp/u_prim_sync_reqack/gen_rz_hs_protocol.req_sync/u_sync_2/gen_xilinx.u_impl_xilinx/q_o_reg[0]/Q
                         net (fo=4, routed)           0.135     0.276    u_ibex_demo_system/gen_dm_top.u_dm_top/dap/i_dmi_cdc/i_cdc_resp/u_prim_sync_reqack/gen_rz_hs_protocol.dst_req
    SLICE_X31Y59         FDRE                                         r  u_ibex_demo_system/gen_dm_top.u_dm_top/dap/i_dmi_cdc/i_cdc_resp/u_prim_sync_reqack/gen_rz_hs_protocol.dst_fsm_q_reg/D
  -------------------------------------------------------------------    -------------------

Slack:                    inf
  Source:                 u_ibex_demo_system/gen_dm_top.u_dm_top/dap/address_q_reg[0]/C
                            (rising edge-triggered cell FDRE)
  Destination:            u_ibex_demo_system/gen_dm_top.u_dm_top/dap/i_dmi_cdc/i_cdc_req/data_q_reg[34]/D
  Path Group:             (none)
  Path Type:              Min at Fast Process Corner
  Data Path Delay:        0.290ns  (logic 0.164ns (56.526%)  route 0.126ns (43.474%))
  Logic Levels:           1  (FDRE=1)

    Location             Delay type                Incr(ns)  Path(ns)    Netlist Resource(s)
  -------------------------------------------------------------------    -------------------
    SLICE_X30Y55         FDRE                         0.000     0.000 r  u_ibex_demo_system/gen_dm_top.u_dm_top/dap/address_q_reg[0]/C
    SLICE_X30Y55         FDRE (Prop_fdre_C_Q)         0.164     0.164 r  u_ibex_demo_system/gen_dm_top.u_dm_top/dap/address_q_reg[0]/Q
                         net (fo=2, routed)           0.126     0.290    u_ibex_demo_system/gen_dm_top.u_dm_top/dap/i_dmi_cdc/i_cdc_req/data_q_reg[40]_1[32]
    SLICE_X29Y54         FDRE                                         r  u_ibex_demo_system/gen_dm_top.u_dm_top/dap/i_dmi_cdc/i_cdc_req/data_q_reg[34]/D
  -------------------------------------------------------------------    -------------------





--------------------------------------------------------------------------------------
Path Group:  (none)
From Clock:  clk_50_unbuf
  To Clock:  

Max Delay            60 Endpoints
Min Delay            60 Endpoints
--------------------------------------------------------------------------------------


Max Delay Paths
--------------------------------------------------------------------------------------
Slack:                    inf
  Source:                 u_ibex_demo_system/u_uart/tx_state_q_reg[1]/C
                            (rising edge-triggered cell FDCE clocked by clk_50_unbuf  {rise@0.000ns fall@10.000ns period=20.000ns})
  Destination:            UART_TX
                            (output port)
  Path Group:             (none)
  Path Type:              Max at Slow Process Corner
  Data Path Delay:        10.115ns  (logic 4.081ns (40.341%)  route 6.035ns (59.659%))
  Logic Levels:           2  (LUT3=1 OBUF=1)
  Clock Uncertainty:      0.157ns  ((TSJ^2 + DJ^2)^1/2) / 2 + PE
    Total System Jitter     (TSJ):    0.050ns
    Discrete Jitter          (DJ):    0.130ns
    Phase Error              (PE):    0.087ns

    Location             Delay type                Incr(ns)  Path(ns)    Netlist Resource(s)
  -------------------------------------------------------------------    -------------------
                         (clock clk_50_unbuf rise edge)
                                                      0.000     0.000 r  
    F14                                               0.000     0.000 r  IO_CLK (IN)
                         net (fo=0)                   0.000     0.000    clkgen/IO_CLK
    F14                  IBUF (Prop_ibuf_I_O)         1.458     1.458 r  clkgen/io_clk_ibuf/O
                         net (fo=1, routed)           1.253     2.712    clkgen/io_clk_buf
    PLLE2_ADV_X0Y1       PLLE2_ADV (Prop_plle2_adv_CLKIN1_CLKOUT0)
                                                     -8.471    -5.760 r  clkgen/pll/CLKOUT0
                         net (fo=1, routed)           1.660    -4.099    clkgen/clk_50_unbuf
    BUFGCTRL_X0Y16       BUFG (Prop_bufg_I_O)         0.096    -4.003 r  clkgen/clk_50_bufg/O
                         net (fo=3640, routed)        1.553    -2.450    u_ibex_demo_system/u_uart/clk_sys
    SLICE_X45Y54         FDCE                                         r  u_ibex_demo_system/u_uart/tx_state_q_reg[1]/C
  -------------------------------------------------------------------    -------------------
    SLICE_X45Y54         FDCE (Prop_fdce_C_Q)         0.456    -1.994 r  u_ibex_demo_system/u_uart/tx_state_q_reg[1]/Q
                         net (fo=17, routed)          1.881    -0.114    u_ibex_demo_system/u_uart/tx_state_q_reg_n_0_[1]
    SLICE_X45Y54         LUT3 (Prop_lut3_I2_O)        0.124     0.010 r  u_ibex_demo_system/u_uart/UART_TX_OBUF_inst_i_1/O
                         net (fo=1, routed)           4.154     4.164    UART_TX_OBUF
    U11                  OBUF (Prop_obuf_I_O)         3.501     7.665 r  UART_TX_OBUF_inst/O
                         net (fo=0)                   0.000     7.665    UART_TX
    U11                                                               r  UART_TX (OUT)
  -------------------------------------------------------------------    -------------------

Slack:                    inf
  Source:                 u_ibex_demo_system/u_pwm/gen_pwm[2].u_pwm/modulated_o_reg/C
                            (rising edge-triggered cell FDCE clocked by clk_50_unbuf  {rise@0.000ns fall@10.000ns period=20.000ns})
  Destination:            RGB_LED[2]
                            (output port)
  Path Group:             (none)
  Path Type:              Max at Slow Process Corner
  Data Path Delay:        7.703ns  (logic 4.093ns (53.137%)  route 3.610ns (46.863%))
  Logic Levels:           1  (OBUF=1)
  Clock Uncertainty:      0.157ns  ((TSJ^2 + DJ^2)^1/2) / 2 + PE
    Total System Jitter     (TSJ):    0.050ns
    Discrete Jitter          (DJ):    0.130ns
    Phase Error              (PE):    0.087ns

    Location             Delay type                Incr(ns)  Path(ns)    Netlist Resource(s)
  -------------------------------------------------------------------    -------------------
                         (clock clk_50_unbuf rise edge)
                                                      0.000     0.000 r  
    F14                                               0.000     0.000 r  IO_CLK (IN)
                         net (fo=0)                   0.000     0.000    clkgen/IO_CLK
    F14                  IBUF (Prop_ibuf_I_O)         1.458     1.458 r  clkgen/io_clk_ibuf/O
                         net (fo=1, routed)           1.253     2.712    clkgen/io_clk_buf
    PLLE2_ADV_X0Y1       PLLE2_ADV (Prop_plle2_adv_CLKIN1_CLKOUT0)
                                                     -8.471    -5.760 r  clkgen/pll/CLKOUT0
                         net (fo=1, routed)           1.660    -4.099    clkgen/clk_50_unbuf
    BUFGCTRL_X0Y16       BUFG (Prop_bufg_I_O)         0.096    -4.003 r  clkgen/clk_50_bufg/O
                         net (fo=3640, routed)        1.574    -2.429    u_ibex_demo_system/u_pwm/gen_pwm[2].u_pwm/clk_sys
    SLICE_X55Y48         FDCE                                         r  u_ibex_demo_system/u_pwm/gen_pwm[2].u_pwm/modulated_o_reg/C
  -------------------------------------------------------------------    -------------------
    SLICE_X55Y48         FDCE (Prop_fdce_C_Q)         0.419    -2.010 r  u_ibex_demo_system/u_pwm/gen_pwm[2].u_pwm/modulated_o_reg/Q
                         net (fo=1, routed)           3.610     1.600    RGB_LED_OBUF[2]
    U6                   OBUF (Prop_obuf_I_O)         3.674     5.274 r  RGB_LED_OBUF[2]_inst/O
                         net (fo=0)                   0.000     5.274    RGB_LED[2]
    U6                                                                r  RGB_LED[2] (OUT)
  -------------------------------------------------------------------    -------------------

Slack:                    inf
  Source:                 u_ibex_demo_system/u_pwm/gen_pwm[0].u_pwm/modulated_o_reg/C
                            (rising edge-triggered cell FDCE clocked by clk_50_unbuf  {rise@0.000ns fall@10.000ns period=20.000ns})
  Destination:            RGB_LED[0]
                            (output port)
  Path Group:             (none)
  Path Type:              Max at Slow Process Corner
  Data Path Delay:        7.552ns  (logic 4.166ns (55.164%)  route 3.386ns (44.836%))
  Logic Levels:           1  (OBUF=1)
  Clock Uncertainty:      0.157ns  ((TSJ^2 + DJ^2)^1/2) / 2 + PE
    Total System Jitter     (TSJ):    0.050ns
    Discrete Jitter          (DJ):    0.130ns
    Phase Error              (PE):    0.087ns

    Location             Delay type                Incr(ns)  Path(ns)    Netlist Resource(s)
  -------------------------------------------------------------------    -------------------
                         (clock clk_50_unbuf rise edge)
                                                      0.000     0.000 r  
    F14                                               0.000     0.000 r  IO_CLK (IN)
                         net (fo=0)                   0.000     0.000    clkgen/IO_CLK
    F14                  IBUF (Prop_ibuf_I_O)         1.458     1.458 r  clkgen/io_clk_ibuf/O
                         net (fo=1, routed)           1.253     2.712    clkgen/io_clk_buf
    PLLE2_ADV_X0Y1       PLLE2_ADV (Prop_plle2_adv_CLKIN1_CLKOUT0)
                                                     -8.471    -5.760 r  clkgen/pll/CLKOUT0
                         net (fo=1, routed)           1.660    -4.099    clkgen/clk_50_unbuf
    BUFGCTRL_X0Y16       BUFG (Prop_bufg_I_O)         0.096    -4.003 r  clkgen/clk_50_bufg/O
                         net (fo=3640, routed)        1.558    -2.445    u_ibex_demo_system/u_pwm/gen_pwm[0].u_pwm/clk_sys
    SLICE_X56Y50         FDCE                                         r  u_ibex_demo_system/u_pwm/gen_pwm[0].u_pwm/modulated_o_reg/C
  -------------------------------------------------------------------    -------------------
    SLICE_X56Y50         FDCE (Prop_fdce_C_Q)         0.478    -1.967 r  u_ibex_demo_system/u_pwm/gen_pwm[0].u_pwm/modulated_o_reg/Q
                         net (fo=1, routed)           3.386     1.418    RGB_LED_OBUF[0]
    V6                   OBUF (Prop_obuf_I_O)         3.688     5.106 r  RGB_LED_OBUF[0]_inst/O
                         net (fo=0)                   0.000     5.106    RGB_LED[0]
    V6                                                                r  RGB_LED[0] (OUT)
  -------------------------------------------------------------------    -------------------

Slack:                    inf
  Source:                 u_ibex_demo_system/u_pwm/gen_pwm[5].u_pwm/modulated_o_reg/C
                            (rising edge-triggered cell FDCE clocked by clk_50_unbuf  {rise@0.000ns fall@10.000ns period=20.000ns})
  Destination:            RGB_LED[5]
                            (output port)
  Path Group:             (none)
  Path Type:              Max at Slow Process Corner
  Data Path Delay:        7.520ns  (logic 4.114ns (54.698%)  route 3.407ns (45.302%))
  Logic Levels:           1  (OBUF=1)
  Clock Uncertainty:      0.157ns  ((TSJ^2 + DJ^2)^1/2) / 2 + PE
    Total System Jitter     (TSJ):    0.050ns
    Discrete Jitter          (DJ):    0.130ns
    Phase Error              (PE):    0.087ns

    Location             Delay type                Incr(ns)  Path(ns)    Netlist Resource(s)
  -------------------------------------------------------------------    -------------------
                         (clock clk_50_unbuf rise edge)
                                                      0.000     0.000 r  
    F14                                               0.000     0.000 r  IO_CLK (IN)
                         net (fo=0)                   0.000     0.000    clkgen/IO_CLK
    F14                  IBUF (Prop_ibuf_I_O)         1.458     1.458 r  clkgen/io_clk_ibuf/O
                         net (fo=1, routed)           1.253     2.712    clkgen/io_clk_buf
    PLLE2_ADV_X0Y1       PLLE2_ADV (Prop_plle2_adv_CLKIN1_CLKOUT0)
                                                     -8.471    -5.760 r  clkgen/pll/CLKOUT0
                         net (fo=1, routed)           1.660    -4.099    clkgen/clk_50_unbuf
    BUFGCTRL_X0Y16       BUFG (Prop_bufg_I_O)         0.096    -4.003 r  clkgen/clk_50_bufg/O
                         net (fo=3640, routed)        1.558    -2.445    u_ibex_demo_system/u_pwm/gen_pwm[5].u_pwm/clk_sys
    SLICE_X51Y52         FDCE                                         r  u_ibex_demo_system/u_pwm/gen_pwm[5].u_pwm/modulated_o_reg/C
  -------------------------------------------------------------------    -------------------
    SLICE_X51Y52         FDCE (Prop_fdce_C_Q)         0.419    -2.026 r  u_ibex_demo_system/u_pwm/gen_pwm[5].u_pwm/modulated_o_reg/Q
                         net (fo=1, routed)           3.407     1.380    RGB_LED_OBUF[5]
    V5                   OBUF (Prop_obuf_I_O)         3.695     5.075 r  RGB_LED_OBUF[5]_inst/O
                         net (fo=0)                   0.000     5.075    RGB_LED[5]
    V5                                                                r  RGB_LED[5] (OUT)
  -------------------------------------------------------------------    -------------------

Slack:                    inf
  Source:                 u_ibex_demo_system/u_gpio/gp_o_reg[14]_lopt_replica/C
                            (rising edge-triggered cell FDCE clocked by clk_50_unbuf  {rise@0.000ns fall@10.000ns period=20.000ns})
  Destination:            LED[14]
                            (output port)
  Path Group:             (none)
  Path Type:              Max at Slow Process Corner
  Data Path Delay:        7.476ns  (logic 4.121ns (55.130%)  route 3.354ns (44.870%))
  Logic Levels:           1  (OBUF=1)
  Clock Uncertainty:      0.157ns  ((TSJ^2 + DJ^2)^1/2) / 2 + PE
    Total System Jitter     (TSJ):    0.050ns
    Discrete Jitter          (DJ):    0.130ns
    Phase Error              (PE):    0.087ns

    Location             Delay type                Incr(ns)  Path(ns)    Netlist Resource(s)
  -------------------------------------------------------------------    -------------------
                         (clock clk_50_unbuf rise edge)
                                                      0.000     0.000 r  
    F14                                               0.000     0.000 r  IO_CLK (IN)
                         net (fo=0)                   0.000     0.000    clkgen/IO_CLK
    F14                  IBUF (Prop_ibuf_I_O)         1.458     1.458 r  clkgen/io_clk_ibuf/O
                         net (fo=1, routed)           1.253     2.712    clkgen/io_clk_buf
    PLLE2_ADV_X0Y1       PLLE2_ADV (Prop_plle2_adv_CLKIN1_CLKOUT0)
                                                     -8.471    -5.760 r  clkgen/pll/CLKOUT0
                         net (fo=1, routed)           1.660    -4.099    clkgen/clk_50_unbuf
    BUFGCTRL_X0Y16       BUFG (Prop_bufg_I_O)         0.096    -4.003 r  clkgen/clk_50_bufg/O
                         net (fo=3640, routed)        1.573    -2.430    u_ibex_demo_system/u_gpio/clk_sys
    SLICE_X57Y45         FDCE                                         r  u_ibex_demo_system/u_gpio/gp_o_reg[14]_lopt_replica/C
  -------------------------------------------------------------------    -------------------
    SLICE_X57Y45         FDCE (Prop_fdce_C_Q)         0.419    -2.011 r  u_ibex_demo_system/u_gpio/gp_o_reg[14]_lopt_replica/Q
                         net (fo=1, routed)           3.354     1.343    lopt_5
    B4                   OBUF (Prop_obuf_I_O)         3.702     5.046 r  LED_OBUF[14]_inst/O
                         net (fo=0)                   0.000     5.046    LED[14]
    B4                                                                r  LED[14] (OUT)
  -------------------------------------------------------------------    -------------------

Slack:                    inf
  Source:                 u_ibex_demo_system/u_gpio/gp_o_reg[7]_lopt_replica/C
                            (rising edge-triggered cell FDCE clocked by clk_50_unbuf  {rise@0.000ns fall@10.000ns period=20.000ns})
  Destination:            LED[7]
                            (output port)
  Path Group:             (none)
  Path Type:              Max at Slow Process Corner
  Data Path Delay:        7.406ns  (logic 3.972ns (53.627%)  route 3.434ns (46.373%))
  Logic Levels:           1  (OBUF=1)
  Clock Uncertainty:      0.157ns  ((TSJ^2 + DJ^2)^1/2) / 2 + PE
    Total System Jitter     (TSJ):    0.050ns
    Discrete Jitter          (DJ):    0.130ns
    Phase Error              (PE):    0.087ns

    Location             Delay type                Incr(ns)  Path(ns)    Netlist Resource(s)
  -------------------------------------------------------------------    -------------------
                         (clock clk_50_unbuf rise edge)
                                                      0.000     0.000 r  
    F14                                               0.000     0.000 r  IO_CLK (IN)
                         net (fo=0)                   0.000     0.000    clkgen/IO_CLK
    F14                  IBUF (Prop_ibuf_I_O)         1.458     1.458 r  clkgen/io_clk_ibuf/O
                         net (fo=1, routed)           1.253     2.712    clkgen/io_clk_buf
    PLLE2_ADV_X0Y1       PLLE2_ADV (Prop_plle2_adv_CLKIN1_CLKOUT0)
                                                     -8.471    -5.760 r  clkgen/pll/CLKOUT0
                         net (fo=1, routed)           1.660    -4.099    clkgen/clk_50_unbuf
    BUFGCTRL_X0Y16       BUFG (Prop_bufg_I_O)         0.096    -4.003 r  clkgen/clk_50_bufg/O
                         net (fo=3640, routed)        1.573    -2.430    u_ibex_demo_system/u_gpio/clk_sys
    SLICE_X51Y44         FDCE                                         r  u_ibex_demo_system/u_gpio/gp_o_reg[7]_lopt_replica/C
  -------------------------------------------------------------------    -------------------
    SLICE_X51Y44         FDCE (Prop_fdce_C_Q)         0.456    -1.974 r  u_ibex_demo_system/u_gpio/gp_o_reg[7]_lopt_replica/Q
                         net (fo=1, routed)           3.434     1.460    lopt_13
    E5                   OBUF (Prop_obuf_I_O)         3.516     4.976 r  LED_OBUF[7]_inst/O
                         net (fo=0)                   0.000     4.976    LED[7]
    E5                                                                r  LED[7] (OUT)
  -------------------------------------------------------------------    -------------------

Slack:                    inf
  Source:                 u_ibex_demo_system/u_gpio/gp_o_reg[8]_lopt_replica/C
                            (rising edge-triggered cell FDCE clocked by clk_50_unbuf  {rise@0.000ns fall@10.000ns period=20.000ns})
  Destination:            LED[8]
                            (output port)
  Path Group:             (none)
  Path Type:              Max at Slow Process Corner
  Data Path Delay:        7.390ns  (logic 3.966ns (53.664%)  route 3.424ns (46.336%))
  Logic Levels:           1  (OBUF=1)
  Clock Uncertainty:      0.157ns  ((TSJ^2 + DJ^2)^1/2) / 2 + PE
    Total System Jitter     (TSJ):    0.050ns
    Discrete Jitter          (DJ):    0.130ns
    Phase Error              (PE):    0.087ns

    Location             Delay type                Incr(ns)  Path(ns)    Netlist Resource(s)
  -------------------------------------------------------------------    -------------------
                         (clock clk_50_unbuf rise edge)
                                                      0.000     0.000 r  
    F14                                               0.000     0.000 r  IO_CLK (IN)
                         net (fo=0)                   0.000     0.000    clkgen/IO_CLK
    F14                  IBUF (Prop_ibuf_I_O)         1.458     1.458 r  clkgen/io_clk_ibuf/O
                         net (fo=1, routed)           1.253     2.712    clkgen/io_clk_buf
    PLLE2_ADV_X0Y1       PLLE2_ADV (Prop_plle2_adv_CLKIN1_CLKOUT0)
                                                     -8.471    -5.760 r  clkgen/pll/CLKOUT0
                         net (fo=1, routed)           1.660    -4.099    clkgen/clk_50_unbuf
    BUFGCTRL_X0Y16       BUFG (Prop_bufg_I_O)         0.096    -4.003 r  clkgen/clk_50_bufg/O
                         net (fo=3640, routed)        1.573    -2.430    u_ibex_demo_system/u_gpio/clk_sys
    SLICE_X53Y44         FDCE                                         r  u_ibex_demo_system/u_gpio/gp_o_reg[8]_lopt_replica/C
  -------------------------------------------------------------------    -------------------
    SLICE_X53Y44         FDCE (Prop_fdce_C_Q)         0.456    -1.974 r  u_ibex_demo_system/u_gpio/gp_o_reg[8]_lopt_replica/Q
                         net (fo=1, routed)           3.424     1.450    lopt_14
    E6                   OBUF (Prop_obuf_I_O)         3.510     4.960 r  LED_OBUF[8]_inst/O
                         net (fo=0)                   0.000     4.960    LED[8]
    E6                                                                r  LED[8] (OUT)
  -------------------------------------------------------------------    -------------------

Slack:                    inf
  Source:                 u_ibex_demo_system/u_gpio/gp_o_reg[9]_lopt_replica/C
                            (rising edge-triggered cell FDCE clocked by clk_50_unbuf  {rise@0.000ns fall@10.000ns period=20.000ns})
  Destination:            LED[9]
                            (output port)
  Path Group:             (none)
  Path Type:              Max at Slow Process Corner
  Data Path Delay:        7.363ns  (logic 3.977ns (54.018%)  route 3.386ns (45.982%))
  Logic Levels:           1  (OBUF=1)
  Clock Uncertainty:      0.157ns  ((TSJ^2 + DJ^2)^1/2) / 2 + PE
    Total System Jitter     (TSJ):    0.050ns
    Discrete Jitter          (DJ):    0.130ns
    Phase Error              (PE):    0.087ns

    Location             Delay type                Incr(ns)  Path(ns)    Netlist Resource(s)
  -------------------------------------------------------------------    -------------------
                         (clock clk_50_unbuf rise edge)
                                                      0.000     0.000 r  
    F14                                               0.000     0.000 r  IO_CLK (IN)
                         net (fo=0)                   0.000     0.000    clkgen/IO_CLK
    F14                  IBUF (Prop_ibuf_I_O)         1.458     1.458 r  clkgen/io_clk_ibuf/O
                         net (fo=1, routed)           1.253     2.712    clkgen/io_clk_buf
    PLLE2_ADV_X0Y1       PLLE2_ADV (Prop_plle2_adv_CLKIN1_CLKOUT0)
                                                     -8.471    -5.760 r  clkgen/pll/CLKOUT0
                         net (fo=1, routed)           1.660    -4.099    clkgen/clk_50_unbuf
    BUFGCTRL_X0Y16       BUFG (Prop_bufg_I_O)         0.096    -4.003 r  clkgen/clk_50_bufg/O
                         net (fo=3640, routed)        1.573    -2.430    u_ibex_demo_system/u_gpio/clk_sys
    SLICE_X53Y44         FDCE                                         r  u_ibex_demo_system/u_gpio/gp_o_reg[9]_lopt_replica/C
  -------------------------------------------------------------------    -------------------
    SLICE_X53Y44         FDCE (Prop_fdce_C_Q)         0.456    -1.974 r  u_ibex_demo_system/u_gpio/gp_o_reg[9]_lopt_replica/Q
                         net (fo=1, routed)           3.386     1.412    lopt_15
    C3                   OBUF (Prop_obuf_I_O)         3.521     4.933 r  LED_OBUF[9]_inst/O
                         net (fo=0)                   0.000     4.933    LED[9]
    C3                                                                r  LED[9] (OUT)
  -------------------------------------------------------------------    -------------------

Slack:                    inf
  Source:                 u_ibex_demo_system/u_pwm/gen_pwm[1].u_pwm/modulated_o_reg/C
                            (rising edge-triggered cell FDCE clocked by clk_50_unbuf  {rise@0.000ns fall@10.000ns period=20.000ns})
  Destination:            RGB_LED[1]
                            (output port)
  Path Group:             (none)
  Path Type:              Max at Slow Process Corner
  Data Path Delay:        7.367ns  (logic 4.169ns (56.586%)  route 3.198ns (43.414%))
  Logic Levels:           1  (OBUF=1)
  Clock Uncertainty:      0.157ns  ((TSJ^2 + DJ^2)^1/2) / 2 + PE
    Total System Jitter     (TSJ):    0.050ns
    Discrete Jitter          (DJ):    0.130ns
    Phase Error              (PE):    0.087ns

    Location             Delay type                Incr(ns)  Path(ns)    Netlist Resource(s)
  -------------------------------------------------------------------    -------------------
                         (clock clk_50_unbuf rise edge)
                                                      0.000     0.000 r  
    F14                                               0.000     0.000 r  IO_CLK (IN)
                         net (fo=0)                   0.000     0.000    clkgen/IO_CLK
    F14                  IBUF (Prop_ibuf_I_O)         1.458     1.458 r  clkgen/io_clk_ibuf/O
                         net (fo=1, routed)           1.253     2.712    clkgen/io_clk_buf
    PLLE2_ADV_X0Y1       PLLE2_ADV (Prop_plle2_adv_CLKIN1_CLKOUT0)
                                                     -8.471    -5.760 r  clkgen/pll/CLKOUT0
                         net (fo=1, routed)           1.660    -4.099    clkgen/clk_50_unbuf
    BUFGCTRL_X0Y16       BUFG (Prop_bufg_I_O)         0.096    -4.003 r  clkgen/clk_50_bufg/O
                         net (fo=3640, routed)        1.558    -2.445    u_ibex_demo_system/u_pwm/gen_pwm[1].u_pwm/clk_sys
    SLICE_X54Y51         FDCE                                         r  u_ibex_demo_system/u_pwm/gen_pwm[1].u_pwm/modulated_o_reg/C
  -------------------------------------------------------------------    -------------------
    SLICE_X54Y51         FDCE (Prop_fdce_C_Q)         0.478    -1.967 r  u_ibex_demo_system/u_pwm/gen_pwm[1].u_pwm/modulated_o_reg/Q
                         net (fo=1, routed)           3.198     1.231    RGB_LED_OBUF[1]
    V4                   OBUF (Prop_obuf_I_O)         3.691     4.922 r  RGB_LED_OBUF[1]_inst/O
                         net (fo=0)                   0.000     4.922    RGB_LED[1]
    V4                                                                r  RGB_LED[1] (OUT)
  -------------------------------------------------------------------    -------------------

Slack:                    inf
  Source:                 u_ibex_demo_system/u_pwm/gen_pwm[4].u_pwm/modulated_o_reg/C
                            (rising edge-triggered cell FDCE clocked by clk_50_unbuf  {rise@0.000ns fall@10.000ns period=20.000ns})
  Destination:            RGB_LED[4]
                            (output port)
  Path Group:             (none)
  Path Type:              Max at Slow Process Corner
  Data Path Delay:        7.286ns  (logic 4.107ns (56.368%)  route 3.179ns (43.632%))
  Logic Levels:           1  (OBUF=1)
  Clock Uncertainty:      0.157ns  ((TSJ^2 + DJ^2)^1/2) / 2 + PE
    Total System Jitter     (TSJ):    0.050ns
    Discrete Jitter          (DJ):    0.130ns
    Phase Error              (PE):    0.087ns

    Location             Delay type                Incr(ns)  Path(ns)    Netlist Resource(s)
  -------------------------------------------------------------------    -------------------
                         (clock clk_50_unbuf rise edge)
                                                      0.000     0.000 r  
    F14                                               0.000     0.000 r  IO_CLK (IN)
                         net (fo=0)                   0.000     0.000    clkgen/IO_CLK
    F14                  IBUF (Prop_ibuf_I_O)         1.458     1.458 r  clkgen/io_clk_ibuf/O
                         net (fo=1, routed)           1.253     2.712    clkgen/io_clk_buf
    PLLE2_ADV_X0Y1       PLLE2_ADV (Prop_plle2_adv_CLKIN1_CLKOUT0)
                                                     -8.471    -5.760 r  clkgen/pll/CLKOUT0
                         net (fo=1, routed)           1.660    -4.099    clkgen/clk_50_unbuf
    BUFGCTRL_X0Y16       BUFG (Prop_bufg_I_O)         0.096    -4.003 r  clkgen/clk_50_bufg/O
                         net (fo=3640, routed)        1.573    -2.430    u_ibex_demo_system/u_pwm/gen_pwm[4].u_pwm/clk_sys
    SLICE_X48Y49         FDCE                                         r  u_ibex_demo_system/u_pwm/gen_pwm[4].u_pwm/modulated_o_reg/C
  -------------------------------------------------------------------    -------------------
    SLICE_X48Y49         FDCE (Prop_fdce_C_Q)         0.419    -2.011 r  u_ibex_demo_system/u_pwm/gen_pwm[4].u_pwm/modulated_o_reg/Q
                         net (fo=1, routed)           3.179     1.168    RGB_LED_OBUF[4]
    V3                   OBUF (Prop_obuf_I_O)         3.688     4.856 r  RGB_LED_OBUF[4]_inst/O
                         net (fo=0)                   0.000     4.856    RGB_LED[4]
    V3                                                                r  RGB_LED[4] (OUT)
  -------------------------------------------------------------------    -------------------





Min Delay Paths
--------------------------------------------------------------------------------------
Slack:                    inf
  Source:                 u_ibex_demo_system/gen_dm_top.u_dm_top/dap/i_dmi_cdc/i_cdc_resp/data_q_reg[19]/C
                            (rising edge-triggered cell FDRE clocked by clk_50_unbuf  {rise@0.000ns fall@10.000ns period=20.000ns})
  Destination:            u_ibex_demo_system/gen_dm_top.u_dm_top/dap/data_q_reg[17]/D
  Path Group:             (none)
  Path Type:              Min at Slow Process Corner
  Data Path Delay:        0.603ns  (logic 0.467ns (77.433%)  route 0.136ns (22.567%))
  Logic Levels:           1  (LUT6=1)
  Clock Uncertainty:      0.157ns  ((TSJ^2 + DJ^2)^1/2) / 2 + PE
    Total System Jitter     (TSJ):    0.050ns
    Discrete Jitter          (DJ):    0.130ns
    Phase Error              (PE):    0.087ns

    Location             Delay type                Incr(ns)  Path(ns)    Netlist Resource(s)
  -------------------------------------------------------------------    -------------------
                         (clock clk_50_unbuf rise edge)
                                                      0.000     0.000 r  
    F14                                               0.000     0.000 r  IO_CLK (IN)
                         net (fo=0)                   0.000     0.000    clkgen/IO_CLK
    F14                  IBUF (Prop_ibuf_I_O)         1.388     1.388 r  clkgen/io_clk_ibuf/O
                         net (fo=1, routed)           1.181     2.569    clkgen/io_clk_buf
    PLLE2_ADV_X0Y1       PLLE2_ADV (Prop_plle2_adv_CLKIN1_CLKOUT0)
                                                     -7.740    -5.171 r  clkgen/pll/CLKOUT0
                         net (fo=1, routed)           1.582    -3.589    clkgen/clk_50_unbuf
    BUFGCTRL_X0Y16       BUFG (Prop_bufg_I_O)         0.091    -3.498 r  clkgen/clk_50_bufg/O
                         net (fo=3640, routed)        1.432    -2.066    u_ibex_demo_system/gen_dm_top.u_dm_top/dap/i_dmi_cdc/i_cdc_resp/clk_sys
    SLICE_X31Y53         FDRE                                         r  u_ibex_demo_system/gen_dm_top.u_dm_top/dap/i_dmi_cdc/i_cdc_resp/data_q_reg[19]/C
  -------------------------------------------------------------------    -------------------
    SLICE_X31Y53         FDRE (Prop_fdre_C_Q)         0.367    -1.699 r  u_ibex_demo_system/gen_dm_top.u_dm_top/dap/i_dmi_cdc/i_cdc_resp/data_q_reg[19]/Q
                         net (fo=1, routed)           0.136    -1.563    u_ibex_demo_system/gen_dm_top.u_dm_top/dap/i_dmi_cdc/i_cdc_resp/data_q_reg_n_0_[19]
    SLICE_X30Y53         LUT6 (Prop_lut6_I2_O)        0.100    -1.463 r  u_ibex_demo_system/gen_dm_top.u_dm_top/dap/i_dmi_cdc/i_cdc_resp/data_q[17]_i_1/O
                         net (fo=1, routed)           0.000    -1.463    u_ibex_demo_system/gen_dm_top.u_dm_top/dap/data_d[17]
    SLICE_X30Y53         FDRE                                         r  u_ibex_demo_system/gen_dm_top.u_dm_top/dap/data_q_reg[17]/D
  -------------------------------------------------------------------    -------------------

Slack:                    inf
  Source:                 u_ibex_demo_system/gen_dm_top.u_dm_top/dap/i_dmi_cdc/i_cdc_resp/u_prim_sync_reqack/gen_rz_hs_protocol.src_fsm_q_reg/C
                            (rising edge-triggered cell FDCE clocked by clk_50_unbuf  {rise@0.000ns fall@10.000ns period=20.000ns})
  Destination:            u_ibex_demo_system/gen_dm_top.u_dm_top/dap/i_dmi_cdc/i_cdc_resp/u_prim_sync_reqack/gen_rz_hs_protocol.req_sync/u_sync_1/gen_xilinx.u_impl_xilinx/q_o_reg[0]/D
  Path Group:             (none)
  Path Type:              Min at Slow Process Corner
  Data Path Delay:        0.656ns  (logic 0.367ns (55.916%)  route 0.289ns (44.084%))
  Logic Levels:           0  
  Clock Uncertainty:      0.157ns  ((TSJ^2 + DJ^2)^1/2) / 2 + PE
    Total System Jitter     (TSJ):    0.050ns
    Discrete Jitter          (DJ):    0.130ns
    Phase Error              (PE):    0.087ns

    Location             Delay type                Incr(ns)  Path(ns)    Netlist Resource(s)
  -------------------------------------------------------------------    -------------------
                         (clock clk_50_unbuf rise edge)
                                                      0.000     0.000 r  
    F14                                               0.000     0.000 r  IO_CLK (IN)
                         net (fo=0)                   0.000     0.000    clkgen/IO_CLK
    F14                  IBUF (Prop_ibuf_I_O)         1.388     1.388 r  clkgen/io_clk_ibuf/O
                         net (fo=1, routed)           1.181     2.569    clkgen/io_clk_buf
    PLLE2_ADV_X0Y1       PLLE2_ADV (Prop_plle2_adv_CLKIN1_CLKOUT0)
                                                     -7.740    -5.171 r  clkgen/pll/CLKOUT0
                         net (fo=1, routed)           1.582    -3.589    clkgen/clk_50_unbuf
    BUFGCTRL_X0Y16       BUFG (Prop_bufg_I_O)         0.091    -3.498 r  clkgen/clk_50_bufg/O
                         net (fo=3640, routed)        1.431    -2.067    u_ibex_demo_system/gen_dm_top.u_dm_top/dap/i_dmi_cdc/i_cdc_resp/u_prim_sync_reqack/clk_sys
    SLICE_X31Y58         FDCE                                         r  u_ibex_demo_system/gen_dm_top.u_dm_top/dap/i_dmi_cdc/i_cdc_resp/u_prim_sync_reqack/gen_rz_hs_protocol.src_fsm_q_reg/C
  -------------------------------------------------------------------    -------------------
    SLICE_X31Y58         FDCE (Prop_fdce_C_Q)         0.367    -1.700 r  u_ibex_demo_system/gen_dm_top.u_dm_top/dap/i_dmi_cdc/i_cdc_resp/u_prim_sync_reqack/gen_rz_hs_protocol.src_fsm_q_reg/Q
                         net (fo=2, routed)           0.289    -1.411    u_ibex_demo_system/gen_dm_top.u_dm_top/dap/i_dmi_cdc/i_cdc_resp/u_prim_sync_reqack/gen_rz_hs_protocol.req_sync/u_sync_1/gen_xilinx.u_impl_xilinx/d_i[0]
    SLICE_X30Y60         FDCE                                         r  u_ibex_demo_system/gen_dm_top.u_dm_top/dap/i_dmi_cdc/i_cdc_resp/u_prim_sync_reqack/gen_rz_hs_protocol.req_sync/u_sync_1/gen_xilinx.u_impl_xilinx/q_o_reg[0]/D
  -------------------------------------------------------------------    -------------------

Slack:                    inf
  Source:                 u_ibex_demo_system/gen_dm_top.u_dm_top/dap/i_dmi_cdc/i_cdc_resp/data_q_reg[31]/C
                            (rising edge-triggered cell FDRE clocked by clk_50_unbuf  {rise@0.000ns fall@10.000ns period=20.000ns})
  Destination:            u_ibex_demo_system/gen_dm_top.u_dm_top/dap/data_q_reg[29]/D
  Path Group:             (none)
  Path Type:              Min at Slow Process Corner
  Data Path Delay:        0.664ns  (logic 0.467ns (70.320%)  route 0.197ns (29.680%))
  Logic Levels:           1  (LUT6=1)
  Clock Uncertainty:      0.157ns  ((TSJ^2 + DJ^2)^1/2) / 2 + PE
    Total System Jitter     (TSJ):    0.050ns
    Discrete Jitter          (DJ):    0.130ns
    Phase Error              (PE):    0.087ns

    Location             Delay type                Incr(ns)  Path(ns)    Netlist Resource(s)
  -------------------------------------------------------------------    -------------------
                         (clock clk_50_unbuf rise edge)
                                                      0.000     0.000 r  
    F14                                               0.000     0.000 r  IO_CLK (IN)
                         net (fo=0)                   0.000     0.000    clkgen/IO_CLK
    F14                  IBUF (Prop_ibuf_I_O)         1.388     1.388 r  clkgen/io_clk_ibuf/O
                         net (fo=1, routed)           1.181     2.569    clkgen/io_clk_buf
    PLLE2_ADV_X0Y1       PLLE2_ADV (Prop_plle2_adv_CLKIN1_CLKOUT0)
                                                     -7.740    -5.171 r  clkgen/pll/CLKOUT0
                         net (fo=1, routed)           1.582    -3.589    clkgen/clk_50_unbuf
    BUFGCTRL_X0Y16       BUFG (Prop_bufg_I_O)         0.091    -3.498 r  clkgen/clk_50_bufg/O
                         net (fo=3640, routed)        1.432    -2.066    u_ibex_demo_system/gen_dm_top.u_dm_top/dap/i_dmi_cdc/i_cdc_resp/clk_sys
    SLICE_X39Y53         FDRE                                         r  u_ibex_demo_system/gen_dm_top.u_dm_top/dap/i_dmi_cdc/i_cdc_resp/data_q_reg[31]/C
  -------------------------------------------------------------------    -------------------
    SLICE_X39Y53         FDRE (Prop_fdre_C_Q)         0.367    -1.699 r  u_ibex_demo_system/gen_dm_top.u_dm_top/dap/i_dmi_cdc/i_cdc_resp/data_q_reg[31]/Q
                         net (fo=1, routed)           0.197    -1.502    u_ibex_demo_system/gen_dm_top.u_dm_top/dap/i_dmi_cdc/i_cdc_resp/data_q_reg_n_0_[31]
    SLICE_X38Y53         LUT6 (Prop_lut6_I5_O)        0.100    -1.402 r  u_ibex_demo_system/gen_dm_top.u_dm_top/dap/i_dmi_cdc/i_cdc_resp/data_q[29]_i_1/O
                         net (fo=1, routed)           0.000    -1.402    u_ibex_demo_system/gen_dm_top.u_dm_top/dap/data_d[29]
    SLICE_X38Y53         FDRE                                         r  u_ibex_demo_system/gen_dm_top.u_dm_top/dap/data_q_reg[29]/D
  -------------------------------------------------------------------    -------------------

Slack:                    inf
  Source:                 u_ibex_demo_system/gen_dm_top.u_dm_top/dap/i_dmi_cdc/i_cdc_resp/data_q_reg[15]/C
                            (rising edge-triggered cell FDRE clocked by clk_50_unbuf  {rise@0.000ns fall@10.000ns period=20.000ns})
  Destination:            u_ibex_demo_system/gen_dm_top.u_dm_top/dap/data_q_reg[13]/D
  Path Group:             (none)
  Path Type:              Min at Slow Process Corner
  Data Path Delay:        0.694ns  (logic 0.467ns (67.281%)  route 0.227ns (32.719%))
  Logic Levels:           1  (LUT6=1)
  Clock Uncertainty:      0.157ns  ((TSJ^2 + DJ^2)^1/2) / 2 + PE
    Total System Jitter     (TSJ):    0.050ns
    Discrete Jitter          (DJ):    0.130ns
    Phase Error              (PE):    0.087ns

    Location             Delay type                Incr(ns)  Path(ns)    Netlist Resource(s)
  -------------------------------------------------------------------    -------------------
                         (clock clk_50_unbuf rise edge)
                                                      0.000     0.000 r  
    F14                                               0.000     0.000 r  IO_CLK (IN)
                         net (fo=0)                   0.000     0.000    clkgen/IO_CLK
    F14                  IBUF (Prop_ibuf_I_O)         1.388     1.388 r  clkgen/io_clk_ibuf/O
                         net (fo=1, routed)           1.181     2.569    clkgen/io_clk_buf
    PLLE2_ADV_X0Y1       PLLE2_ADV (Prop_plle2_adv_CLKIN1_CLKOUT0)
                                                     -7.740    -5.171 r  clkgen/pll/CLKOUT0
                         net (fo=1, routed)           1.582    -3.589    clkgen/clk_50_unbuf
    BUFGCTRL_X0Y16       BUFG (Prop_bufg_I_O)         0.091    -3.498 r  clkgen/clk_50_bufg/O
                         net (fo=3640, routed)        1.432    -2.066    u_ibex_demo_system/gen_dm_top.u_dm_top/dap/i_dmi_cdc/i_cdc_resp/clk_sys
    SLICE_X39Y55         FDRE                                         r  u_ibex_demo_system/gen_dm_top.u_dm_top/dap/i_dmi_cdc/i_cdc_resp/data_q_reg[15]/C
  -------------------------------------------------------------------    -------------------
    SLICE_X39Y55         FDRE (Prop_fdre_C_Q)         0.367    -1.699 r  u_ibex_demo_system/gen_dm_top.u_dm_top/dap/i_dmi_cdc/i_cdc_resp/data_q_reg[15]/Q
                         net (fo=1, routed)           0.227    -1.472    u_ibex_demo_system/gen_dm_top.u_dm_top/dap/i_dmi_cdc/i_cdc_resp/data_q_reg_n_0_[15]
    SLICE_X38Y55         LUT6 (Prop_lut6_I5_O)        0.100    -1.372 r  u_ibex_demo_system/gen_dm_top.u_dm_top/dap/i_dmi_cdc/i_cdc_resp/data_q[13]_i_1/O
                         net (fo=1, routed)           0.000    -1.372    u_ibex_demo_system/gen_dm_top.u_dm_top/dap/data_d[13]
    SLICE_X38Y55         FDRE                                         r  u_ibex_demo_system/gen_dm_top.u_dm_top/dap/data_q_reg[13]/D
  -------------------------------------------------------------------    -------------------

Slack:                    inf
  Source:                 u_ibex_demo_system/gen_dm_top.u_dm_top/dap/i_dmi_cdc/i_cdc_resp/data_q_reg[28]/C
                            (rising edge-triggered cell FDRE clocked by clk_50_unbuf  {rise@0.000ns fall@10.000ns period=20.000ns})
  Destination:            u_ibex_demo_system/gen_dm_top.u_dm_top/dap/data_q_reg[26]/D
  Path Group:             (none)
  Path Type:              Min at Slow Process Corner
  Data Path Delay:        0.694ns  (logic 0.467ns (67.281%)  route 0.227ns (32.719%))
  Logic Levels:           1  (LUT6=1)
  Clock Uncertainty:      0.157ns  ((TSJ^2 + DJ^2)^1/2) / 2 + PE
    Total System Jitter     (TSJ):    0.050ns
    Discrete Jitter          (DJ):    0.130ns
    Phase Error              (PE):    0.087ns

    Location             Delay type                Incr(ns)  Path(ns)    Netlist Resource(s)
  -------------------------------------------------------------------    -------------------
                         (clock clk_50_unbuf rise edge)
                                                      0.000     0.000 r  
    F14                                               0.000     0.000 r  IO_CLK (IN)
                         net (fo=0)                   0.000     0.000    clkgen/IO_CLK
    F14                  IBUF (Prop_ibuf_I_O)         1.388     1.388 r  clkgen/io_clk_ibuf/O
                         net (fo=1, routed)           1.181     2.569    clkgen/io_clk_buf
    PLLE2_ADV_X0Y1       PLLE2_ADV (Prop_plle2_adv_CLKIN1_CLKOUT0)
                                                     -7.740    -5.171 r  clkgen/pll/CLKOUT0
                         net (fo=1, routed)           1.582    -3.589    clkgen/clk_50_unbuf
    BUFGCTRL_X0Y16       BUFG (Prop_bufg_I_O)         0.091    -3.498 r  clkgen/clk_50_bufg/O
                         net (fo=3640, routed)        1.432    -2.066    u_ibex_demo_system/gen_dm_top.u_dm_top/dap/i_dmi_cdc/i_cdc_resp/clk_sys
    SLICE_X39Y53         FDRE                                         r  u_ibex_demo_system/gen_dm_top.u_dm_top/dap/i_dmi_cdc/i_cdc_resp/data_q_reg[28]/C
  -------------------------------------------------------------------    -------------------
    SLICE_X39Y53         FDRE (Prop_fdre_C_Q)         0.367    -1.699 r  u_ibex_demo_system/gen_dm_top.u_dm_top/dap/i_dmi_cdc/i_cdc_resp/data_q_reg[28]/Q
                         net (fo=1, routed)           0.227    -1.472    u_ibex_demo_system/gen_dm_top.u_dm_top/dap/i_dmi_cdc/i_cdc_resp/data_q_reg_n_0_[28]
    SLICE_X38Y53         LUT6 (Prop_lut6_I2_O)        0.100    -1.372 r  u_ibex_demo_system/gen_dm_top.u_dm_top/dap/i_dmi_cdc/i_cdc_resp/data_q[26]_i_1/O
                         net (fo=1, routed)           0.000    -1.372    u_ibex_demo_system/gen_dm_top.u_dm_top/dap/data_d[26]
    SLICE_X38Y53         FDRE                                         r  u_ibex_demo_system/gen_dm_top.u_dm_top/dap/data_q_reg[26]/D
  -------------------------------------------------------------------    -------------------

Slack:                    inf
  Source:                 u_ibex_demo_system/gen_dm_top.u_dm_top/dap/i_dmi_cdc/i_cdc_resp/data_q_reg[14]/C
                            (rising edge-triggered cell FDRE clocked by clk_50_unbuf  {rise@0.000ns fall@10.000ns period=20.000ns})
  Destination:            u_ibex_demo_system/gen_dm_top.u_dm_top/dap/data_q_reg[12]/D
  Path Group:             (none)
  Path Type:              Min at Slow Process Corner
  Data Path Delay:        0.698ns  (logic 0.467ns (66.918%)  route 0.231ns (33.082%))
  Logic Levels:           1  (LUT6=1)
  Clock Uncertainty:      0.157ns  ((TSJ^2 + DJ^2)^1/2) / 2 + PE
    Total System Jitter     (TSJ):    0.050ns
    Discrete Jitter          (DJ):    0.130ns
    Phase Error              (PE):    0.087ns

    Location             Delay type                Incr(ns)  Path(ns)    Netlist Resource(s)
  -------------------------------------------------------------------    -------------------
                         (clock clk_50_unbuf rise edge)
                                                      0.000     0.000 r  
    F14                                               0.000     0.000 r  IO_CLK (IN)
                         net (fo=0)                   0.000     0.000    clkgen/IO_CLK
    F14                  IBUF (Prop_ibuf_I_O)         1.388     1.388 r  clkgen/io_clk_ibuf/O
                         net (fo=1, routed)           1.181     2.569    clkgen/io_clk_buf
    PLLE2_ADV_X0Y1       PLLE2_ADV (Prop_plle2_adv_CLKIN1_CLKOUT0)
                                                     -7.740    -5.171 r  clkgen/pll/CLKOUT0
                         net (fo=1, routed)           1.582    -3.589    clkgen/clk_50_unbuf
    BUFGCTRL_X0Y16       BUFG (Prop_bufg_I_O)         0.091    -3.498 r  clkgen/clk_50_bufg/O
                         net (fo=3640, routed)        1.432    -2.066    u_ibex_demo_system/gen_dm_top.u_dm_top/dap/i_dmi_cdc/i_cdc_resp/clk_sys
    SLICE_X37Y55         FDRE                                         r  u_ibex_demo_system/gen_dm_top.u_dm_top/dap/i_dmi_cdc/i_cdc_resp/data_q_reg[14]/C
  -------------------------------------------------------------------    -------------------
    SLICE_X37Y55         FDRE (Prop_fdre_C_Q)         0.367    -1.699 r  u_ibex_demo_system/gen_dm_top.u_dm_top/dap/i_dmi_cdc/i_cdc_resp/data_q_reg[14]/Q
                         net (fo=1, routed)           0.231    -1.468    u_ibex_demo_system/gen_dm_top.u_dm_top/dap/i_dmi_cdc/i_cdc_resp/data_q_reg_n_0_[14]
    SLICE_X36Y55         LUT6 (Prop_lut6_I5_O)        0.100    -1.368 r  u_ibex_demo_system/gen_dm_top.u_dm_top/dap/i_dmi_cdc/i_cdc_resp/data_q[12]_i_1/O
                         net (fo=1, routed)           0.000    -1.368    u_ibex_demo_system/gen_dm_top.u_dm_top/dap/data_d[12]
    SLICE_X36Y55         FDRE                                         r  u_ibex_demo_system/gen_dm_top.u_dm_top/dap/data_q_reg[12]/D
  -------------------------------------------------------------------    -------------------

Slack:                    inf
  Source:                 u_ibex_demo_system/gen_dm_top.u_dm_top/dap/i_dmi_cdc/i_cdc_resp/data_q_reg[4]/C
                            (rising edge-triggered cell FDRE clocked by clk_50_unbuf  {rise@0.000ns fall@10.000ns period=20.000ns})
  Destination:            u_ibex_demo_system/gen_dm_top.u_dm_top/dap/data_q_reg[2]/D
  Path Group:             (none)
  Path Type:              Min at Slow Process Corner
  Data Path Delay:        0.720ns  (logic 0.467ns (64.901%)  route 0.253ns (35.099%))
  Logic Levels:           1  (LUT6=1)
  Clock Uncertainty:      0.157ns  ((TSJ^2 + DJ^2)^1/2) / 2 + PE
    Total System Jitter     (TSJ):    0.050ns
    Discrete Jitter          (DJ):    0.130ns
    Phase Error              (PE):    0.087ns

    Location             Delay type                Incr(ns)  Path(ns)    Netlist Resource(s)
  -------------------------------------------------------------------    -------------------
                         (clock clk_50_unbuf rise edge)
                                                      0.000     0.000 r  
    F14                                               0.000     0.000 r  IO_CLK (IN)
                         net (fo=0)                   0.000     0.000    clkgen/IO_CLK
    F14                  IBUF (Prop_ibuf_I_O)         1.388     1.388 r  clkgen/io_clk_ibuf/O
                         net (fo=1, routed)           1.181     2.569    clkgen/io_clk_buf
    PLLE2_ADV_X0Y1       PLLE2_ADV (Prop_plle2_adv_CLKIN1_CLKOUT0)
                                                     -7.740    -5.171 r  clkgen/pll/CLKOUT0
                         net (fo=1, routed)           1.582    -3.589    clkgen/clk_50_unbuf
    BUFGCTRL_X0Y16       BUFG (Prop_bufg_I_O)         0.091    -3.498 r  clkgen/clk_50_bufg/O
                         net (fo=3640, routed)        1.432    -2.066    u_ibex_demo_system/gen_dm_top.u_dm_top/dap/i_dmi_cdc/i_cdc_resp/clk_sys
    SLICE_X33Y55         FDRE                                         r  u_ibex_demo_system/gen_dm_top.u_dm_top/dap/i_dmi_cdc/i_cdc_resp/data_q_reg[4]/C
  -------------------------------------------------------------------    -------------------
    SLICE_X33Y55         FDRE (Prop_fdre_C_Q)         0.367    -1.699 r  u_ibex_demo_system/gen_dm_top.u_dm_top/dap/i_dmi_cdc/i_cdc_resp/data_q_reg[4]/Q
                         net (fo=1, routed)           0.253    -1.446    u_ibex_demo_system/gen_dm_top.u_dm_top/dap/i_dmi_cdc/i_cdc_resp/data_q_reg_n_0_[4]
    SLICE_X32Y56         LUT6 (Prop_lut6_I2_O)        0.100    -1.346 r  u_ibex_demo_system/gen_dm_top.u_dm_top/dap/i_dmi_cdc/i_cdc_resp/data_q[2]_i_1/O
                         net (fo=1, routed)           0.000    -1.346    u_ibex_demo_system/gen_dm_top.u_dm_top/dap/data_d[2]
    SLICE_X32Y56         FDRE                                         r  u_ibex_demo_system/gen_dm_top.u_dm_top/dap/data_q_reg[2]/D
  -------------------------------------------------------------------    -------------------

Slack:                    inf
  Source:                 u_ibex_demo_system/gen_dm_top.u_dm_top/dap/i_dmi_cdc/i_cdc_resp/data_q_reg[7]/C
                            (rising edge-triggered cell FDRE clocked by clk_50_unbuf  {rise@0.000ns fall@10.000ns period=20.000ns})
  Destination:            u_ibex_demo_system/gen_dm_top.u_dm_top/dap/data_q_reg[5]/D
  Path Group:             (none)
  Path Type:              Min at Slow Process Corner
  Data Path Delay:        0.723ns  (logic 0.467ns (64.632%)  route 0.256ns (35.368%))
  Logic Levels:           1  (LUT6=1)
  Clock Uncertainty:      0.157ns  ((TSJ^2 + DJ^2)^1/2) / 2 + PE
    Total System Jitter     (TSJ):    0.050ns
    Discrete Jitter          (DJ):    0.130ns
    Phase Error              (PE):    0.087ns

    Location             Delay type                Incr(ns)  Path(ns)    Netlist Resource(s)
  -------------------------------------------------------------------    -------------------
                         (clock clk_50_unbuf rise edge)
                                                      0.000     0.000 r  
    F14                                               0.000     0.000 r  IO_CLK (IN)
                         net (fo=0)                   0.000     0.000    clkgen/IO_CLK
    F14                  IBUF (Prop_ibuf_I_O)         1.388     1.388 r  clkgen/io_clk_ibuf/O
                         net (fo=1, routed)           1.181     2.569    clkgen/io_clk_buf
    PLLE2_ADV_X0Y1       PLLE2_ADV (Prop_plle2_adv_CLKIN1_CLKOUT0)
                                                     -7.740    -5.171 r  clkgen/pll/CLKOUT0
                         net (fo=1, routed)           1.582    -3.589    clkgen/clk_50_unbuf
    BUFGCTRL_X0Y16       BUFG (Prop_bufg_I_O)         0.091    -3.498 r  clkgen/clk_50_bufg/O
                         net (fo=3640, routed)        1.431    -2.067    u_ibex_demo_system/gen_dm_top.u_dm_top/dap/i_dmi_cdc/i_cdc_resp/clk_sys
    SLICE_X33Y57         FDRE                                         r  u_ibex_demo_system/gen_dm_top.u_dm_top/dap/i_dmi_cdc/i_cdc_resp/data_q_reg[7]/C
  -------------------------------------------------------------------    -------------------
    SLICE_X33Y57         FDRE (Prop_fdre_C_Q)         0.367    -1.700 r  u_ibex_demo_system/gen_dm_top.u_dm_top/dap/i_dmi_cdc/i_cdc_resp/data_q_reg[7]/Q
                         net (fo=1, routed)           0.256    -1.444    u_ibex_demo_system/gen_dm_top.u_dm_top/dap/i_dmi_cdc/i_cdc_resp/data_q_reg_n_0_[7]
    SLICE_X32Y56         LUT6 (Prop_lut6_I2_O)        0.100    -1.344 r  u_ibex_demo_system/gen_dm_top.u_dm_top/dap/i_dmi_cdc/i_cdc_resp/data_q[5]_i_1/O
                         net (fo=1, routed)           0.000    -1.344    u_ibex_demo_system/gen_dm_top.u_dm_top/dap/data_d[5]
    SLICE_X32Y56         FDRE                                         r  u_ibex_demo_system/gen_dm_top.u_dm_top/dap/data_q_reg[5]/D
  -------------------------------------------------------------------    -------------------

Slack:                    inf
  Source:                 u_ibex_demo_system/gen_dm_top.u_dm_top/dap/i_dmi_cdc/i_cdc_resp/data_q_reg[3]/C
                            (rising edge-triggered cell FDRE clocked by clk_50_unbuf  {rise@0.000ns fall@10.000ns period=20.000ns})
  Destination:            u_ibex_demo_system/gen_dm_top.u_dm_top/dap/data_q_reg[1]/D
  Path Group:             (none)
  Path Type:              Min at Slow Process Corner
  Data Path Delay:        0.723ns  (logic 0.467ns (64.577%)  route 0.256ns (35.423%))
  Logic Levels:           1  (LUT6=1)
  Clock Uncertainty:      0.157ns  ((TSJ^2 + DJ^2)^1/2) / 2 + PE
    Total System Jitter     (TSJ):    0.050ns
    Discrete Jitter          (DJ):    0.130ns
    Phase Error              (PE):    0.087ns

    Location             Delay type                Incr(ns)  Path(ns)    Netlist Resource(s)
  -------------------------------------------------------------------    -------------------
                         (clock clk_50_unbuf rise edge)
                                                      0.000     0.000 r  
    F14                                               0.000     0.000 r  IO_CLK (IN)
                         net (fo=0)                   0.000     0.000    clkgen/IO_CLK
    F14                  IBUF (Prop_ibuf_I_O)         1.388     1.388 r  clkgen/io_clk_ibuf/O
                         net (fo=1, routed)           1.181     2.569    clkgen/io_clk_buf
    PLLE2_ADV_X0Y1       PLLE2_ADV (Prop_plle2_adv_CLKIN1_CLKOUT0)
                                                     -7.740    -5.171 r  clkgen/pll/CLKOUT0
                         net (fo=1, routed)           1.582    -3.589    clkgen/clk_50_unbuf
    BUFGCTRL_X0Y16       BUFG (Prop_bufg_I_O)         0.091    -3.498 r  clkgen/clk_50_bufg/O
                         net (fo=3640, routed)        1.432    -2.066    u_ibex_demo_system/gen_dm_top.u_dm_top/dap/i_dmi_cdc/i_cdc_resp/clk_sys
    SLICE_X31Y53         FDRE                                         r  u_ibex_demo_system/gen_dm_top.u_dm_top/dap/i_dmi_cdc/i_cdc_resp/data_q_reg[3]/C
  -------------------------------------------------------------------    -------------------
    SLICE_X31Y53         FDRE (Prop_fdre_C_Q)         0.367    -1.699 r  u_ibex_demo_system/gen_dm_top.u_dm_top/dap/i_dmi_cdc/i_cdc_resp/data_q_reg[3]/Q
                         net (fo=1, routed)           0.256    -1.443    u_ibex_demo_system/gen_dm_top.u_dm_top/dap/i_dmi_cdc/i_cdc_resp/data_q_reg_n_0_[3]
    SLICE_X30Y54         LUT6 (Prop_lut6_I2_O)        0.100    -1.343 r  u_ibex_demo_system/gen_dm_top.u_dm_top/dap/i_dmi_cdc/i_cdc_resp/data_q[1]_i_1/O
                         net (fo=1, routed)           0.000    -1.343    u_ibex_demo_system/gen_dm_top.u_dm_top/dap/data_d[1]
    SLICE_X30Y54         FDRE                                         r  u_ibex_demo_system/gen_dm_top.u_dm_top/dap/data_q_reg[1]/D
  -------------------------------------------------------------------    -------------------

Slack:                    inf
  Source:                 u_ibex_demo_system/gen_dm_top.u_dm_top/dap/i_dmi_cdc/i_cdc_resp/data_q_reg[0]/C
                            (rising edge-triggered cell FDRE clocked by clk_50_unbuf  {rise@0.000ns fall@10.000ns period=20.000ns})
  Destination:            u_ibex_demo_system/gen_dm_top.u_dm_top/dap/data_q_reg[16]/D
  Path Group:             (none)
  Path Type:              Min at Slow Process Corner
  Data Path Delay:        0.741ns  (logic 0.467ns (63.059%)  route 0.274ns (36.941%))
  Logic Levels:           1  (LUT6=1)
  Clock Uncertainty:      0.157ns  ((TSJ^2 + DJ^2)^1/2) / 2 + PE
    Total System Jitter     (TSJ):    0.050ns
    Discrete Jitter          (DJ):    0.130ns
    Phase Error              (PE):    0.087ns

    Location             Delay type                Incr(ns)  Path(ns)    Netlist Resource(s)
  -------------------------------------------------------------------    -------------------
                         (clock clk_50_unbuf rise edge)
                                                      0.000     0.000 r  
    F14                                               0.000     0.000 r  IO_CLK (IN)
                         net (fo=0)                   0.000     0.000    clkgen/IO_CLK
    F14                  IBUF (Prop_ibuf_I_O)         1.388     1.388 r  clkgen/io_clk_ibuf/O
                         net (fo=1, routed)           1.181     2.569    clkgen/io_clk_buf
    PLLE2_ADV_X0Y1       PLLE2_ADV (Prop_plle2_adv_CLKIN1_CLKOUT0)
                                                     -7.740    -5.171 r  clkgen/pll/CLKOUT0
                         net (fo=1, routed)           1.582    -3.589    clkgen/clk_50_unbuf
    BUFGCTRL_X0Y16       BUFG (Prop_bufg_I_O)         0.091    -3.498 r  clkgen/clk_50_bufg/O
                         net (fo=3640, routed)        1.432    -2.066    u_ibex_demo_system/gen_dm_top.u_dm_top/dap/i_dmi_cdc/i_cdc_resp/clk_sys
    SLICE_X31Y53         FDRE                                         r  u_ibex_demo_system/gen_dm_top.u_dm_top/dap/i_dmi_cdc/i_cdc_resp/data_q_reg[0]/C
  -------------------------------------------------------------------    -------------------
    SLICE_X31Y53         FDRE (Prop_fdre_C_Q)         0.367    -1.699 r  u_ibex_demo_system/gen_dm_top.u_dm_top/dap/i_dmi_cdc/i_cdc_resp/data_q_reg[0]/Q
                         net (fo=33, routed)          0.274    -1.425    u_ibex_demo_system/gen_dm_top.u_dm_top/dap/i_dmi_cdc/i_cdc_resp/dmi_resp[resp][0]
    SLICE_X30Y53         LUT6 (Prop_lut6_I4_O)        0.100    -1.325 r  u_ibex_demo_system/gen_dm_top.u_dm_top/dap/i_dmi_cdc/i_cdc_resp/data_q[16]_i_1/O
                         net (fo=1, routed)           0.000    -1.325    u_ibex_demo_system/gen_dm_top.u_dm_top/dap/data_d[16]
    SLICE_X30Y53         FDRE                                         r  u_ibex_demo_system/gen_dm_top.u_dm_top/dap/data_q_reg[16]/D
  -------------------------------------------------------------------    -------------------





--------------------------------------------------------------------------------------
Path Group:  (none)
From Clock:  
  To Clock:  clk_50_unbuf

Max Delay          3541 Endpoints
Min Delay          3541 Endpoints
--------------------------------------------------------------------------------------


Max Delay Paths
--------------------------------------------------------------------------------------
Slack:                    inf
  Source:                 IO_RST
                            (input port)
  Destination:            u_ibex_demo_system/u_top/u_ibex_core/id_stage_i/gen_intermediate_val_reg[0].imd_val_q_reg[0][25]/CLR
                            (recovery check against rising-edge clock clk_50_unbuf  {rise@0.000ns fall@10.000ns period=20.000ns})
  Path Group:             (none)
  Path Type:              Recovery (Max at Slow Process Corner)
  Data Path Delay:        15.002ns  (logic 1.580ns (10.535%)  route 13.422ns (89.465%))
  Logic Levels:           2  (IBUF=1 LUT3=1)
  Clock Path Skew:        -1.833ns (DCD - SCD + CPR)
    Destination Clock Delay (DCD):    -1.833ns
    Source Clock Delay      (SCD):    0.000ns
    Clock Pessimism Removal (CPR):    0.000ns
  Clock Uncertainty:      0.157ns  ((TSJ^2 + DJ^2)^1/2) / 2 + PE
    Total System Jitter     (TSJ):    0.050ns
    Discrete Jitter          (DJ):    0.130ns
    Phase Error              (PE):    0.087ns

    Location             Delay type                Incr(ns)  Path(ns)    Netlist Resource(s)
  -------------------------------------------------------------------    -------------------
    J2                                                0.000     0.000 f  IO_RST (IN)
                         net (fo=0)                   0.000     0.000    IO_RST
    J2                   IBUF (Prop_ibuf_I_O)         1.456     1.456 f  IO_RST_IBUF_inst/O
                         net (fo=3, routed)           3.214     4.671    u_ibex_demo_system/gen_dm_top.u_dm_top/i_dm_csrs/IO_RST_IBUF
    SLICE_X29Y47         LUT3 (Prop_lut3_I2_O)        0.124     4.795 f  u_ibex_demo_system/gen_dm_top.u_dm_top/i_dm_csrs/valid_q[2]_i_2/O
                         net (fo=1101, routed)       10.208    15.002    u_ibex_demo_system/u_top/u_ibex_core/id_stage_i/ctrl_fsm_cs_reg[3]
    SLICE_X44Y29         FDCE                                         f  u_ibex_demo_system/u_top/u_ibex_core/id_stage_i/gen_intermediate_val_reg[0].imd_val_q_reg[0][25]/CLR
  -------------------------------------------------------------------    -------------------

                         (clock clk_50_unbuf rise edge)
                                                      0.000     0.000 r  
    F14                                               0.000     0.000 r  IO_CLK (IN)
                         net (fo=0)                   0.000     0.000    clkgen/IO_CLK
    F14                  IBUF (Prop_ibuf_I_O)         1.388     1.388 r  clkgen/io_clk_ibuf/O
                         net (fo=1, routed)           1.181     2.569    clkgen/io_clk_buf
    PLLE2_ADV_X0Y1       PLLE2_ADV (Prop_plle2_adv_CLKIN1_CLKOUT0)
                                                     -7.740    -5.171 r  clkgen/pll/CLKOUT0
                         net (fo=1, routed)           1.582    -3.589    clkgen/clk_50_unbuf
    BUFGCTRL_X0Y16       BUFG (Prop_bufg_I_O)         0.091    -3.498 r  clkgen/clk_50_bufg/O
                         net (fo=3640, routed)        0.133    -3.365    u_ibex_demo_system/u_top/core_clock_gate_i/gen_xilinx.u_impl_xilinx/clk_sys
    BUFGCTRL_X0Y17       BUFGCTRL (Prop_bufgctrl_I0_O)
                                                      0.091    -3.274 r  u_ibex_demo_system/u_top/core_clock_gate_i/gen_xilinx.u_impl_xilinx/gen_gate.gen_bufgce.u_bufgce/O
                         net (fo=1456, routed)        1.440    -1.833    u_ibex_demo_system/u_top/u_ibex_core/id_stage_i/CLK
    SLICE_X44Y29         FDCE                                         r  u_ibex_demo_system/u_top/u_ibex_core/id_stage_i/gen_intermediate_val_reg[0].imd_val_q_reg[0][25]/C

Slack:                    inf
  Source:                 IO_RST
                            (input port)
  Destination:            u_ibex_demo_system/u_top/u_ibex_core/id_stage_i/gen_intermediate_val_reg[0].imd_val_q_reg[0][26]/CLR
                            (recovery check against rising-edge clock clk_50_unbuf  {rise@0.000ns fall@10.000ns period=20.000ns})
  Path Group:             (none)
  Path Type:              Recovery (Max at Slow Process Corner)
  Data Path Delay:        15.002ns  (logic 1.580ns (10.535%)  route 13.422ns (89.465%))
  Logic Levels:           2  (IBUF=1 LUT3=1)
  Clock Path Skew:        -1.833ns (DCD - SCD + CPR)
    Destination Clock Delay (DCD):    -1.833ns
    Source Clock Delay      (SCD):    0.000ns
    Clock Pessimism Removal (CPR):    0.000ns
  Clock Uncertainty:      0.157ns  ((TSJ^2 + DJ^2)^1/2) / 2 + PE
    Total System Jitter     (TSJ):    0.050ns
    Discrete Jitter          (DJ):    0.130ns
    Phase Error              (PE):    0.087ns

    Location             Delay type                Incr(ns)  Path(ns)    Netlist Resource(s)
  -------------------------------------------------------------------    -------------------
    J2                                                0.000     0.000 f  IO_RST (IN)
                         net (fo=0)                   0.000     0.000    IO_RST
    J2                   IBUF (Prop_ibuf_I_O)         1.456     1.456 f  IO_RST_IBUF_inst/O
                         net (fo=3, routed)           3.214     4.671    u_ibex_demo_system/gen_dm_top.u_dm_top/i_dm_csrs/IO_RST_IBUF
    SLICE_X29Y47         LUT3 (Prop_lut3_I2_O)        0.124     4.795 f  u_ibex_demo_system/gen_dm_top.u_dm_top/i_dm_csrs/valid_q[2]_i_2/O
                         net (fo=1101, routed)       10.208    15.002    u_ibex_demo_system/u_top/u_ibex_core/id_stage_i/ctrl_fsm_cs_reg[3]
    SLICE_X44Y29         FDCE                                         f  u_ibex_demo_system/u_top/u_ibex_core/id_stage_i/gen_intermediate_val_reg[0].imd_val_q_reg[0][26]/CLR
  -------------------------------------------------------------------    -------------------

                         (clock clk_50_unbuf rise edge)
                                                      0.000     0.000 r  
    F14                                               0.000     0.000 r  IO_CLK (IN)
                         net (fo=0)                   0.000     0.000    clkgen/IO_CLK
    F14                  IBUF (Prop_ibuf_I_O)         1.388     1.388 r  clkgen/io_clk_ibuf/O
                         net (fo=1, routed)           1.181     2.569    clkgen/io_clk_buf
    PLLE2_ADV_X0Y1       PLLE2_ADV (Prop_plle2_adv_CLKIN1_CLKOUT0)
                                                     -7.740    -5.171 r  clkgen/pll/CLKOUT0
                         net (fo=1, routed)           1.582    -3.589    clkgen/clk_50_unbuf
    BUFGCTRL_X0Y16       BUFG (Prop_bufg_I_O)         0.091    -3.498 r  clkgen/clk_50_bufg/O
                         net (fo=3640, routed)        0.133    -3.365    u_ibex_demo_system/u_top/core_clock_gate_i/gen_xilinx.u_impl_xilinx/clk_sys
    BUFGCTRL_X0Y17       BUFGCTRL (Prop_bufgctrl_I0_O)
                                                      0.091    -3.274 r  u_ibex_demo_system/u_top/core_clock_gate_i/gen_xilinx.u_impl_xilinx/gen_gate.gen_bufgce.u_bufgce/O
                         net (fo=1456, routed)        1.440    -1.833    u_ibex_demo_system/u_top/u_ibex_core/id_stage_i/CLK
    SLICE_X44Y29         FDCE                                         r  u_ibex_demo_system/u_top/u_ibex_core/id_stage_i/gen_intermediate_val_reg[0].imd_val_q_reg[0][26]/C

Slack:                    inf
  Source:                 IO_RST
                            (input port)
  Destination:            u_ibex_demo_system/u_top/u_ibex_core/load_store_unit_i/addr_last_q_reg[23]/CLR
                            (recovery check against rising-edge clock clk_50_unbuf  {rise@0.000ns fall@10.000ns period=20.000ns})
  Path Group:             (none)
  Path Type:              Recovery (Max at Slow Process Corner)
  Data Path Delay:        14.887ns  (logic 1.580ns (10.616%)  route 13.307ns (89.384%))
  Logic Levels:           2  (IBUF=1 LUT3=1)
  Clock Path Skew:        -1.834ns (DCD - SCD + CPR)
    Destination Clock Delay (DCD):    -1.834ns
    Source Clock Delay      (SCD):    0.000ns
    Clock Pessimism Removal (CPR):    0.000ns
  Clock Uncertainty:      0.157ns  ((TSJ^2 + DJ^2)^1/2) / 2 + PE
    Total System Jitter     (TSJ):    0.050ns
    Discrete Jitter          (DJ):    0.130ns
    Phase Error              (PE):    0.087ns

    Location             Delay type                Incr(ns)  Path(ns)    Netlist Resource(s)
  -------------------------------------------------------------------    -------------------
    J2                                                0.000     0.000 f  IO_RST (IN)
                         net (fo=0)                   0.000     0.000    IO_RST
    J2                   IBUF (Prop_ibuf_I_O)         1.456     1.456 f  IO_RST_IBUF_inst/O
                         net (fo=3, routed)           3.214     4.671    u_ibex_demo_system/gen_dm_top.u_dm_top/i_dm_csrs/IO_RST_IBUF
    SLICE_X29Y47         LUT3 (Prop_lut3_I2_O)        0.124     4.795 f  u_ibex_demo_system/gen_dm_top.u_dm_top/i_dm_csrs/valid_q[2]_i_2/O
                         net (fo=1101, routed)       10.093    14.887    u_ibex_demo_system/u_top/u_ibex_core/load_store_unit_i/addr_last_q_reg[31]_1
    SLICE_X41Y30         FDCE                                         f  u_ibex_demo_system/u_top/u_ibex_core/load_store_unit_i/addr_last_q_reg[23]/CLR
  -------------------------------------------------------------------    -------------------

                         (clock clk_50_unbuf rise edge)
                                                      0.000     0.000 r  
    F14                                               0.000     0.000 r  IO_CLK (IN)
                         net (fo=0)                   0.000     0.000    clkgen/IO_CLK
    F14                  IBUF (Prop_ibuf_I_O)         1.388     1.388 r  clkgen/io_clk_ibuf/O
                         net (fo=1, routed)           1.181     2.569    clkgen/io_clk_buf
    PLLE2_ADV_X0Y1       PLLE2_ADV (Prop_plle2_adv_CLKIN1_CLKOUT0)
                                                     -7.740    -5.171 r  clkgen/pll/CLKOUT0
                         net (fo=1, routed)           1.582    -3.589    clkgen/clk_50_unbuf
    BUFGCTRL_X0Y16       BUFG (Prop_bufg_I_O)         0.091    -3.498 r  clkgen/clk_50_bufg/O
                         net (fo=3640, routed)        0.133    -3.365    u_ibex_demo_system/u_top/core_clock_gate_i/gen_xilinx.u_impl_xilinx/clk_sys
    BUFGCTRL_X0Y17       BUFGCTRL (Prop_bufgctrl_I0_O)
                                                      0.091    -3.274 r  u_ibex_demo_system/u_top/core_clock_gate_i/gen_xilinx.u_impl_xilinx/gen_gate.gen_bufgce.u_bufgce/O
                         net (fo=1456, routed)        1.439    -1.834    u_ibex_demo_system/u_top/u_ibex_core/load_store_unit_i/CLK
    SLICE_X41Y30         FDCE                                         r  u_ibex_demo_system/u_top/u_ibex_core/load_store_unit_i/addr_last_q_reg[23]/C

Slack:                    inf
  Source:                 IO_RST
                            (input port)
  Destination:            u_ibex_demo_system/u_top/u_ibex_core/load_store_unit_i/addr_last_q_reg[24]/CLR
                            (recovery check against rising-edge clock clk_50_unbuf  {rise@0.000ns fall@10.000ns period=20.000ns})
  Path Group:             (none)
  Path Type:              Recovery (Max at Slow Process Corner)
  Data Path Delay:        14.887ns  (logic 1.580ns (10.616%)  route 13.307ns (89.384%))
  Logic Levels:           2  (IBUF=1 LUT3=1)
  Clock Path Skew:        -1.834ns (DCD - SCD + CPR)
    Destination Clock Delay (DCD):    -1.834ns
    Source Clock Delay      (SCD):    0.000ns
    Clock Pessimism Removal (CPR):    0.000ns
  Clock Uncertainty:      0.157ns  ((TSJ^2 + DJ^2)^1/2) / 2 + PE
    Total System Jitter     (TSJ):    0.050ns
    Discrete Jitter          (DJ):    0.130ns
    Phase Error              (PE):    0.087ns

    Location             Delay type                Incr(ns)  Path(ns)    Netlist Resource(s)
  -------------------------------------------------------------------    -------------------
    J2                                                0.000     0.000 f  IO_RST (IN)
                         net (fo=0)                   0.000     0.000    IO_RST
    J2                   IBUF (Prop_ibuf_I_O)         1.456     1.456 f  IO_RST_IBUF_inst/O
                         net (fo=3, routed)           3.214     4.671    u_ibex_demo_system/gen_dm_top.u_dm_top/i_dm_csrs/IO_RST_IBUF
    SLICE_X29Y47         LUT3 (Prop_lut3_I2_O)        0.124     4.795 f  u_ibex_demo_system/gen_dm_top.u_dm_top/i_dm_csrs/valid_q[2]_i_2/O
                         net (fo=1101, routed)       10.093    14.887    u_ibex_demo_system/u_top/u_ibex_core/load_store_unit_i/addr_last_q_reg[31]_1
    SLICE_X41Y30         FDCE                                         f  u_ibex_demo_system/u_top/u_ibex_core/load_store_unit_i/addr_last_q_reg[24]/CLR
  -------------------------------------------------------------------    -------------------

                         (clock clk_50_unbuf rise edge)
                                                      0.000     0.000 r  
    F14                                               0.000     0.000 r  IO_CLK (IN)
                         net (fo=0)                   0.000     0.000    clkgen/IO_CLK
    F14                  IBUF (Prop_ibuf_I_O)         1.388     1.388 r  clkgen/io_clk_ibuf/O
                         net (fo=1, routed)           1.181     2.569    clkgen/io_clk_buf
    PLLE2_ADV_X0Y1       PLLE2_ADV (Prop_plle2_adv_CLKIN1_CLKOUT0)
                                                     -7.740    -5.171 r  clkgen/pll/CLKOUT0
                         net (fo=1, routed)           1.582    -3.589    clkgen/clk_50_unbuf
    BUFGCTRL_X0Y16       BUFG (Prop_bufg_I_O)         0.091    -3.498 r  clkgen/clk_50_bufg/O
                         net (fo=3640, routed)        0.133    -3.365    u_ibex_demo_system/u_top/core_clock_gate_i/gen_xilinx.u_impl_xilinx/clk_sys
    BUFGCTRL_X0Y17       BUFGCTRL (Prop_bufgctrl_I0_O)
                                                      0.091    -3.274 r  u_ibex_demo_system/u_top/core_clock_gate_i/gen_xilinx.u_impl_xilinx/gen_gate.gen_bufgce.u_bufgce/O
                         net (fo=1456, routed)        1.439    -1.834    u_ibex_demo_system/u_top/u_ibex_core/load_store_unit_i/CLK
    SLICE_X41Y30         FDCE                                         r  u_ibex_demo_system/u_top/u_ibex_core/load_store_unit_i/addr_last_q_reg[24]/C

Slack:                    inf
  Source:                 IO_RST
                            (input port)
  Destination:            u_ibex_demo_system/u_top/u_ibex_core/load_store_unit_i/addr_last_q_reg[25]/CLR
                            (recovery check against rising-edge clock clk_50_unbuf  {rise@0.000ns fall@10.000ns period=20.000ns})
  Path Group:             (none)
  Path Type:              Recovery (Max at Slow Process Corner)
  Data Path Delay:        14.887ns  (logic 1.580ns (10.616%)  route 13.307ns (89.384%))
  Logic Levels:           2  (IBUF=1 LUT3=1)
  Clock Path Skew:        -1.834ns (DCD - SCD + CPR)
    Destination Clock Delay (DCD):    -1.834ns
    Source Clock Delay      (SCD):    0.000ns
    Clock Pessimism Removal (CPR):    0.000ns
  Clock Uncertainty:      0.157ns  ((TSJ^2 + DJ^2)^1/2) / 2 + PE
    Total System Jitter     (TSJ):    0.050ns
    Discrete Jitter          (DJ):    0.130ns
    Phase Error              (PE):    0.087ns

    Location             Delay type                Incr(ns)  Path(ns)    Netlist Resource(s)
  -------------------------------------------------------------------    -------------------
    J2                                                0.000     0.000 f  IO_RST (IN)
                         net (fo=0)                   0.000     0.000    IO_RST
    J2                   IBUF (Prop_ibuf_I_O)         1.456     1.456 f  IO_RST_IBUF_inst/O
                         net (fo=3, routed)           3.214     4.671    u_ibex_demo_system/gen_dm_top.u_dm_top/i_dm_csrs/IO_RST_IBUF
    SLICE_X29Y47         LUT3 (Prop_lut3_I2_O)        0.124     4.795 f  u_ibex_demo_system/gen_dm_top.u_dm_top/i_dm_csrs/valid_q[2]_i_2/O
                         net (fo=1101, routed)       10.093    14.887    u_ibex_demo_system/u_top/u_ibex_core/load_store_unit_i/addr_last_q_reg[31]_1
    SLICE_X41Y30         FDCE                                         f  u_ibex_demo_system/u_top/u_ibex_core/load_store_unit_i/addr_last_q_reg[25]/CLR
  -------------------------------------------------------------------    -------------------

                         (clock clk_50_unbuf rise edge)
                                                      0.000     0.000 r  
    F14                                               0.000     0.000 r  IO_CLK (IN)
                         net (fo=0)                   0.000     0.000    clkgen/IO_CLK
    F14                  IBUF (Prop_ibuf_I_O)         1.388     1.388 r  clkgen/io_clk_ibuf/O
                         net (fo=1, routed)           1.181     2.569    clkgen/io_clk_buf
    PLLE2_ADV_X0Y1       PLLE2_ADV (Prop_plle2_adv_CLKIN1_CLKOUT0)
                                                     -7.740    -5.171 r  clkgen/pll/CLKOUT0
                         net (fo=1, routed)           1.582    -3.589    clkgen/clk_50_unbuf
    BUFGCTRL_X0Y16       BUFG (Prop_bufg_I_O)         0.091    -3.498 r  clkgen/clk_50_bufg/O
                         net (fo=3640, routed)        0.133    -3.365    u_ibex_demo_system/u_top/core_clock_gate_i/gen_xilinx.u_impl_xilinx/clk_sys
    BUFGCTRL_X0Y17       BUFGCTRL (Prop_bufgctrl_I0_O)
                                                      0.091    -3.274 r  u_ibex_demo_system/u_top/core_clock_gate_i/gen_xilinx.u_impl_xilinx/gen_gate.gen_bufgce.u_bufgce/O
                         net (fo=1456, routed)        1.439    -1.834    u_ibex_demo_system/u_top/u_ibex_core/load_store_unit_i/CLK
    SLICE_X41Y30         FDCE                                         r  u_ibex_demo_system/u_top/u_ibex_core/load_store_unit_i/addr_last_q_reg[25]/C

Slack:                    inf
  Source:                 IO_RST
                            (input port)
  Destination:            u_ibex_demo_system/u_top/u_ibex_core/load_store_unit_i/addr_last_q_reg[26]/CLR
                            (recovery check against rising-edge clock clk_50_unbuf  {rise@0.000ns fall@10.000ns period=20.000ns})
  Path Group:             (none)
  Path Type:              Recovery (Max at Slow Process Corner)
  Data Path Delay:        14.887ns  (logic 1.580ns (10.616%)  route 13.307ns (89.384%))
  Logic Levels:           2  (IBUF=1 LUT3=1)
  Clock Path Skew:        -1.834ns (DCD - SCD + CPR)
    Destination Clock Delay (DCD):    -1.834ns
    Source Clock Delay      (SCD):    0.000ns
    Clock Pessimism Removal (CPR):    0.000ns
  Clock Uncertainty:      0.157ns  ((TSJ^2 + DJ^2)^1/2) / 2 + PE
    Total System Jitter     (TSJ):    0.050ns
    Discrete Jitter          (DJ):    0.130ns
    Phase Error              (PE):    0.087ns

    Location             Delay type                Incr(ns)  Path(ns)    Netlist Resource(s)
  -------------------------------------------------------------------    -------------------
    J2                                                0.000     0.000 f  IO_RST (IN)
                         net (fo=0)                   0.000     0.000    IO_RST
    J2                   IBUF (Prop_ibuf_I_O)         1.456     1.456 f  IO_RST_IBUF_inst/O
                         net (fo=3, routed)           3.214     4.671    u_ibex_demo_system/gen_dm_top.u_dm_top/i_dm_csrs/IO_RST_IBUF
    SLICE_X29Y47         LUT3 (Prop_lut3_I2_O)        0.124     4.795 f  u_ibex_demo_system/gen_dm_top.u_dm_top/i_dm_csrs/valid_q[2]_i_2/O
                         net (fo=1101, routed)       10.093    14.887    u_ibex_demo_system/u_top/u_ibex_core/load_store_unit_i/addr_last_q_reg[31]_1
    SLICE_X41Y30         FDCE                                         f  u_ibex_demo_system/u_top/u_ibex_core/load_store_unit_i/addr_last_q_reg[26]/CLR
  -------------------------------------------------------------------    -------------------

                         (clock clk_50_unbuf rise edge)
                                                      0.000     0.000 r  
    F14                                               0.000     0.000 r  IO_CLK (IN)
                         net (fo=0)                   0.000     0.000    clkgen/IO_CLK
    F14                  IBUF (Prop_ibuf_I_O)         1.388     1.388 r  clkgen/io_clk_ibuf/O
                         net (fo=1, routed)           1.181     2.569    clkgen/io_clk_buf
    PLLE2_ADV_X0Y1       PLLE2_ADV (Prop_plle2_adv_CLKIN1_CLKOUT0)
                                                     -7.740    -5.171 r  clkgen/pll/CLKOUT0
                         net (fo=1, routed)           1.582    -3.589    clkgen/clk_50_unbuf
    BUFGCTRL_X0Y16       BUFG (Prop_bufg_I_O)         0.091    -3.498 r  clkgen/clk_50_bufg/O
                         net (fo=3640, routed)        0.133    -3.365    u_ibex_demo_system/u_top/core_clock_gate_i/gen_xilinx.u_impl_xilinx/clk_sys
    BUFGCTRL_X0Y17       BUFGCTRL (Prop_bufgctrl_I0_O)
                                                      0.091    -3.274 r  u_ibex_demo_system/u_top/core_clock_gate_i/gen_xilinx.u_impl_xilinx/gen_gate.gen_bufgce.u_bufgce/O
                         net (fo=1456, routed)        1.439    -1.834    u_ibex_demo_system/u_top/u_ibex_core/load_store_unit_i/CLK
    SLICE_X41Y30         FDCE                                         r  u_ibex_demo_system/u_top/u_ibex_core/load_store_unit_i/addr_last_q_reg[26]/C

Slack:                    inf
  Source:                 IO_RST
                            (input port)
  Destination:            u_ibex_demo_system/u_top/u_ibex_core/load_store_unit_i/addr_last_q_reg[27]/CLR
                            (recovery check against rising-edge clock clk_50_unbuf  {rise@0.000ns fall@10.000ns period=20.000ns})
  Path Group:             (none)
  Path Type:              Recovery (Max at Slow Process Corner)
  Data Path Delay:        14.740ns  (logic 1.580ns (10.723%)  route 13.159ns (89.277%))
  Logic Levels:           2  (IBUF=1 LUT3=1)
  Clock Path Skew:        -1.833ns (DCD - SCD + CPR)
    Destination Clock Delay (DCD):    -1.833ns
    Source Clock Delay      (SCD):    0.000ns
    Clock Pessimism Removal (CPR):    0.000ns
  Clock Uncertainty:      0.157ns  ((TSJ^2 + DJ^2)^1/2) / 2 + PE
    Total System Jitter     (TSJ):    0.050ns
    Discrete Jitter          (DJ):    0.130ns
    Phase Error              (PE):    0.087ns

    Location             Delay type                Incr(ns)  Path(ns)    Netlist Resource(s)
  -------------------------------------------------------------------    -------------------
    J2                                                0.000     0.000 f  IO_RST (IN)
                         net (fo=0)                   0.000     0.000    IO_RST
    J2                   IBUF (Prop_ibuf_I_O)         1.456     1.456 f  IO_RST_IBUF_inst/O
                         net (fo=3, routed)           3.214     4.671    u_ibex_demo_system/gen_dm_top.u_dm_top/i_dm_csrs/IO_RST_IBUF
    SLICE_X29Y47         LUT3 (Prop_lut3_I2_O)        0.124     4.795 f  u_ibex_demo_system/gen_dm_top.u_dm_top/i_dm_csrs/valid_q[2]_i_2/O
                         net (fo=1101, routed)        9.945    14.740    u_ibex_demo_system/u_top/u_ibex_core/load_store_unit_i/addr_last_q_reg[31]_1
    SLICE_X41Y31         FDCE                                         f  u_ibex_demo_system/u_top/u_ibex_core/load_store_unit_i/addr_last_q_reg[27]/CLR
  -------------------------------------------------------------------    -------------------

                         (clock clk_50_unbuf rise edge)
                                                      0.000     0.000 r  
    F14                                               0.000     0.000 r  IO_CLK (IN)
                         net (fo=0)                   0.000     0.000    clkgen/IO_CLK
    F14                  IBUF (Prop_ibuf_I_O)         1.388     1.388 r  clkgen/io_clk_ibuf/O
                         net (fo=1, routed)           1.181     2.569    clkgen/io_clk_buf
    PLLE2_ADV_X0Y1       PLLE2_ADV (Prop_plle2_adv_CLKIN1_CLKOUT0)
                                                     -7.740    -5.171 r  clkgen/pll/CLKOUT0
                         net (fo=1, routed)           1.582    -3.589    clkgen/clk_50_unbuf
    BUFGCTRL_X0Y16       BUFG (Prop_bufg_I_O)         0.091    -3.498 r  clkgen/clk_50_bufg/O
                         net (fo=3640, routed)        0.133    -3.365    u_ibex_demo_system/u_top/core_clock_gate_i/gen_xilinx.u_impl_xilinx/clk_sys
    BUFGCTRL_X0Y17       BUFGCTRL (Prop_bufgctrl_I0_O)
                                                      0.091    -3.274 r  u_ibex_demo_system/u_top/core_clock_gate_i/gen_xilinx.u_impl_xilinx/gen_gate.gen_bufgce.u_bufgce/O
                         net (fo=1456, routed)        1.440    -1.833    u_ibex_demo_system/u_top/u_ibex_core/load_store_unit_i/CLK
    SLICE_X41Y31         FDCE                                         r  u_ibex_demo_system/u_top/u_ibex_core/load_store_unit_i/addr_last_q_reg[27]/C

Slack:                    inf
  Source:                 IO_RST
                            (input port)
  Destination:            u_ibex_demo_system/u_top/u_ibex_core/load_store_unit_i/addr_last_q_reg[28]/CLR
                            (recovery check against rising-edge clock clk_50_unbuf  {rise@0.000ns fall@10.000ns period=20.000ns})
  Path Group:             (none)
  Path Type:              Recovery (Max at Slow Process Corner)
  Data Path Delay:        14.740ns  (logic 1.580ns (10.723%)  route 13.159ns (89.277%))
  Logic Levels:           2  (IBUF=1 LUT3=1)
  Clock Path Skew:        -1.833ns (DCD - SCD + CPR)
    Destination Clock Delay (DCD):    -1.833ns
    Source Clock Delay      (SCD):    0.000ns
    Clock Pessimism Removal (CPR):    0.000ns
  Clock Uncertainty:      0.157ns  ((TSJ^2 + DJ^2)^1/2) / 2 + PE
    Total System Jitter     (TSJ):    0.050ns
    Discrete Jitter          (DJ):    0.130ns
    Phase Error              (PE):    0.087ns

    Location             Delay type                Incr(ns)  Path(ns)    Netlist Resource(s)
  -------------------------------------------------------------------    -------------------
    J2                                                0.000     0.000 f  IO_RST (IN)
                         net (fo=0)                   0.000     0.000    IO_RST
    J2                   IBUF (Prop_ibuf_I_O)         1.456     1.456 f  IO_RST_IBUF_inst/O
                         net (fo=3, routed)           3.214     4.671    u_ibex_demo_system/gen_dm_top.u_dm_top/i_dm_csrs/IO_RST_IBUF
    SLICE_X29Y47         LUT3 (Prop_lut3_I2_O)        0.124     4.795 f  u_ibex_demo_system/gen_dm_top.u_dm_top/i_dm_csrs/valid_q[2]_i_2/O
                         net (fo=1101, routed)        9.945    14.740    u_ibex_demo_system/u_top/u_ibex_core/load_store_unit_i/addr_last_q_reg[31]_1
    SLICE_X41Y31         FDCE                                         f  u_ibex_demo_system/u_top/u_ibex_core/load_store_unit_i/addr_last_q_reg[28]/CLR
  -------------------------------------------------------------------    -------------------

                         (clock clk_50_unbuf rise edge)
                                                      0.000     0.000 r  
    F14                                               0.000     0.000 r  IO_CLK (IN)
                         net (fo=0)                   0.000     0.000    clkgen/IO_CLK
    F14                  IBUF (Prop_ibuf_I_O)         1.388     1.388 r  clkgen/io_clk_ibuf/O
                         net (fo=1, routed)           1.181     2.569    clkgen/io_clk_buf
    PLLE2_ADV_X0Y1       PLLE2_ADV (Prop_plle2_adv_CLKIN1_CLKOUT0)
                                                     -7.740    -5.171 r  clkgen/pll/CLKOUT0
                         net (fo=1, routed)           1.582    -3.589    clkgen/clk_50_unbuf
    BUFGCTRL_X0Y16       BUFG (Prop_bufg_I_O)         0.091    -3.498 r  clkgen/clk_50_bufg/O
                         net (fo=3640, routed)        0.133    -3.365    u_ibex_demo_system/u_top/core_clock_gate_i/gen_xilinx.u_impl_xilinx/clk_sys
    BUFGCTRL_X0Y17       BUFGCTRL (Prop_bufgctrl_I0_O)
                                                      0.091    -3.274 r  u_ibex_demo_system/u_top/core_clock_gate_i/gen_xilinx.u_impl_xilinx/gen_gate.gen_bufgce.u_bufgce/O
                         net (fo=1456, routed)        1.440    -1.833    u_ibex_demo_system/u_top/u_ibex_core/load_store_unit_i/CLK
    SLICE_X41Y31         FDCE                                         r  u_ibex_demo_system/u_top/u_ibex_core/load_store_unit_i/addr_last_q_reg[28]/C

Slack:                    inf
  Source:                 IO_RST
                            (input port)
  Destination:            u_ibex_demo_system/u_top/u_ibex_core/load_store_unit_i/addr_last_q_reg[29]/CLR
                            (recovery check against rising-edge clock clk_50_unbuf  {rise@0.000ns fall@10.000ns period=20.000ns})
  Path Group:             (none)
  Path Type:              Recovery (Max at Slow Process Corner)
  Data Path Delay:        14.740ns  (logic 1.580ns (10.723%)  route 13.159ns (89.277%))
  Logic Levels:           2  (IBUF=1 LUT3=1)
  Clock Path Skew:        -1.833ns (DCD - SCD + CPR)
    Destination Clock Delay (DCD):    -1.833ns
    Source Clock Delay      (SCD):    0.000ns
    Clock Pessimism Removal (CPR):    0.000ns
  Clock Uncertainty:      0.157ns  ((TSJ^2 + DJ^2)^1/2) / 2 + PE
    Total System Jitter     (TSJ):    0.050ns
    Discrete Jitter          (DJ):    0.130ns
    Phase Error              (PE):    0.087ns

    Location             Delay type                Incr(ns)  Path(ns)    Netlist Resource(s)
  -------------------------------------------------------------------    -------------------
    J2                                                0.000     0.000 f  IO_RST (IN)
                         net (fo=0)                   0.000     0.000    IO_RST
    J2                   IBUF (Prop_ibuf_I_O)         1.456     1.456 f  IO_RST_IBUF_inst/O
                         net (fo=3, routed)           3.214     4.671    u_ibex_demo_system/gen_dm_top.u_dm_top/i_dm_csrs/IO_RST_IBUF
    SLICE_X29Y47         LUT3 (Prop_lut3_I2_O)        0.124     4.795 f  u_ibex_demo_system/gen_dm_top.u_dm_top/i_dm_csrs/valid_q[2]_i_2/O
                         net (fo=1101, routed)        9.945    14.740    u_ibex_demo_system/u_top/u_ibex_core/load_store_unit_i/addr_last_q_reg[31]_1
    SLICE_X41Y31         FDCE                                         f  u_ibex_demo_system/u_top/u_ibex_core/load_store_unit_i/addr_last_q_reg[29]/CLR
  -------------------------------------------------------------------    -------------------

                         (clock clk_50_unbuf rise edge)
                                                      0.000     0.000 r  
    F14                                               0.000     0.000 r  IO_CLK (IN)
                         net (fo=0)                   0.000     0.000    clkgen/IO_CLK
    F14                  IBUF (Prop_ibuf_I_O)         1.388     1.388 r  clkgen/io_clk_ibuf/O
                         net (fo=1, routed)           1.181     2.569    clkgen/io_clk_buf
    PLLE2_ADV_X0Y1       PLLE2_ADV (Prop_plle2_adv_CLKIN1_CLKOUT0)
                                                     -7.740    -5.171 r  clkgen/pll/CLKOUT0
                         net (fo=1, routed)           1.582    -3.589    clkgen/clk_50_unbuf
    BUFGCTRL_X0Y16       BUFG (Prop_bufg_I_O)         0.091    -3.498 r  clkgen/clk_50_bufg/O
                         net (fo=3640, routed)        0.133    -3.365    u_ibex_demo_system/u_top/core_clock_gate_i/gen_xilinx.u_impl_xilinx/clk_sys
    BUFGCTRL_X0Y17       BUFGCTRL (Prop_bufgctrl_I0_O)
                                                      0.091    -3.274 r  u_ibex_demo_system/u_top/core_clock_gate_i/gen_xilinx.u_impl_xilinx/gen_gate.gen_bufgce.u_bufgce/O
                         net (fo=1456, routed)        1.440    -1.833    u_ibex_demo_system/u_top/u_ibex_core/load_store_unit_i/CLK
    SLICE_X41Y31         FDCE                                         r  u_ibex_demo_system/u_top/u_ibex_core/load_store_unit_i/addr_last_q_reg[29]/C

Slack:                    inf
  Source:                 IO_RST
                            (input port)
  Destination:            u_ibex_demo_system/u_top/u_ibex_core/load_store_unit_i/addr_last_q_reg[30]/CLR
                            (recovery check against rising-edge clock clk_50_unbuf  {rise@0.000ns fall@10.000ns period=20.000ns})
  Path Group:             (none)
  Path Type:              Recovery (Max at Slow Process Corner)
  Data Path Delay:        14.740ns  (logic 1.580ns (10.723%)  route 13.159ns (89.277%))
  Logic Levels:           2  (IBUF=1 LUT3=1)
  Clock Path Skew:        -1.833ns (DCD - SCD + CPR)
    Destination Clock Delay (DCD):    -1.833ns
    Source Clock Delay      (SCD):    0.000ns
    Clock Pessimism Removal (CPR):    0.000ns
  Clock Uncertainty:      0.157ns  ((TSJ^2 + DJ^2)^1/2) / 2 + PE
    Total System Jitter     (TSJ):    0.050ns
    Discrete Jitter          (DJ):    0.130ns
    Phase Error              (PE):    0.087ns

    Location             Delay type                Incr(ns)  Path(ns)    Netlist Resource(s)
  -------------------------------------------------------------------    -------------------
    J2                                                0.000     0.000 f  IO_RST (IN)
                         net (fo=0)                   0.000     0.000    IO_RST
    J2                   IBUF (Prop_ibuf_I_O)         1.456     1.456 f  IO_RST_IBUF_inst/O
                         net (fo=3, routed)           3.214     4.671    u_ibex_demo_system/gen_dm_top.u_dm_top/i_dm_csrs/IO_RST_IBUF
    SLICE_X29Y47         LUT3 (Prop_lut3_I2_O)        0.124     4.795 f  u_ibex_demo_system/gen_dm_top.u_dm_top/i_dm_csrs/valid_q[2]_i_2/O
                         net (fo=1101, routed)        9.945    14.740    u_ibex_demo_system/u_top/u_ibex_core/load_store_unit_i/addr_last_q_reg[31]_1
    SLICE_X41Y31         FDCE                                         f  u_ibex_demo_system/u_top/u_ibex_core/load_store_unit_i/addr_last_q_reg[30]/CLR
  -------------------------------------------------------------------    -------------------

                         (clock clk_50_unbuf rise edge)
                                                      0.000     0.000 r  
    F14                                               0.000     0.000 r  IO_CLK (IN)
                         net (fo=0)                   0.000     0.000    clkgen/IO_CLK
    F14                  IBUF (Prop_ibuf_I_O)         1.388     1.388 r  clkgen/io_clk_ibuf/O
                         net (fo=1, routed)           1.181     2.569    clkgen/io_clk_buf
    PLLE2_ADV_X0Y1       PLLE2_ADV (Prop_plle2_adv_CLKIN1_CLKOUT0)
                                                     -7.740    -5.171 r  clkgen/pll/CLKOUT0
                         net (fo=1, routed)           1.582    -3.589    clkgen/clk_50_unbuf
    BUFGCTRL_X0Y16       BUFG (Prop_bufg_I_O)         0.091    -3.498 r  clkgen/clk_50_bufg/O
                         net (fo=3640, routed)        0.133    -3.365    u_ibex_demo_system/u_top/core_clock_gate_i/gen_xilinx.u_impl_xilinx/clk_sys
    BUFGCTRL_X0Y17       BUFGCTRL (Prop_bufgctrl_I0_O)
                                                      0.091    -3.274 r  u_ibex_demo_system/u_top/core_clock_gate_i/gen_xilinx.u_impl_xilinx/gen_gate.gen_bufgce.u_bufgce/O
                         net (fo=1456, routed)        1.440    -1.833    u_ibex_demo_system/u_top/u_ibex_core/load_store_unit_i/CLK
    SLICE_X41Y31         FDCE                                         r  u_ibex_demo_system/u_top/u_ibex_core/load_store_unit_i/addr_last_q_reg[30]/C





Min Delay Paths
--------------------------------------------------------------------------------------
Slack:                    inf
  Source:                 u_ibex_demo_system/gen_dm_top.u_dm_top/dap/i_dmi_cdc/i_cdc_req/u_prim_sync_reqack/gen_rz_hs_protocol.src_fsm_q_reg/C
                            (rising edge-triggered cell FDRE)
  Destination:            u_ibex_demo_system/gen_dm_top.u_dm_top/dap/i_dmi_cdc/i_cdc_req/u_prim_sync_reqack/gen_rz_hs_protocol.req_sync/u_sync_1/gen_xilinx.u_impl_xilinx/q_o_reg[0]/D
                            (rising edge-triggered cell FDCE clocked by clk_50_unbuf  {rise@0.000ns fall@10.000ns period=20.000ns})
  Path Group:             (none)
  Path Type:              Hold (Min at Fast Process Corner)
  Data Path Delay:        0.382ns  (logic 0.141ns (36.894%)  route 0.241ns (63.106%))
  Logic Levels:           1  (FDRE=1)
  Clock Uncertainty:      0.157ns  ((TSJ^2 + DJ^2)^1/2) / 2 + PE
    Total System Jitter     (TSJ):    0.050ns
    Discrete Jitter          (DJ):    0.130ns
    Phase Error              (PE):    0.087ns

    Location             Delay type                Incr(ns)  Path(ns)    Netlist Resource(s)
  -------------------------------------------------------------------    -------------------
    SLICE_X28Y59         FDRE                         0.000     0.000 r  u_ibex_demo_system/gen_dm_top.u_dm_top/dap/i_dmi_cdc/i_cdc_req/u_prim_sync_reqack/gen_rz_hs_protocol.src_fsm_q_reg/C
    SLICE_X28Y59         FDRE (Prop_fdre_C_Q)         0.141     0.141 r  u_ibex_demo_system/gen_dm_top.u_dm_top/dap/i_dmi_cdc/i_cdc_req/u_prim_sync_reqack/gen_rz_hs_protocol.src_fsm_q_reg/Q
                         net (fo=2, routed)           0.241     0.382    u_ibex_demo_system/gen_dm_top.u_dm_top/dap/i_dmi_cdc/i_cdc_req/u_prim_sync_reqack/gen_rz_hs_protocol.req_sync/u_sync_1/gen_xilinx.u_impl_xilinx/d_i[0]
    SLICE_X31Y63         FDCE                                         r  u_ibex_demo_system/gen_dm_top.u_dm_top/dap/i_dmi_cdc/i_cdc_req/u_prim_sync_reqack/gen_rz_hs_protocol.req_sync/u_sync_1/gen_xilinx.u_impl_xilinx/q_o_reg[0]/D
  -------------------------------------------------------------------    -------------------

                         (clock clk_50_unbuf rise edge)
                                                      0.000     0.000 r  
    F14                                               0.000     0.000 r  IO_CLK (IN)
                         net (fo=0)                   0.000     0.000    clkgen/IO_CLK
    F14                  IBUF (Prop_ibuf_I_O)         0.414     0.414 r  clkgen/io_clk_ibuf/O
                         net (fo=1, routed)           0.481     0.895    clkgen/io_clk_buf
    PLLE2_ADV_X0Y1       PLLE2_ADV (Prop_plle2_adv_CLKIN1_CLKOUT0)
                                                     -2.637    -1.742 r  clkgen/pll/CLKOUT0
                         net (fo=1, routed)           0.550    -1.192    clkgen/clk_50_unbuf
    BUFGCTRL_X0Y16       BUFG (Prop_bufg_I_O)         0.029    -1.163 r  clkgen/clk_50_bufg/O
                         net (fo=3640, routed)        0.822    -0.341    u_ibex_demo_system/gen_dm_top.u_dm_top/dap/i_dmi_cdc/i_cdc_req/u_prim_sync_reqack/gen_rz_hs_protocol.req_sync/u_sync_1/gen_xilinx.u_impl_xilinx/clk_i
    SLICE_X31Y63         FDCE                                         r  u_ibex_demo_system/gen_dm_top.u_dm_top/dap/i_dmi_cdc/i_cdc_req/u_prim_sync_reqack/gen_rz_hs_protocol.req_sync/u_sync_1/gen_xilinx.u_impl_xilinx/q_o_reg[0]/C

Slack:                    inf
  Source:                 u_ibex_demo_system/gen_dm_top.u_dm_top/dap/i_dmi_cdc/i_cdc_resp/u_prim_sync_reqack/gen_rz_hs_protocol.dst_fsm_q_reg/C
                            (rising edge-triggered cell FDRE)
  Destination:            u_ibex_demo_system/gen_dm_top.u_dm_top/dap/i_dmi_cdc/i_cdc_resp/u_prim_sync_reqack/gen_rz_hs_protocol.ack_sync/u_sync_1/gen_xilinx.u_impl_xilinx/q_o_reg[0]/D
                            (rising edge-triggered cell FDCE clocked by clk_50_unbuf  {rise@0.000ns fall@10.000ns period=20.000ns})
  Path Group:             (none)
  Path Type:              Hold (Min at Fast Process Corner)
  Data Path Delay:        0.450ns  (logic 0.141ns (31.359%)  route 0.309ns (68.641%))
  Logic Levels:           1  (FDRE=1)
  Clock Uncertainty:      0.157ns  ((TSJ^2 + DJ^2)^1/2) / 2 + PE
    Total System Jitter     (TSJ):    0.050ns
    Discrete Jitter          (DJ):    0.130ns
    Phase Error              (PE):    0.087ns

    Location             Delay type                Incr(ns)  Path(ns)    Netlist Resource(s)
  -------------------------------------------------------------------    -------------------
    SLICE_X31Y59         FDRE                         0.000     0.000 r  u_ibex_demo_system/gen_dm_top.u_dm_top/dap/i_dmi_cdc/i_cdc_resp/u_prim_sync_reqack/gen_rz_hs_protocol.dst_fsm_q_reg/C
    SLICE_X31Y59         FDRE (Prop_fdre_C_Q)         0.141     0.141 r  u_ibex_demo_system/gen_dm_top.u_dm_top/dap/i_dmi_cdc/i_cdc_resp/u_prim_sync_reqack/gen_rz_hs_protocol.dst_fsm_q_reg/Q
                         net (fo=4, routed)           0.309     0.450    u_ibex_demo_system/gen_dm_top.u_dm_top/dap/i_dmi_cdc/i_cdc_resp/u_prim_sync_reqack/gen_rz_hs_protocol.ack_sync/u_sync_1/gen_xilinx.u_impl_xilinx/d_i[0]
    SLICE_X30Y61         FDCE                                         r  u_ibex_demo_system/gen_dm_top.u_dm_top/dap/i_dmi_cdc/i_cdc_resp/u_prim_sync_reqack/gen_rz_hs_protocol.ack_sync/u_sync_1/gen_xilinx.u_impl_xilinx/q_o_reg[0]/D
  -------------------------------------------------------------------    -------------------

                         (clock clk_50_unbuf rise edge)
                                                      0.000     0.000 r  
    F14                                               0.000     0.000 r  IO_CLK (IN)
                         net (fo=0)                   0.000     0.000    clkgen/IO_CLK
    F14                  IBUF (Prop_ibuf_I_O)         0.414     0.414 r  clkgen/io_clk_ibuf/O
                         net (fo=1, routed)           0.481     0.895    clkgen/io_clk_buf
    PLLE2_ADV_X0Y1       PLLE2_ADV (Prop_plle2_adv_CLKIN1_CLKOUT0)
                                                     -2.637    -1.742 r  clkgen/pll/CLKOUT0
                         net (fo=1, routed)           0.550    -1.192    clkgen/clk_50_unbuf
    BUFGCTRL_X0Y16       BUFG (Prop_bufg_I_O)         0.029    -1.163 r  clkgen/clk_50_bufg/O
                         net (fo=3640, routed)        0.826    -0.338    u_ibex_demo_system/gen_dm_top.u_dm_top/dap/i_dmi_cdc/i_cdc_resp/u_prim_sync_reqack/gen_rz_hs_protocol.ack_sync/u_sync_1/gen_xilinx.u_impl_xilinx/clk_i
    SLICE_X30Y61         FDCE                                         r  u_ibex_demo_system/gen_dm_top.u_dm_top/dap/i_dmi_cdc/i_cdc_resp/u_prim_sync_reqack/gen_rz_hs_protocol.ack_sync/u_sync_1/gen_xilinx.u_impl_xilinx/q_o_reg[0]/C

Slack:                    inf
  Source:                 u_ibex_demo_system/gen_dm_top.u_dm_top/dap/i_dmi_cdc/i_cdc_req/data_q_reg[36]/C
                            (rising edge-triggered cell FDRE)
  Destination:            u_ibex_demo_system/gen_dm_top.u_dm_top/i_dm_csrs/progbuf_q_reg[1][5]/CE
                            (rising edge-triggered cell FDCE clocked by clk_50_unbuf  {rise@0.000ns fall@10.000ns period=20.000ns})
  Path Group:             (none)
  Path Type:              Hold (Min at Fast Process Corner)
  Data Path Delay:        0.510ns  (logic 0.209ns (40.989%)  route 0.301ns (59.011%))
  Logic Levels:           2  (FDRE=1 LUT6=1)
  Clock Uncertainty:      0.157ns  ((TSJ^2 + DJ^2)^1/2) / 2 + PE
    Total System Jitter     (TSJ):    0.050ns
    Discrete Jitter          (DJ):    0.130ns
    Phase Error              (PE):    0.087ns

    Location             Delay type                Incr(ns)  Path(ns)    Netlist Resource(s)
  -------------------------------------------------------------------    -------------------
    SLICE_X30Y52         FDRE                         0.000     0.000 r  u_ibex_demo_system/gen_dm_top.u_dm_top/dap/i_dmi_cdc/i_cdc_req/data_q_reg[36]/C
    SLICE_X30Y52         FDRE (Prop_fdre_C_Q)         0.164     0.164 f  u_ibex_demo_system/gen_dm_top.u_dm_top/dap/i_dmi_cdc/i_cdc_req/data_q_reg[36]/Q
                         net (fo=177, routed)         0.184     0.348    u_ibex_demo_system/gen_dm_top.u_dm_top/dap/i_dmi_cdc/i_cdc_req/Q[34]
    SLICE_X30Y50         LUT6 (Prop_lut6_I1_O)        0.045     0.393 r  u_ibex_demo_system/gen_dm_top.u_dm_top/dap/i_dmi_cdc/i_cdc_req/progbuf_q[1][31]_i_1/O
                         net (fo=32, routed)          0.117     0.510    u_ibex_demo_system/gen_dm_top.u_dm_top/i_dm_csrs/progbuf_q_reg[1][0]_1[0]
    SLICE_X32Y50         FDCE                                         r  u_ibex_demo_system/gen_dm_top.u_dm_top/i_dm_csrs/progbuf_q_reg[1][5]/CE
  -------------------------------------------------------------------    -------------------

                         (clock clk_50_unbuf rise edge)
                                                      0.000     0.000 r  
    F14                                               0.000     0.000 r  IO_CLK (IN)
                         net (fo=0)                   0.000     0.000    clkgen/IO_CLK
    F14                  IBUF (Prop_ibuf_I_O)         0.414     0.414 r  clkgen/io_clk_ibuf/O
                         net (fo=1, routed)           0.481     0.895    clkgen/io_clk_buf
    PLLE2_ADV_X0Y1       PLLE2_ADV (Prop_plle2_adv_CLKIN1_CLKOUT0)
                                                     -2.637    -1.742 r  clkgen/pll/CLKOUT0
                         net (fo=1, routed)           0.550    -1.192    clkgen/clk_50_unbuf
    BUFGCTRL_X0Y16       BUFG (Prop_bufg_I_O)         0.029    -1.163 r  clkgen/clk_50_bufg/O
                         net (fo=3640, routed)        0.828    -0.335    u_ibex_demo_system/gen_dm_top.u_dm_top/i_dm_csrs/clk_sys
    SLICE_X32Y50         FDCE                                         r  u_ibex_demo_system/gen_dm_top.u_dm_top/i_dm_csrs/progbuf_q_reg[1][5]/C

Slack:                    inf
  Source:                 u_ibex_demo_system/gen_dm_top.u_dm_top/dap/i_dmi_cdc/i_cdc_req/data_q_reg[31]/C
                            (rising edge-triggered cell FDRE)
  Destination:            u_ibex_demo_system/gen_dm_top.u_dm_top/i_dm_csrs/sbaddr_q_reg[63]/D
                            (rising edge-triggered cell FDCE clocked by clk_50_unbuf  {rise@0.000ns fall@10.000ns period=20.000ns})
  Path Group:             (none)
  Path Type:              Hold (Min at Fast Process Corner)
  Data Path Delay:        0.519ns  (logic 0.226ns (43.539%)  route 0.293ns (56.461%))
  Logic Levels:           2  (FDRE=1 LUT5=1)
  Clock Uncertainty:      0.157ns  ((TSJ^2 + DJ^2)^1/2) / 2 + PE
    Total System Jitter     (TSJ):    0.050ns
    Discrete Jitter          (DJ):    0.130ns
    Phase Error              (PE):    0.087ns

    Location             Delay type                Incr(ns)  Path(ns)    Netlist Resource(s)
  -------------------------------------------------------------------    -------------------
    SLICE_X36Y53         FDRE                         0.000     0.000 r  u_ibex_demo_system/gen_dm_top.u_dm_top/dap/i_dmi_cdc/i_cdc_req/data_q_reg[31]/C
    SLICE_X36Y53         FDRE (Prop_fdre_C_Q)         0.128     0.128 r  u_ibex_demo_system/gen_dm_top.u_dm_top/dap/i_dmi_cdc/i_cdc_req/data_q_reg[31]/Q
                         net (fo=7, routed)           0.293     0.421    u_ibex_demo_system/gen_dm_top.u_dm_top/dap/i_dmi_cdc/i_cdc_req/Q[31]
    SLICE_X42Y47         LUT5 (Prop_lut5_I3_O)        0.098     0.519 r  u_ibex_demo_system/gen_dm_top.u_dm_top/dap/i_dmi_cdc/i_cdc_req/sbaddr_q[63]_i_1/O
                         net (fo=1, routed)           0.000     0.519    u_ibex_demo_system/gen_dm_top.u_dm_top/i_dm_csrs/sbaddr_q_reg[63]_1[63]
    SLICE_X42Y47         FDCE                                         r  u_ibex_demo_system/gen_dm_top.u_dm_top/i_dm_csrs/sbaddr_q_reg[63]/D
  -------------------------------------------------------------------    -------------------

                         (clock clk_50_unbuf rise edge)
                                                      0.000     0.000 r  
    F14                                               0.000     0.000 r  IO_CLK (IN)
                         net (fo=0)                   0.000     0.000    clkgen/IO_CLK
    F14                  IBUF (Prop_ibuf_I_O)         0.414     0.414 r  clkgen/io_clk_ibuf/O
                         net (fo=1, routed)           0.481     0.895    clkgen/io_clk_buf
    PLLE2_ADV_X0Y1       PLLE2_ADV (Prop_plle2_adv_CLKIN1_CLKOUT0)
                                                     -2.637    -1.742 r  clkgen/pll/CLKOUT0
                         net (fo=1, routed)           0.550    -1.192    clkgen/clk_50_unbuf
    BUFGCTRL_X0Y16       BUFG (Prop_bufg_I_O)         0.029    -1.163 r  clkgen/clk_50_bufg/O
                         net (fo=3640, routed)        0.836    -0.328    u_ibex_demo_system/gen_dm_top.u_dm_top/i_dm_csrs/clk_sys
    SLICE_X42Y47         FDCE                                         r  u_ibex_demo_system/gen_dm_top.u_dm_top/i_dm_csrs/sbaddr_q_reg[63]/C

Slack:                    inf
  Source:                 u_ibex_demo_system/gen_dm_top.u_dm_top/dap/i_dmi_cdc/i_cdc_req/data_q_reg[2]/C
                            (rising edge-triggered cell FDRE)
  Destination:            u_ibex_demo_system/gen_dm_top.u_dm_top/i_dm_csrs/sbaddr_q_reg[34]/D
                            (rising edge-triggered cell FDCE clocked by clk_50_unbuf  {rise@0.000ns fall@10.000ns period=20.000ns})
  Path Group:             (none)
  Path Type:              Hold (Min at Fast Process Corner)
  Data Path Delay:        0.532ns  (logic 0.186ns (34.993%)  route 0.346ns (65.007%))
  Logic Levels:           2  (FDRE=1 LUT4=1)
  Clock Uncertainty:      0.157ns  ((TSJ^2 + DJ^2)^1/2) / 2 + PE
    Total System Jitter     (TSJ):    0.050ns
    Discrete Jitter          (DJ):    0.130ns
    Phase Error              (PE):    0.087ns

    Location             Delay type                Incr(ns)  Path(ns)    Netlist Resource(s)
  -------------------------------------------------------------------    -------------------
    SLICE_X32Y52         FDRE                         0.000     0.000 r  u_ibex_demo_system/gen_dm_top.u_dm_top/dap/i_dmi_cdc/i_cdc_req/data_q_reg[2]/C
    SLICE_X32Y52         FDRE (Prop_fdre_C_Q)         0.141     0.141 r  u_ibex_demo_system/gen_dm_top.u_dm_top/dap/i_dmi_cdc/i_cdc_req/data_q_reg[2]/Q
                         net (fo=7, routed)           0.346     0.487    u_ibex_demo_system/gen_dm_top.u_dm_top/dap/i_dmi_cdc/i_cdc_req/Q[2]
    SLICE_X32Y47         LUT4 (Prop_lut4_I2_O)        0.045     0.532 r  u_ibex_demo_system/gen_dm_top.u_dm_top/dap/i_dmi_cdc/i_cdc_req/sbaddr_q[34]_i_1/O
                         net (fo=1, routed)           0.000     0.532    u_ibex_demo_system/gen_dm_top.u_dm_top/i_dm_csrs/sbaddr_q_reg[63]_1[34]
    SLICE_X32Y47         FDCE                                         r  u_ibex_demo_system/gen_dm_top.u_dm_top/i_dm_csrs/sbaddr_q_reg[34]/D
  -------------------------------------------------------------------    -------------------

                         (clock clk_50_unbuf rise edge)
                                                      0.000     0.000 r  
    F14                                               0.000     0.000 r  IO_CLK (IN)
                         net (fo=0)                   0.000     0.000    clkgen/IO_CLK
    F14                  IBUF (Prop_ibuf_I_O)         0.414     0.414 r  clkgen/io_clk_ibuf/O
                         net (fo=1, routed)           0.481     0.895    clkgen/io_clk_buf
    PLLE2_ADV_X0Y1       PLLE2_ADV (Prop_plle2_adv_CLKIN1_CLKOUT0)
                                                     -2.637    -1.742 r  clkgen/pll/CLKOUT0
                         net (fo=1, routed)           0.550    -1.192    clkgen/clk_50_unbuf
    BUFGCTRL_X0Y16       BUFG (Prop_bufg_I_O)         0.029    -1.163 r  clkgen/clk_50_bufg/O
                         net (fo=3640, routed)        0.835    -0.329    u_ibex_demo_system/gen_dm_top.u_dm_top/i_dm_csrs/clk_sys
    SLICE_X32Y47         FDCE                                         r  u_ibex_demo_system/gen_dm_top.u_dm_top/i_dm_csrs/sbaddr_q_reg[34]/C

Slack:                    inf
  Source:                 u_ibex_demo_system/gen_dm_top.u_dm_top/dap/i_dmi_cdc/i_cdc_req/data_q_reg[29]/C
                            (rising edge-triggered cell FDRE)
  Destination:            u_ibex_demo_system/gen_dm_top.u_dm_top/i_dm_csrs/data_q_reg[0][29]/D
                            (rising edge-triggered cell FDCE clocked by clk_50_unbuf  {rise@0.000ns fall@10.000ns period=20.000ns})
  Path Group:             (none)
  Path Type:              Hold (Min at Fast Process Corner)
  Data Path Delay:        0.552ns  (logic 0.186ns (33.721%)  route 0.366ns (66.279%))
  Logic Levels:           2  (FDRE=1 LUT6=1)
  Clock Uncertainty:      0.157ns  ((TSJ^2 + DJ^2)^1/2) / 2 + PE
    Total System Jitter     (TSJ):    0.050ns
    Discrete Jitter          (DJ):    0.130ns
    Phase Error              (PE):    0.087ns

    Location             Delay type                Incr(ns)  Path(ns)    Netlist Resource(s)
  -------------------------------------------------------------------    -------------------
    SLICE_X41Y53         FDRE                         0.000     0.000 r  u_ibex_demo_system/gen_dm_top.u_dm_top/dap/i_dmi_cdc/i_cdc_req/data_q_reg[29]/C
    SLICE_X41Y53         FDRE (Prop_fdre_C_Q)         0.141     0.141 r  u_ibex_demo_system/gen_dm_top.u_dm_top/dap/i_dmi_cdc/i_cdc_req/data_q_reg[29]/Q
                         net (fo=7, routed)           0.366     0.507    u_ibex_demo_system/gen_dm_top.u_dm_top/i_dm_csrs/Q[29]
    SLICE_X43Y45         LUT6 (Prop_lut6_I0_O)        0.045     0.552 r  u_ibex_demo_system/gen_dm_top.u_dm_top/i_dm_csrs/data_q[0][29]_i_1/O
                         net (fo=1, routed)           0.000     0.552    u_ibex_demo_system/gen_dm_top.u_dm_top/i_dm_csrs/data_q[0][29]_i_1_n_0
    SLICE_X43Y45         FDCE                                         r  u_ibex_demo_system/gen_dm_top.u_dm_top/i_dm_csrs/data_q_reg[0][29]/D
  -------------------------------------------------------------------    -------------------

                         (clock clk_50_unbuf rise edge)
                                                      0.000     0.000 r  
    F14                                               0.000     0.000 r  IO_CLK (IN)
                         net (fo=0)                   0.000     0.000    clkgen/IO_CLK
    F14                  IBUF (Prop_ibuf_I_O)         0.414     0.414 r  clkgen/io_clk_ibuf/O
                         net (fo=1, routed)           0.481     0.895    clkgen/io_clk_buf
    PLLE2_ADV_X0Y1       PLLE2_ADV (Prop_plle2_adv_CLKIN1_CLKOUT0)
                                                     -2.637    -1.742 r  clkgen/pll/CLKOUT0
                         net (fo=1, routed)           0.550    -1.192    clkgen/clk_50_unbuf
    BUFGCTRL_X0Y16       BUFG (Prop_bufg_I_O)         0.029    -1.163 r  clkgen/clk_50_bufg/O
                         net (fo=3640, routed)        0.835    -0.329    u_ibex_demo_system/gen_dm_top.u_dm_top/i_dm_csrs/clk_sys
    SLICE_X43Y45         FDCE                                         r  u_ibex_demo_system/gen_dm_top.u_dm_top/i_dm_csrs/data_q_reg[0][29]/C

Slack:                    inf
  Source:                 u_ibex_demo_system/gen_dm_top.u_dm_top/dap/i_dmi_cdc/i_cdc_req/data_q_reg[12]/C
                            (rising edge-triggered cell FDRE)
  Destination:            u_ibex_demo_system/gen_dm_top.u_dm_top/i_dm_csrs/sbaddr_q_reg[44]/D
                            (rising edge-triggered cell FDCE clocked by clk_50_unbuf  {rise@0.000ns fall@10.000ns period=20.000ns})
  Path Group:             (none)
  Path Type:              Hold (Min at Fast Process Corner)
  Data Path Delay:        0.567ns  (logic 0.212ns (37.384%)  route 0.355ns (62.616%))
  Logic Levels:           2  (FDRE=1 LUT4=1)
  Clock Uncertainty:      0.157ns  ((TSJ^2 + DJ^2)^1/2) / 2 + PE
    Total System Jitter     (TSJ):    0.050ns
    Discrete Jitter          (DJ):    0.130ns
    Phase Error              (PE):    0.087ns

    Location             Delay type                Incr(ns)  Path(ns)    Netlist Resource(s)
  -------------------------------------------------------------------    -------------------
    SLICE_X38Y52         FDRE                         0.000     0.000 r  u_ibex_demo_system/gen_dm_top.u_dm_top/dap/i_dmi_cdc/i_cdc_req/data_q_reg[12]/C
    SLICE_X38Y52         FDRE (Prop_fdre_C_Q)         0.164     0.164 r  u_ibex_demo_system/gen_dm_top.u_dm_top/dap/i_dmi_cdc/i_cdc_req/data_q_reg[12]/Q
                         net (fo=8, routed)           0.355     0.519    u_ibex_demo_system/gen_dm_top.u_dm_top/dap/i_dmi_cdc/i_cdc_req/Q[12]
    SLICE_X38Y39         LUT4 (Prop_lut4_I2_O)        0.048     0.567 r  u_ibex_demo_system/gen_dm_top.u_dm_top/dap/i_dmi_cdc/i_cdc_req/sbaddr_q[44]_i_1/O
                         net (fo=1, routed)           0.000     0.567    u_ibex_demo_system/gen_dm_top.u_dm_top/i_dm_csrs/sbaddr_q_reg[63]_1[44]
    SLICE_X38Y39         FDCE                                         r  u_ibex_demo_system/gen_dm_top.u_dm_top/i_dm_csrs/sbaddr_q_reg[44]/D
  -------------------------------------------------------------------    -------------------

                         (clock clk_50_unbuf rise edge)
                                                      0.000     0.000 r  
    F14                                               0.000     0.000 r  IO_CLK (IN)
                         net (fo=0)                   0.000     0.000    clkgen/IO_CLK
    F14                  IBUF (Prop_ibuf_I_O)         0.414     0.414 r  clkgen/io_clk_ibuf/O
                         net (fo=1, routed)           0.481     0.895    clkgen/io_clk_buf
    PLLE2_ADV_X0Y1       PLLE2_ADV (Prop_plle2_adv_CLKIN1_CLKOUT0)
                                                     -2.637    -1.742 r  clkgen/pll/CLKOUT0
                         net (fo=1, routed)           0.550    -1.192    clkgen/clk_50_unbuf
    BUFGCTRL_X0Y16       BUFG (Prop_bufg_I_O)         0.029    -1.163 r  clkgen/clk_50_bufg/O
                         net (fo=3640, routed)        0.832    -0.332    u_ibex_demo_system/gen_dm_top.u_dm_top/i_dm_csrs/clk_sys
    SLICE_X38Y39         FDCE                                         r  u_ibex_demo_system/gen_dm_top.u_dm_top/i_dm_csrs/sbaddr_q_reg[44]/C

Slack:                    inf
  Source:                 u_ibex_demo_system/gen_dm_top.u_dm_top/dap/i_dmi_cdc/i_cdc_req/data_q_reg[29]/C
                            (rising edge-triggered cell FDRE)
  Destination:            u_ibex_demo_system/gen_dm_top.u_dm_top/i_dm_csrs/sbaddr_q_reg[61]/D
                            (rising edge-triggered cell FDCE clocked by clk_50_unbuf  {rise@0.000ns fall@10.000ns period=20.000ns})
  Path Group:             (none)
  Path Type:              Hold (Min at Fast Process Corner)
  Data Path Delay:        0.586ns  (logic 0.183ns (31.247%)  route 0.403ns (68.753%))
  Logic Levels:           2  (FDRE=1 LUT4=1)
  Clock Uncertainty:      0.157ns  ((TSJ^2 + DJ^2)^1/2) / 2 + PE
    Total System Jitter     (TSJ):    0.050ns
    Discrete Jitter          (DJ):    0.130ns
    Phase Error              (PE):    0.087ns

    Location             Delay type                Incr(ns)  Path(ns)    Netlist Resource(s)
  -------------------------------------------------------------------    -------------------
    SLICE_X41Y53         FDRE                         0.000     0.000 r  u_ibex_demo_system/gen_dm_top.u_dm_top/dap/i_dmi_cdc/i_cdc_req/data_q_reg[29]/C
    SLICE_X41Y53         FDRE (Prop_fdre_C_Q)         0.141     0.141 r  u_ibex_demo_system/gen_dm_top.u_dm_top/dap/i_dmi_cdc/i_cdc_req/data_q_reg[29]/Q
                         net (fo=7, routed)           0.403     0.544    u_ibex_demo_system/gen_dm_top.u_dm_top/dap/i_dmi_cdc/i_cdc_req/Q[29]
    SLICE_X47Y48         LUT4 (Prop_lut4_I2_O)        0.042     0.586 r  u_ibex_demo_system/gen_dm_top.u_dm_top/dap/i_dmi_cdc/i_cdc_req/sbaddr_q[61]_i_1/O
                         net (fo=1, routed)           0.000     0.586    u_ibex_demo_system/gen_dm_top.u_dm_top/i_dm_csrs/sbaddr_q_reg[63]_1[61]
    SLICE_X47Y48         FDCE                                         r  u_ibex_demo_system/gen_dm_top.u_dm_top/i_dm_csrs/sbaddr_q_reg[61]/D
  -------------------------------------------------------------------    -------------------

                         (clock clk_50_unbuf rise edge)
                                                      0.000     0.000 r  
    F14                                               0.000     0.000 r  IO_CLK (IN)
                         net (fo=0)                   0.000     0.000    clkgen/IO_CLK
    F14                  IBUF (Prop_ibuf_I_O)         0.414     0.414 r  clkgen/io_clk_ibuf/O
                         net (fo=1, routed)           0.481     0.895    clkgen/io_clk_buf
    PLLE2_ADV_X0Y1       PLLE2_ADV (Prop_plle2_adv_CLKIN1_CLKOUT0)
                                                     -2.637    -1.742 r  clkgen/pll/CLKOUT0
                         net (fo=1, routed)           0.550    -1.192    clkgen/clk_50_unbuf
    BUFGCTRL_X0Y16       BUFG (Prop_bufg_I_O)         0.029    -1.163 r  clkgen/clk_50_bufg/O
                         net (fo=3640, routed)        0.837    -0.327    u_ibex_demo_system/gen_dm_top.u_dm_top/i_dm_csrs/clk_sys
    SLICE_X47Y48         FDCE                                         r  u_ibex_demo_system/gen_dm_top.u_dm_top/i_dm_csrs/sbaddr_q_reg[61]/C

Slack:                    inf
  Source:                 u_ibex_demo_system/gen_dm_top.u_dm_top/dap/i_dmi_cdc/i_cdc_req/data_q_reg[13]/C
                            (rising edge-triggered cell FDRE)
  Destination:            u_ibex_demo_system/gen_dm_top.u_dm_top/i_dm_csrs/data_q_reg[1][13]/D
                            (rising edge-triggered cell FDCE clocked by clk_50_unbuf  {rise@0.000ns fall@10.000ns period=20.000ns})
  Path Group:             (none)
  Path Type:              Hold (Min at Fast Process Corner)
  Data Path Delay:        0.588ns  (logic 0.209ns (35.538%)  route 0.379ns (64.462%))
  Logic Levels:           2  (FDRE=1 LUT6=1)
  Clock Uncertainty:      0.157ns  ((TSJ^2 + DJ^2)^1/2) / 2 + PE
    Total System Jitter     (TSJ):    0.050ns
    Discrete Jitter          (DJ):    0.130ns
    Phase Error              (PE):    0.087ns

    Location             Delay type                Incr(ns)  Path(ns)    Netlist Resource(s)
  -------------------------------------------------------------------    -------------------
    SLICE_X38Y52         FDRE                         0.000     0.000 r  u_ibex_demo_system/gen_dm_top.u_dm_top/dap/i_dmi_cdc/i_cdc_req/data_q_reg[13]/C
    SLICE_X38Y52         FDRE (Prop_fdre_C_Q)         0.164     0.164 r  u_ibex_demo_system/gen_dm_top.u_dm_top/dap/i_dmi_cdc/i_cdc_req/data_q_reg[13]/Q
                         net (fo=8, routed)           0.379     0.543    u_ibex_demo_system/gen_dm_top.u_dm_top/i_dm_csrs/Q[13]
    SLICE_X42Y44         LUT6 (Prop_lut6_I0_O)        0.045     0.588 r  u_ibex_demo_system/gen_dm_top.u_dm_top/i_dm_csrs/data_q[1][13]_i_1/O
                         net (fo=1, routed)           0.000     0.588    u_ibex_demo_system/gen_dm_top.u_dm_top/i_dm_csrs/data_q[1][13]_i_1_n_0
    SLICE_X42Y44         FDCE                                         r  u_ibex_demo_system/gen_dm_top.u_dm_top/i_dm_csrs/data_q_reg[1][13]/D
  -------------------------------------------------------------------    -------------------

                         (clock clk_50_unbuf rise edge)
                                                      0.000     0.000 r  
    F14                                               0.000     0.000 r  IO_CLK (IN)
                         net (fo=0)                   0.000     0.000    clkgen/IO_CLK
    F14                  IBUF (Prop_ibuf_I_O)         0.414     0.414 r  clkgen/io_clk_ibuf/O
                         net (fo=1, routed)           0.481     0.895    clkgen/io_clk_buf
    PLLE2_ADV_X0Y1       PLLE2_ADV (Prop_plle2_adv_CLKIN1_CLKOUT0)
                                                     -2.637    -1.742 r  clkgen/pll/CLKOUT0
                         net (fo=1, routed)           0.550    -1.192    clkgen/clk_50_unbuf
    BUFGCTRL_X0Y16       BUFG (Prop_bufg_I_O)         0.029    -1.163 r  clkgen/clk_50_bufg/O
                         net (fo=3640, routed)        0.835    -0.329    u_ibex_demo_system/gen_dm_top.u_dm_top/i_dm_csrs/clk_sys
    SLICE_X42Y44         FDCE                                         r  u_ibex_demo_system/gen_dm_top.u_dm_top/i_dm_csrs/data_q_reg[1][13]/C

Slack:                    inf
  Source:                 u_ibex_demo_system/gen_dm_top.u_dm_top/dap/i_dmi_cdc/i_cdc_req/data_q_reg[3]/C
                            (rising edge-triggered cell FDRE)
  Destination:            u_ibex_demo_system/gen_dm_top.u_dm_top/i_dm_csrs/sbdata_q_reg[35]/D
                            (rising edge-triggered cell FDCE clocked by clk_50_unbuf  {rise@0.000ns fall@10.000ns period=20.000ns})
  Path Group:             (none)
  Path Type:              Hold (Min at Fast Process Corner)
  Data Path Delay:        0.590ns  (logic 0.226ns (38.337%)  route 0.364ns (61.662%))
  Logic Levels:           2  (FDRE=1 LUT2=1)
  Clock Uncertainty:      0.157ns  ((TSJ^2 + DJ^2)^1/2) / 2 + PE
    Total System Jitter     (TSJ):    0.050ns
    Discrete Jitter          (DJ):    0.130ns
    Phase Error              (PE):    0.087ns

    Location             Delay type                Incr(ns)  Path(ns)    Netlist Resource(s)
  -------------------------------------------------------------------    -------------------
    SLICE_X36Y53         FDRE                         0.000     0.000 r  u_ibex_demo_system/gen_dm_top.u_dm_top/dap/i_dmi_cdc/i_cdc_req/data_q_reg[3]/C
    SLICE_X36Y53         FDRE (Prop_fdre_C_Q)         0.128     0.128 r  u_ibex_demo_system/gen_dm_top.u_dm_top/dap/i_dmi_cdc/i_cdc_req/data_q_reg[3]/Q
                         net (fo=7, routed)           0.364     0.492    u_ibex_demo_system/gen_dm_top.u_dm_top/dap/i_dmi_cdc/i_cdc_req/Q[3]
    SLICE_X30Y47         LUT2 (Prop_lut2_I0_O)        0.098     0.590 r  u_ibex_demo_system/gen_dm_top.u_dm_top/dap/i_dmi_cdc/i_cdc_req/sbdata_q[35]_i_1/O
                         net (fo=1, routed)           0.000     0.590    u_ibex_demo_system/gen_dm_top.u_dm_top/i_dm_csrs/sbdata_q_reg[63]_1[2]
    SLICE_X30Y47         FDCE                                         r  u_ibex_demo_system/gen_dm_top.u_dm_top/i_dm_csrs/sbdata_q_reg[35]/D
  -------------------------------------------------------------------    -------------------

                         (clock clk_50_unbuf rise edge)
                                                      0.000     0.000 r  
    F14                                               0.000     0.000 r  IO_CLK (IN)
                         net (fo=0)                   0.000     0.000    clkgen/IO_CLK
    F14                  IBUF (Prop_ibuf_I_O)         0.414     0.414 r  clkgen/io_clk_ibuf/O
                         net (fo=1, routed)           0.481     0.895    clkgen/io_clk_buf
    PLLE2_ADV_X0Y1       PLLE2_ADV (Prop_plle2_adv_CLKIN1_CLKOUT0)
                                                     -2.637    -1.742 r  clkgen/pll/CLKOUT0
                         net (fo=1, routed)           0.550    -1.192    clkgen/clk_50_unbuf
    BUFGCTRL_X0Y16       BUFG (Prop_bufg_I_O)         0.029    -1.163 r  clkgen/clk_50_bufg/O
                         net (fo=3640, routed)        0.835    -0.329    u_ibex_demo_system/gen_dm_top.u_dm_top/i_dm_csrs/clk_sys
    SLICE_X30Y47         FDCE                                         r  u_ibex_demo_system/gen_dm_top.u_dm_top/i_dm_csrs/sbdata_q_reg[35]/C





