Copyright 1986-2022 Xilinx, Inc. All Rights Reserved. Copyright 2022-2026 Advanced Micro Devices, Inc. All Rights Reserved.
---------------------------------------------------------------------------------------------------------------------------------------------
| Tool Version : Vivado v.2025.2.1 (lin64) Build 6403652 Thu Mar 19 13:47:00 MDT 2026
| Date         : Fri Oct  9 01:29:19 2026
| Host         : HomeLab-Latitude-3410 running 64-bit CachyOS
| Command      : report_control_sets -verbose -file top_boolean_control_sets_placed.rpt
| Design       : top_boolean
| Device       : xc7s50
---------------------------------------------------------------------------------------------------------------------------------------------

Control Set Information

Table of Contents
-----------------
1. Summary
2. Histogram
3. Flip-Flop Distribution
4. Detailed Control Set Information

1. Summary
----------

+----------------------------------------------------------+-------+
|                          Status                          | Count |
+----------------------------------------------------------+-------+
| Total control sets                                       |   397 |
|    Minimum number of control sets                        |   397 |
|    Addition due to synthesis replication                 |     0 |
|    Addition due to physical synthesis replication        |     0 |
| Unused register locations in slices containing registers |   204 |
+----------------------------------------------------------+-------+
* Control sets can be merged at opt_design using control_set_merge or merge_equivalent_drivers
** Run report_qor_suggestions for automated merging and remapping suggestions


2. Histogram
------------

+--------------------+-------+
|       Fanout       | Count |
+--------------------+-------+
| Total control sets |   397 |
| >= 0 to < 4        |    12 |
| >= 4 to < 6        |     3 |
| >= 6 to < 8        |     4 |
| >= 8 to < 10       |   304 |
| >= 10 to < 12      |     3 |
| >= 12 to < 14      |     4 |
| >= 14 to < 16      |     0 |
| >= 16              |    67 |
+--------------------+-------+
* Control sets can be remapped at either synth_design or opt_design


3. Flip-Flop Distribution
-------------------------

+--------------+-----------------------+------------------------+-----------------+--------------+
| Clock Enable | Synchronous Set/Reset | Asynchronous Set/Reset | Total Registers | Total Slices |
+--------------+-----------------------+------------------------+-----------------+--------------+
| No           | No                    | No                     |              11 |            7 |
| No           | No                    | Yes                    |             511 |          206 |
| No           | Yes                   | No                     |               0 |            0 |
| Yes          | No                    | No                     |            2591 |          876 |
| Yes          | No                    | Yes                    |            1517 |          652 |
| Yes          | Yes                   | No                     |             478 |          116 |
+--------------+-----------------------+------------------------+-----------------+--------------+


4. Detailed Control Set Information
-----------------------------------

+--------------------------------------------------------------------------+-------------------------------------------------------------------------------------------------------------------------------------------------------+-----------------------------------------------------------------------------------------------------------------------------------------------------------------+------------------+----------------+--------------+
|                               Clock Signal                               |                                                                     Enable Signal                                                                     |                                                                         Set/Reset Signal                                                                        | Slice Load Count | Bel Load Count | Bels / Slice |
+--------------------------------------------------------------------------+-------------------------------------------------------------------------------------------------------------------------------------------------------+-----------------------------------------------------------------------------------------------------------------------------------------------------------------+------------------+----------------+--------------+
|  clkgen/clk_sys                                                          |                                                                                                                                                       | u_ibex_demo_system/gen_dm_top.u_dm_top/dap/i_dmi_cdc/i_cdc_req/u_prim_sync_reqack/gen_rz_hs_protocol.req_sync/u_sync_2/gen_xilinx.u_impl_xilinx/q_o[0]_i_1_n_0  |                1 |              1 |         1.00 |
|  gen_dm_top.u_dm_top/dap/tck                                             |                                                                                                                                                       | u_ibex_demo_system/gen_dm_top.u_dm_top/dap/i_dmi_cdc/i_cdc_resp/u_prim_sync_reqack/gen_rz_hs_protocol.req_sync/u_sync_1/gen_xilinx.u_impl_xilinx/q_o[0]_i_1_n_0 |                1 |              1 |         1.00 |
|  gen_dm_top.u_dm_top/dap/tck                                             |                                                                                                                                                       | u_ibex_demo_system/gen_dm_top.u_dm_top/dap/i_dmi_cdc/i_cdc_resp/u_prim_sync_reqack/gen_rz_hs_protocol.req_sync/u_sync_2/gen_xilinx.u_impl_xilinx/q_o[0]_i_1_n_0 |                1 |              1 |         1.00 |
|  gen_dm_top.u_dm_top/dap/tck                                             |                                                                                                                                                       | u_ibex_demo_system/gen_dm_top.u_dm_top/dap/i_dmi_cdc/i_cdc_req/u_prim_sync_reqack/gen_rz_hs_protocol.ack_sync/u_sync_1/gen_xilinx.u_impl_xilinx/q_o[0]_i_1_n_0  |                1 |              1 |         1.00 |
|  gen_dm_top.u_dm_top/dap/tck                                             |                                                                                                                                                       | u_ibex_demo_system/gen_dm_top.u_dm_top/dap/i_dmi_cdc/i_cdc_req/u_prim_sync_reqack/gen_rz_hs_protocol.ack_sync/u_sync_2/gen_xilinx.u_impl_xilinx/q_o[0]_i_1_n_0  |                1 |              1 |         1.00 |
|  clkgen/clk_sys                                                          |                                                                                                                                                       | u_ibex_demo_system/gen_dm_top.u_dm_top/dap/i_dmi_cdc/i_cdc_req/u_prim_sync_reqack/gen_rz_hs_protocol.req_sync/u_sync_1/gen_xilinx.u_impl_xilinx/q_o[0]_i_1_n_0  |                1 |              1 |         1.00 |
|  clkgen/clk_sys                                                          |                                                                                                                                                       | u_ibex_demo_system/gen_dm_top.u_dm_top/i_dm_csrs/dmcontrol_q_reg[ndmreset]_2                                                                                    |                1 |              1 |         1.00 |
|  clkgen/clk_sys                                                          |                                                                                                                                                       | u_ibex_demo_system/gen_dm_top.u_dm_top/dap/i_dmi_cdc/u_combined_rstn_sync/u_sync_2/gen_xilinx.u_impl_xilinx/q_o[0]_i_1_n_0                                      |                1 |              1 |         1.00 |
|  clkgen/clk_sys                                                          |                                                                                                                                                       | u_ibex_demo_system/gen_dm_top.u_dm_top/dap/i_dmi_cdc/u_combined_rstn_sync/u_sync_1/gen_xilinx.u_impl_xilinx/q_o[0]_i_1_n_0                                      |                1 |              1 |         1.00 |
|  clkgen/clk_sys                                                          |                                                                                                                                                       | u_ibex_demo_system/gen_dm_top.u_dm_top/dap/i_dmi_cdc/i_cdc_resp/u_prim_sync_reqack/gen_rz_hs_protocol.ack_sync/u_sync_2/gen_xilinx.u_impl_xilinx/q_o[0]_i_1_n_0 |                1 |              1 |         1.00 |
|  clkgen/clk_sys                                                          |                                                                                                                                                       | u_ibex_demo_system/gen_dm_top.u_dm_top/dap/i_dmi_cdc/i_cdc_resp/u_prim_sync_reqack/gen_rz_hs_protocol.ack_sync/u_sync_1/gen_xilinx.u_impl_xilinx/q_o[0]_i_1_n_0 |                1 |              1 |         1.00 |
|  clkgen/clk_sys                                                          |                                                                                                                                                       |                                                                                                                                                                 |                3 |              3 |         1.00 |
|  clkgen/clk_sys                                                          | u_ibex_demo_system/u_spi/u_spi_host/state_q[0]                                                                                                        | clkgen/pll_0                                                                                                                                                    |                1 |              4 |         4.00 |
|  u_ibex_demo_system/u_top/core_clock_gate_i/gen_xilinx.u_impl_xilinx/clk | u_ibex_demo_system/u_top/u_ibex_core/id_stage_i/controller_i/ctrl_fsm_ns[0]                                                                           | u_ibex_demo_system/gen_dm_top.u_dm_top/i_dm_csrs/dmcontrol_q_reg[ndmreset]_2                                                                                    |                3 |              4 |         1.33 |
|  clkgen/clk_sys                                                          | u_ibex_demo_system/u_top/u_ibex_core/if_stage_i/gen_prefetch_buffer.prefetch_buffer_i/fifo_i/valid_req_q_reg                                          |                                                                                                                                                                 |                3 |              5 |         1.67 |
|  u_ibex_demo_system/u_top/core_clock_gate_i/gen_xilinx.u_impl_xilinx/clk | u_ibex_demo_system/u_top/u_ibex_core/load_store_unit_i/ctrl_update                                                                                    | u_ibex_demo_system/gen_dm_top.u_dm_top/i_dm_csrs/dmcontrol_q_reg[ndmreset]_2                                                                                    |                4 |              6 |         1.50 |
|  u_ibex_demo_system/u_top/core_clock_gate_i/gen_xilinx.u_impl_xilinx/clk | u_ibex_demo_system/u_top/u_ibex_core/id_stage_i/controller_i/g_instr_rdata_nr.instr_rdata_id_o_reg[27][0]                                             | u_ibex_demo_system/gen_dm_top.u_dm_top/i_dm_csrs/dmcontrol_q_reg[ndmreset]_2                                                                                    |                2 |              6 |         3.00 |
|  u_ibex_demo_system/u_top/core_clock_gate_i/gen_xilinx.u_impl_xilinx/clk | u_ibex_demo_system/u_top/u_ibex_core/if_stage_i/debug_mode_q_reg_0[0]                                                                                 | u_ibex_demo_system/gen_dm_top.u_dm_top/i_dm_csrs/dmcontrol_q_reg[ndmreset]_2                                                                                    |                6 |              7 |         1.17 |
|  gen_dm_top.u_dm_top/dap/tck                                             | u_ibex_demo_system/gen_dm_top.u_dm_top/dap/i_dmi_jtag_tap/error_q_reg[0]_0                                                                            |                                                                                                                                                                 |                2 |              7 |         3.50 |
|  clkgen/clk_sys                                                          | u_ibex_demo_system/u_uart/u_tx_fifo/gen_normal_fifo.u_fifo_cnt/gen_normal_ptrs.wptr_wrap_cnt_q_reg[1]_26[0]                                           |                                                                                                                                                                 |                3 |              8 |         2.67 |
|  clkgen/clk_sys                                                          | u_ibex_demo_system/u_uart/u_tx_fifo/gen_normal_fifo.u_fifo_cnt/gen_normal_ptrs.wptr_wrap_cnt_q_reg[1]_24[0]                                           |                                                                                                                                                                 |                2 |              8 |         4.00 |
|  clkgen/clk_sys                                                          | u_ibex_demo_system/u_uart/u_tx_fifo/gen_normal_fifo.u_fifo_cnt/gen_normal_ptrs.wptr_wrap_cnt_q_reg[1]_23[0]                                           |                                                                                                                                                                 |                2 |              8 |         4.00 |
|  clkgen/clk_sys                                                          | u_ibex_demo_system/u_uart/u_tx_fifo/gen_normal_fifo.u_fifo_cnt/gen_normal_ptrs.wptr_wrap_cnt_q_reg[1]_25[0]                                           |                                                                                                                                                                 |                5 |              8 |         1.60 |
|  clkgen/clk_sys                                                          | u_ibex_demo_system/u_uart/u_tx_fifo/gen_normal_fifo.u_fifo_cnt/gen_normal_ptrs.wptr_wrap_cnt_q_reg[1]_22[0]                                           |                                                                                                                                                                 |                1 |              8 |         8.00 |
|  clkgen/clk_sys                                                          | u_ibex_demo_system/u_uart/u_tx_fifo/gen_normal_fifo.u_fifo_cnt/gen_normal_ptrs.wptr_wrap_cnt_q_reg[1]_12[0]                                           |                                                                                                                                                                 |                1 |              8 |         8.00 |
|  clkgen/clk_sys                                                          | u_ibex_demo_system/u_uart/u_tx_fifo/gen_normal_fifo.u_fifo_cnt/gen_normal_ptrs.wptr_wrap_cnt_q_reg[1]_21[0]                                           |                                                                                                                                                                 |                1 |              8 |         8.00 |
|  clkgen/clk_sys                                                          | u_ibex_demo_system/u_uart/u_tx_fifo/gen_normal_fifo.u_fifo_cnt/gen_normal_ptrs.wptr_wrap_cnt_q_reg[1]_20[0]                                           |                                                                                                                                                                 |                1 |              8 |         8.00 |
|  clkgen/clk_sys                                                          | u_ibex_demo_system/u_uart/u_tx_fifo/gen_normal_fifo.u_fifo_cnt/gen_normal_ptrs.wptr_wrap_cnt_q_reg[1]_2[0]                                            |                                                                                                                                                                 |                2 |              8 |         4.00 |
|  clkgen/clk_sys                                                          | u_ibex_demo_system/u_uart/u_tx_fifo/gen_normal_fifo.u_fifo_cnt/gen_normal_ptrs.wptr_wrap_cnt_q_reg[1]_19[0]                                           |                                                                                                                                                                 |                3 |              8 |         2.67 |
|  clkgen/clk_sys                                                          | u_ibex_demo_system/u_uart/u_tx_fifo/gen_normal_fifo.u_fifo_cnt/gen_normal_ptrs.wptr_wrap_cnt_q_reg[1]_18[0]                                           |                                                                                                                                                                 |                4 |              8 |         2.00 |
|  clkgen/clk_sys                                                          | u_ibex_demo_system/u_uart/u_tx_fifo/gen_normal_fifo.u_fifo_cnt/gen_normal_ptrs.wptr_wrap_cnt_q_reg[1]_17[0]                                           |                                                                                                                                                                 |                4 |              8 |         2.00 |
|  clkgen/clk_sys                                                          | u_ibex_demo_system/u_uart/u_tx_fifo/gen_normal_fifo.u_fifo_cnt/gen_normal_ptrs.wptr_wrap_cnt_q_reg[1]_16[0]                                           |                                                                                                                                                                 |                4 |              8 |         2.00 |
|  clkgen/clk_sys                                                          | u_ibex_demo_system/u_uart/u_tx_fifo/gen_normal_fifo.u_fifo_cnt/gen_normal_ptrs.wptr_wrap_cnt_q_reg[1]_15[0]                                           |                                                                                                                                                                 |                4 |              8 |         2.00 |
|  clkgen/clk_sys                                                          | u_ibex_demo_system/u_uart/u_tx_fifo/gen_normal_fifo.u_fifo_cnt/gen_normal_ptrs.wptr_wrap_cnt_q_reg[1]_14[0]                                           |                                                                                                                                                                 |                2 |              8 |         4.00 |
|  clkgen/clk_sys                                                          | u_ibex_demo_system/u_uart/u_tx_fifo/gen_normal_fifo.u_fifo_cnt/gen_normal_ptrs.wptr_wrap_cnt_q_reg[1]_13[0]                                           |                                                                                                                                                                 |                2 |              8 |         4.00 |
|  clkgen/clk_sys                                                          | u_ibex_demo_system/u_uart/u_tx_fifo/gen_normal_fifo.u_fifo_cnt/gen_normal_ptrs.wptr_wrap_cnt_q_reg[2]_20[0]                                           |                                                                                                                                                                 |                2 |              8 |         4.00 |
|  clkgen/clk_sys                                                          | u_ibex_demo_system/u_uart/u_tx_fifo/gen_normal_fifo.u_fifo_cnt/gen_normal_ptrs.wptr_wrap_cnt_q_reg[2]_11[0]                                           |                                                                                                                                                                 |                2 |              8 |         4.00 |
|  clkgen/clk_sys                                                          | u_ibex_demo_system/u_uart/u_rx_fifo/gen_normal_fifo.u_fifo_cnt/gen_normal_ptrs.wptr_wrap_cnt_q_reg[5]_13[0]                                           |                                                                                                                                                                 |                3 |              8 |         2.67 |
|  clkgen/clk_sys                                                          | u_ibex_demo_system/u_uart/u_tx_fifo/gen_normal_fifo.u_fifo_cnt/gen_normal_ptrs.wptr_wrap_cnt_q_reg[2]_2[0]                                            |                                                                                                                                                                 |                4 |              8 |         2.00 |
|  clkgen/clk_sys                                                          | u_ibex_demo_system/u_uart/u_tx_fifo/gen_normal_fifo.u_fifo_cnt/gen_normal_ptrs.wptr_wrap_cnt_q_reg[2]_19[0]                                           |                                                                                                                                                                 |                3 |              8 |         2.67 |
|  clkgen/clk_sys                                                          | u_ibex_demo_system/u_uart/u_tx_fifo/gen_normal_fifo.u_fifo_cnt/gen_normal_ptrs.wptr_wrap_cnt_q_reg[2]_18[0]                                           |                                                                                                                                                                 |                3 |              8 |         2.67 |
|  clkgen/clk_sys                                                          | u_ibex_demo_system/u_uart/u_tx_fifo/gen_normal_fifo.u_fifo_cnt/gen_normal_ptrs.wptr_wrap_cnt_q_reg[2]_17[0]                                           |                                                                                                                                                                 |                2 |              8 |         4.00 |
|  clkgen/clk_sys                                                          | u_ibex_demo_system/u_uart/u_tx_fifo/gen_normal_fifo.u_fifo_cnt/gen_normal_ptrs.wptr_wrap_cnt_q_reg[2]_16[0]                                           |                                                                                                                                                                 |                3 |              8 |         2.67 |
|  clkgen/clk_sys                                                          | u_ibex_demo_system/u_uart/u_tx_fifo/gen_normal_fifo.u_fifo_cnt/gen_normal_ptrs.wptr_wrap_cnt_q_reg[2]_15[0]                                           |                                                                                                                                                                 |                3 |              8 |         2.67 |
|  clkgen/clk_sys                                                          | u_ibex_demo_system/u_uart/u_tx_fifo/gen_normal_fifo.u_fifo_cnt/gen_normal_ptrs.wptr_wrap_cnt_q_reg[2]_14[0]                                           |                                                                                                                                                                 |                2 |              8 |         4.00 |
|  clkgen/clk_sys                                                          | u_ibex_demo_system/u_uart/u_tx_fifo/gen_normal_fifo.u_fifo_cnt/gen_normal_ptrs.wptr_wrap_cnt_q_reg[2]_13[0]                                           |                                                                                                                                                                 |                2 |              8 |         4.00 |
|  clkgen/clk_sys                                                          | u_ibex_demo_system/u_uart/u_tx_fifo/gen_normal_fifo.u_fifo_cnt/gen_normal_ptrs.wptr_wrap_cnt_q_reg[2]_12[0]                                           |                                                                                                                                                                 |                1 |              8 |         8.00 |
|  clkgen/clk_sys                                                          | u_ibex_demo_system/u_uart/u_tx_fifo/gen_normal_fifo.u_fifo_cnt/gen_normal_ptrs.wptr_wrap_cnt_q_reg[1]_3[0]                                            |                                                                                                                                                                 |                2 |              8 |         4.00 |
|  clkgen/clk_sys                                                          | u_ibex_demo_system/u_uart/u_tx_fifo/gen_normal_fifo.u_fifo_cnt/gen_normal_ptrs.wptr_wrap_cnt_q_reg[2]_10[0]                                           |                                                                                                                                                                 |                3 |              8 |         2.67 |
|  clkgen/clk_sys                                                          | u_ibex_demo_system/u_uart/u_tx_fifo/gen_normal_fifo.u_fifo_cnt/gen_normal_ptrs.wptr_wrap_cnt_q_reg[2]_1[0]                                            |                                                                                                                                                                 |                2 |              8 |         4.00 |
|  clkgen/clk_sys                                                          | u_ibex_demo_system/u_uart/u_tx_fifo/gen_normal_fifo.u_fifo_cnt/gen_normal_ptrs.wptr_wrap_cnt_q_reg[2]_0[0]                                            |                                                                                                                                                                 |                1 |              8 |         8.00 |
|  clkgen/clk_sys                                                          | u_ibex_demo_system/u_uart/u_tx_fifo/gen_normal_fifo.u_fifo_cnt/gen_normal_ptrs.wptr_wrap_cnt_q_reg[1]_9[0]                                            |                                                                                                                                                                 |                2 |              8 |         4.00 |
|  clkgen/clk_sys                                                          | u_ibex_demo_system/u_uart/u_tx_fifo/gen_normal_fifo.u_fifo_cnt/gen_normal_ptrs.wptr_wrap_cnt_q_reg[1]_8[0]                                            |                                                                                                                                                                 |                3 |              8 |         2.67 |
|  clkgen/clk_sys                                                          | u_ibex_demo_system/u_uart/u_tx_fifo/gen_normal_fifo.u_fifo_cnt/gen_normal_ptrs.wptr_wrap_cnt_q_reg[1]_7[0]                                            |                                                                                                                                                                 |                2 |              8 |         4.00 |
|  clkgen/clk_sys                                                          | u_ibex_demo_system/u_uart/u_tx_fifo/gen_normal_fifo.u_fifo_cnt/gen_normal_ptrs.wptr_wrap_cnt_q_reg[1]_6[0]                                            |                                                                                                                                                                 |                3 |              8 |         2.67 |
|  clkgen/clk_sys                                                          | u_ibex_demo_system/u_uart/u_tx_fifo/gen_normal_fifo.u_fifo_cnt/gen_normal_ptrs.wptr_wrap_cnt_q_reg[1]_5[0]                                            |                                                                                                                                                                 |                2 |              8 |         4.00 |
|  clkgen/clk_sys                                                          | u_ibex_demo_system/u_uart/u_tx_fifo/gen_normal_fifo.u_fifo_cnt/gen_normal_ptrs.wptr_wrap_cnt_q_reg[1]_4[0]                                            |                                                                                                                                                                 |                2 |              8 |         4.00 |
|  clkgen/clk_sys                                                          | u_ibex_demo_system/u_uart/u_rx_fifo/gen_normal_fifo.u_fifo_cnt/gen_normal_ptrs.wptr_wrap_cnt_q_reg[5]_21[0]                                           |                                                                                                                                                                 |                1 |              8 |         8.00 |
|  clkgen/clk_sys                                                          | u_ibex_demo_system/u_uart/u_rx_fifo/gen_normal_fifo.u_fifo_cnt/gen_normal_ptrs.wptr_wrap_cnt_q_reg[6]_0[0]                                            |                                                                                                                                                                 |                1 |              8 |         8.00 |
|  clkgen/clk_sys                                                          | u_ibex_demo_system/u_uart/u_rx_fifo/gen_normal_fifo.u_fifo_cnt/gen_normal_ptrs.wptr_wrap_cnt_q_reg[5]_9[0]                                            |                                                                                                                                                                 |                3 |              8 |         2.67 |
|  clkgen/clk_sys                                                          | u_ibex_demo_system/u_uart/u_rx_fifo/gen_normal_fifo.u_fifo_cnt/gen_normal_ptrs.wptr_wrap_cnt_q_reg[5]_8[0]                                            |                                                                                                                                                                 |                3 |              8 |         2.67 |
|  clkgen/clk_sys                                                          | u_ibex_demo_system/u_uart/u_rx_fifo/gen_normal_fifo.u_fifo_cnt/gen_normal_ptrs.wptr_wrap_cnt_q_reg[5]_7[0]                                            |                                                                                                                                                                 |                2 |              8 |         4.00 |
|  clkgen/clk_sys                                                          | u_ibex_demo_system/u_uart/u_rx_fifo/gen_normal_fifo.u_fifo_cnt/gen_normal_ptrs.wptr_wrap_cnt_q_reg[5]_6[0]                                            |                                                                                                                                                                 |                3 |              8 |         2.67 |
|  clkgen/clk_sys                                                          | u_ibex_demo_system/u_uart/u_rx_fifo/gen_normal_fifo.u_fifo_cnt/gen_normal_ptrs.wptr_wrap_cnt_q_reg[5]_5[0]                                            |                                                                                                                                                                 |                4 |              8 |         2.00 |
|  clkgen/clk_sys                                                          | u_ibex_demo_system/u_uart/u_rx_fifo/gen_normal_fifo.u_fifo_cnt/gen_normal_ptrs.wptr_wrap_cnt_q_reg[5]_4[0]                                            |                                                                                                                                                                 |                1 |              8 |         8.00 |
|  clkgen/clk_sys                                                          | u_ibex_demo_system/u_uart/u_rx_fifo/gen_normal_fifo.u_fifo_cnt/gen_normal_ptrs.wptr_wrap_cnt_q_reg[5]_3[0]                                            |                                                                                                                                                                 |                4 |              8 |         2.00 |
|  clkgen/clk_sys                                                          | u_ibex_demo_system/u_uart/u_rx_fifo/gen_normal_fifo.u_fifo_cnt/gen_normal_ptrs.wptr_wrap_cnt_q_reg[5]_22[0]                                           |                                                                                                                                                                 |                3 |              8 |         2.67 |
|  clkgen/clk_sys                                                          | u_ibex_demo_system/u_uart/u_rx_fifo/gen_normal_fifo.u_fifo_cnt/gen_normal_ptrs.wptr_wrap_cnt_q_reg[6]_1[0]                                            |                                                                                                                                                                 |                4 |              8 |         2.00 |
|  clkgen/clk_sys                                                          | u_ibex_demo_system/u_uart/u_rx_fifo/gen_normal_fifo.u_fifo_cnt/gen_normal_ptrs.wptr_wrap_cnt_q_reg[5]_20[0]                                           |                                                                                                                                                                 |                1 |              8 |         8.00 |
|  clkgen/clk_sys                                                          | u_ibex_demo_system/u_uart/u_rx_fifo/gen_normal_fifo.u_fifo_cnt/gen_normal_ptrs.wptr_wrap_cnt_q_reg[5]_2[0]                                            |                                                                                                                                                                 |                2 |              8 |         4.00 |
|  clkgen/clk_sys                                                          | u_ibex_demo_system/u_uart/u_rx_fifo/gen_normal_fifo.u_fifo_cnt/gen_normal_ptrs.wptr_wrap_cnt_q_reg[5]_19[0]                                           |                                                                                                                                                                 |                3 |              8 |         2.67 |
|  clkgen/clk_sys                                                          | u_ibex_demo_system/u_uart/u_rx_fifo/gen_normal_fifo.u_fifo_cnt/gen_normal_ptrs.wptr_wrap_cnt_q_reg[5]_18[0]                                           |                                                                                                                                                                 |                3 |              8 |         2.67 |
|  clkgen/clk_sys                                                          | u_ibex_demo_system/u_uart/u_rx_fifo/gen_normal_fifo.u_fifo_cnt/gen_normal_ptrs.wptr_wrap_cnt_q_reg[5]_17[0]                                           |                                                                                                                                                                 |                3 |              8 |         2.67 |
|  clkgen/clk_sys                                                          | u_ibex_demo_system/u_uart/u_rx_fifo/gen_normal_fifo.u_fifo_cnt/gen_normal_ptrs.wptr_wrap_cnt_q_reg[5]_16[0]                                           |                                                                                                                                                                 |                4 |              8 |         2.00 |
|  clkgen/clk_sys                                                          | u_ibex_demo_system/u_uart/u_rx_fifo/gen_normal_fifo.u_fifo_cnt/gen_normal_ptrs.wptr_wrap_cnt_q_reg[5]_15[0]                                           |                                                                                                                                                                 |                1 |              8 |         8.00 |
|  clkgen/clk_sys                                                          | u_ibex_demo_system/u_uart/u_rx_fifo/gen_normal_fifo.u_fifo_cnt/gen_normal_ptrs.wptr_wrap_cnt_q_reg[5]_14[0]                                           |                                                                                                                                                                 |                3 |              8 |         2.67 |
|  clkgen/clk_sys                                                          | u_ibex_demo_system/u_uart/rx_current_byte_q[0]                                                                                                        | clkgen/pll_0                                                                                                                                                    |                2 |              8 |         4.00 |
|  clkgen/clk_sys                                                          | u_ibex_demo_system/u_uart/u_tx_fifo/gen_normal_fifo.u_fifo_cnt/gen_normal_ptrs.wptr_wrap_cnt_q_reg[0]_1[0]                                            |                                                                                                                                                                 |                1 |              8 |         8.00 |
|  clkgen/clk_sys                                                          | u_ibex_demo_system/u_uart/u_tx_fifo/gen_normal_fifo.u_fifo_cnt/gen_normal_ptrs.wptr_wrap_cnt_q_reg[1]_10[0]                                           |                                                                                                                                                                 |                3 |              8 |         2.67 |
|  clkgen/clk_sys                                                          | u_ibex_demo_system/u_uart/u_tx_fifo/gen_normal_fifo.u_fifo_cnt/gen_normal_ptrs.wptr_wrap_cnt_q_reg[1]_1[0]                                            |                                                                                                                                                                 |                2 |              8 |         4.00 |
|  clkgen/clk_sys                                                          | u_ibex_demo_system/u_uart/u_tx_fifo/gen_normal_fifo.u_fifo_cnt/gen_normal_ptrs.wptr_wrap_cnt_q_reg[1]_0[0]                                            |                                                                                                                                                                 |                5 |              8 |         1.60 |
|  clkgen/clk_sys                                                          | u_ibex_demo_system/u_uart/u_tx_fifo/gen_normal_fifo.u_fifo_cnt/gen_normal_ptrs.wptr_wrap_cnt_q_reg[0]_8[0]                                            |                                                                                                                                                                 |                2 |              8 |         4.00 |
|  clkgen/clk_sys                                                          | u_ibex_demo_system/u_uart/u_tx_fifo/gen_normal_fifo.u_fifo_cnt/gen_normal_ptrs.wptr_wrap_cnt_q_reg[0]_7[0]                                            |                                                                                                                                                                 |                5 |              8 |         1.60 |
|  clkgen/clk_sys                                                          | u_ibex_demo_system/u_uart/u_tx_fifo/gen_normal_fifo.u_fifo_cnt/gen_normal_ptrs.wptr_wrap_cnt_q_reg[0]_6[0]                                            |                                                                                                                                                                 |                3 |              8 |         2.67 |
|  clkgen/clk_sys                                                          | u_ibex_demo_system/u_uart/u_tx_fifo/gen_normal_fifo.u_fifo_cnt/gen_normal_ptrs.wptr_wrap_cnt_q_reg[0]_5[0]                                            |                                                                                                                                                                 |                2 |              8 |         4.00 |
|  clkgen/clk_sys                                                          | u_ibex_demo_system/u_uart/u_tx_fifo/gen_normal_fifo.u_fifo_cnt/gen_normal_ptrs.wptr_wrap_cnt_q_reg[0]_4[0]                                            |                                                                                                                                                                 |                2 |              8 |         4.00 |
|  clkgen/clk_sys                                                          | u_ibex_demo_system/u_uart/u_tx_fifo/gen_normal_fifo.u_fifo_cnt/gen_normal_ptrs.wptr_wrap_cnt_q_reg[0]_3[0]                                            |                                                                                                                                                                 |                1 |              8 |         8.00 |
|  clkgen/clk_sys                                                          | u_ibex_demo_system/u_uart/u_tx_fifo/gen_normal_fifo.u_fifo_cnt/gen_normal_ptrs.wptr_wrap_cnt_q_reg[1]_11[0]                                           |                                                                                                                                                                 |                2 |              8 |         4.00 |
|  clkgen/clk_sys                                                          | u_ibex_demo_system/u_uart/u_tx_fifo/gen_normal_fifo.u_fifo_cnt/gen_normal_ptrs.wptr_wrap_cnt_q_reg[0]_0[0]                                            |                                                                                                                                                                 |                3 |              8 |         2.67 |
|  clkgen/clk_sys                                                          | u_ibex_demo_system/u_uart/u_tx_fifo/gen_normal_fifo.u_fifo_cnt/gen_normal_ptrs.wptr_wrap_cnt_q_reg[0]_2[0]                                            |                                                                                                                                                                 |                1 |              8 |         8.00 |
|  clkgen/clk_sys                                                          | u_ibex_demo_system/u_uart/u_tx_fifo/gen_normal_fifo.u_fifo_cnt/E[0]                                                                                   |                                                                                                                                                                 |                3 |              8 |         2.67 |
|  clkgen/clk_sys                                                          | u_ibex_demo_system/u_uart/u_rx_fifo/gen_normal_fifo.u_fifo_cnt/gen_normal_ptrs.wptr_wrap_cnt_q_reg[6]_7[0]                                            |                                                                                                                                                                 |                3 |              8 |         2.67 |
|  clkgen/clk_sys                                                          | u_ibex_demo_system/u_uart/u_rx_fifo/gen_normal_fifo.u_fifo_cnt/gen_normal_ptrs.wptr_wrap_cnt_q_reg[6]_6[0]                                            |                                                                                                                                                                 |                3 |              8 |         2.67 |
|  clkgen/clk_sys                                                          | u_ibex_demo_system/u_uart/u_rx_fifo/gen_normal_fifo.u_fifo_cnt/gen_normal_ptrs.wptr_wrap_cnt_q_reg[6]_5[0]                                            |                                                                                                                                                                 |                4 |              8 |         2.00 |
|  clkgen/clk_sys                                                          | u_ibex_demo_system/u_uart/u_rx_fifo/gen_normal_fifo.u_fifo_cnt/gen_normal_ptrs.wptr_wrap_cnt_q_reg[6]_4[0]                                            |                                                                                                                                                                 |                1 |              8 |         8.00 |
|  clkgen/clk_sys                                                          | u_ibex_demo_system/u_uart/u_rx_fifo/gen_normal_fifo.u_fifo_cnt/gen_normal_ptrs.wptr_wrap_cnt_q_reg[6]_3[0]                                            |                                                                                                                                                                 |                2 |              8 |         4.00 |
|  clkgen/clk_sys                                                          | u_ibex_demo_system/u_uart/u_tx_fifo/gen_normal_fifo.u_fifo_cnt/gen_normal_ptrs.wptr_wrap_cnt_q_reg[5]_19[0]                                           |                                                                                                                                                                 |                1 |              8 |         8.00 |
|  clkgen/clk_sys                                                          | u_ibex_demo_system/u_uart/u_tx_fifo/gen_normal_fifo.u_fifo_cnt/gen_normal_ptrs.wptr_wrap_cnt_q_reg[5]_5[0]                                            |                                                                                                                                                                 |                3 |              8 |         2.67 |
|  clkgen/clk_sys                                                          | u_ibex_demo_system/u_uart/u_tx_fifo/gen_normal_fifo.u_fifo_cnt/gen_normal_ptrs.wptr_wrap_cnt_q_reg[5]_4[0]                                            |                                                                                                                                                                 |                3 |              8 |         2.67 |
|  clkgen/clk_sys                                                          | u_ibex_demo_system/u_uart/u_tx_fifo/gen_normal_fifo.u_fifo_cnt/gen_normal_ptrs.wptr_wrap_cnt_q_reg[5]_3[0]                                            |                                                                                                                                                                 |                3 |              8 |         2.67 |
|  clkgen/clk_sys                                                          | u_ibex_demo_system/u_uart/u_tx_fifo/gen_normal_fifo.u_fifo_cnt/gen_normal_ptrs.wptr_wrap_cnt_q_reg[5]_24[0]                                           |                                                                                                                                                                 |                3 |              8 |         2.67 |
|  clkgen/clk_sys                                                          | u_ibex_demo_system/u_uart/u_tx_fifo/gen_normal_fifo.u_fifo_cnt/gen_normal_ptrs.wptr_wrap_cnt_q_reg[5]_23[0]                                           |                                                                                                                                                                 |                2 |              8 |         4.00 |
|  clkgen/clk_sys                                                          | u_ibex_demo_system/u_uart/u_tx_fifo/gen_normal_fifo.u_fifo_cnt/gen_normal_ptrs.wptr_wrap_cnt_q_reg[5]_22[0]                                           |                                                                                                                                                                 |                3 |              8 |         2.67 |
|  clkgen/clk_sys                                                          | u_ibex_demo_system/u_uart/u_tx_fifo/gen_normal_fifo.u_fifo_cnt/gen_normal_ptrs.wptr_wrap_cnt_q_reg[5]_21[0]                                           |                                                                                                                                                                 |                3 |              8 |         2.67 |
|  clkgen/clk_sys                                                          | u_ibex_demo_system/u_uart/u_tx_fifo/gen_normal_fifo.u_fifo_cnt/gen_normal_ptrs.wptr_wrap_cnt_q_reg[5]_20[0]                                           |                                                                                                                                                                 |                3 |              8 |         2.67 |
|  clkgen/clk_sys                                                          | u_ibex_demo_system/u_uart/u_tx_fifo/gen_normal_fifo.u_fifo_cnt/gen_normal_ptrs.wptr_wrap_cnt_q_reg[5]_2[0]                                            |                                                                                                                                                                 |                1 |              8 |         8.00 |
|  clkgen/clk_sys                                                          | u_ibex_demo_system/u_uart/u_tx_fifo/gen_normal_fifo.u_fifo_cnt/gen_normal_ptrs.wptr_wrap_cnt_q_reg[5]_6[0]                                            |                                                                                                                                                                 |                2 |              8 |         4.00 |
|  clkgen/clk_sys                                                          | u_ibex_demo_system/u_uart/u_tx_fifo/gen_normal_fifo.u_fifo_cnt/gen_normal_ptrs.wptr_wrap_cnt_q_reg[5]_18[0]                                           |                                                                                                                                                                 |                2 |              8 |         4.00 |
|  clkgen/clk_sys                                                          | u_ibex_demo_system/u_uart/u_tx_fifo/gen_normal_fifo.u_fifo_cnt/gen_normal_ptrs.wptr_wrap_cnt_q_reg[5]_17[0]                                           |                                                                                                                                                                 |                2 |              8 |         4.00 |
|  clkgen/clk_sys                                                          | u_ibex_demo_system/u_uart/u_tx_fifo/gen_normal_fifo.u_fifo_cnt/gen_normal_ptrs.wptr_wrap_cnt_q_reg[5]_16[0]                                           |                                                                                                                                                                 |                4 |              8 |         2.00 |
|  clkgen/clk_sys                                                          | u_ibex_demo_system/u_uart/u_tx_fifo/gen_normal_fifo.u_fifo_cnt/gen_normal_ptrs.wptr_wrap_cnt_q_reg[5]_15[0]                                           |                                                                                                                                                                 |                2 |              8 |         4.00 |
|  clkgen/clk_sys                                                          | u_ibex_demo_system/u_uart/u_tx_fifo/gen_normal_fifo.u_fifo_cnt/gen_normal_ptrs.wptr_wrap_cnt_q_reg[5]_14[0]                                           |                                                                                                                                                                 |                3 |              8 |         2.67 |
|  clkgen/clk_sys                                                          | u_ibex_demo_system/u_uart/u_tx_fifo/gen_normal_fifo.u_fifo_cnt/gen_normal_ptrs.wptr_wrap_cnt_q_reg[5]_13[0]                                           |                                                                                                                                                                 |                4 |              8 |         2.00 |
|  clkgen/clk_sys                                                          | u_ibex_demo_system/u_uart/u_tx_fifo/gen_normal_fifo.u_fifo_cnt/gen_normal_ptrs.wptr_wrap_cnt_q_reg[5]_12[0]                                           |                                                                                                                                                                 |                2 |              8 |         4.00 |
|  clkgen/clk_sys                                                          | u_ibex_demo_system/u_uart/u_tx_fifo/gen_normal_fifo.u_fifo_cnt/gen_normal_ptrs.wptr_wrap_cnt_q_reg[5]_11[0]                                           |                                                                                                                                                                 |                2 |              8 |         4.00 |
|  clkgen/clk_sys                                                          | u_ibex_demo_system/u_uart/u_tx_fifo/gen_normal_fifo.u_fifo_cnt/gen_normal_ptrs.wptr_wrap_cnt_q_reg[5]_10[0]                                           |                                                                                                                                                                 |                2 |              8 |         4.00 |
|  clkgen/clk_sys                                                          | u_ibex_demo_system/u_uart/u_tx_fifo/gen_normal_fifo.u_fifo_cnt/gen_normal_ptrs.wptr_wrap_cnt_q_reg[6]_13[0]                                           |                                                                                                                                                                 |                3 |              8 |         2.67 |
|  clkgen/clk_sys                                                          | u_ibex_demo_system/u_uart/u_tx_fifo/gen_normal_fifo.u_fifo_cnt/gen_normal_ptrs.wptr_wrap_cnt_q_reg[6]_9[0]                                            |                                                                                                                                                                 |                5 |              8 |         1.60 |
|  clkgen/clk_sys                                                          | u_ibex_demo_system/u_uart/u_tx_fifo/gen_normal_fifo.u_fifo_cnt/gen_normal_ptrs.wptr_wrap_cnt_q_reg[6]_8[0]                                            |                                                                                                                                                                 |                1 |              8 |         8.00 |
|  clkgen/clk_sys                                                          | u_ibex_demo_system/u_uart/u_tx_fifo/gen_normal_fifo.u_fifo_cnt/gen_normal_ptrs.wptr_wrap_cnt_q_reg[6]_7[0]                                            |                                                                                                                                                                 |                2 |              8 |         4.00 |
|  clkgen/clk_sys                                                          | u_ibex_demo_system/u_uart/u_tx_fifo/gen_normal_fifo.u_fifo_cnt/gen_normal_ptrs.wptr_wrap_cnt_q_reg[6]_6[0]                                            |                                                                                                                                                                 |                3 |              8 |         2.67 |
|  clkgen/clk_sys                                                          | u_ibex_demo_system/u_uart/u_tx_fifo/gen_normal_fifo.u_fifo_cnt/gen_normal_ptrs.wptr_wrap_cnt_q_reg[6]_5[0]                                            |                                                                                                                                                                 |                3 |              8 |         2.67 |
|  clkgen/clk_sys                                                          | u_ibex_demo_system/u_uart/u_tx_fifo/gen_normal_fifo.u_fifo_cnt/gen_normal_ptrs.wptr_wrap_cnt_q_reg[6]_4[0]                                            |                                                                                                                                                                 |                5 |              8 |         1.60 |
|  clkgen/clk_sys                                                          | u_ibex_demo_system/u_uart/u_tx_fifo/gen_normal_fifo.u_fifo_cnt/gen_normal_ptrs.wptr_wrap_cnt_q_reg[6]_3[0]                                            |                                                                                                                                                                 |                2 |              8 |         4.00 |
|  clkgen/clk_sys                                                          | u_ibex_demo_system/u_uart/u_tx_fifo/gen_normal_fifo.u_fifo_cnt/gen_normal_ptrs.wptr_wrap_cnt_q_reg[6]_2[0]                                            |                                                                                                                                                                 |                1 |              8 |         8.00 |
|  clkgen/clk_sys                                                          | u_ibex_demo_system/u_uart/u_tx_fifo/gen_normal_fifo.u_fifo_cnt/gen_normal_ptrs.wptr_wrap_cnt_q_reg[6]_14[0]                                           |                                                                                                                                                                 |                2 |              8 |         4.00 |
|  clkgen/clk_sys                                                          | u_ibex_demo_system/u_uart/u_tx_fifo/gen_normal_fifo.u_fifo_cnt/gen_normal_ptrs.wptr_wrap_cnt_q_reg[5]_1[0]                                            |                                                                                                                                                                 |                2 |              8 |         4.00 |
|  clkgen/clk_sys                                                          | u_ibex_demo_system/u_uart/u_tx_fifo/gen_normal_fifo.u_fifo_cnt/gen_normal_ptrs.wptr_wrap_cnt_q_reg[6]_12[0]                                           |                                                                                                                                                                 |                4 |              8 |         2.00 |
|  clkgen/clk_sys                                                          | u_ibex_demo_system/u_uart/u_tx_fifo/gen_normal_fifo.u_fifo_cnt/gen_normal_ptrs.wptr_wrap_cnt_q_reg[6]_11[0]                                           |                                                                                                                                                                 |                2 |              8 |         4.00 |
|  clkgen/clk_sys                                                          | u_ibex_demo_system/u_uart/u_tx_fifo/gen_normal_fifo.u_fifo_cnt/gen_normal_ptrs.wptr_wrap_cnt_q_reg[6]_10[0]                                           |                                                                                                                                                                 |                2 |              8 |         4.00 |
|  clkgen/clk_sys                                                          | u_ibex_demo_system/u_uart/u_tx_fifo/gen_normal_fifo.u_fifo_cnt/gen_normal_ptrs.wptr_wrap_cnt_q_reg[6]_1[0]                                            |                                                                                                                                                                 |                3 |              8 |         2.67 |
|  clkgen/clk_sys                                                          | u_ibex_demo_system/u_uart/u_tx_fifo/gen_normal_fifo.u_fifo_cnt/gen_normal_ptrs.wptr_wrap_cnt_q_reg[6]_0[0]                                            |                                                                                                                                                                 |                2 |              8 |         4.00 |
|  clkgen/clk_sys                                                          | u_ibex_demo_system/u_uart/u_tx_fifo/gen_normal_fifo.u_fifo_cnt/gen_normal_ptrs.wptr_wrap_cnt_q_reg[5]_9[0]                                            |                                                                                                                                                                 |                1 |              8 |         8.00 |
|  clkgen/clk_sys                                                          | u_ibex_demo_system/u_uart/u_tx_fifo/gen_normal_fifo.u_fifo_cnt/gen_normal_ptrs.wptr_wrap_cnt_q_reg[5]_8[0]                                            |                                                                                                                                                                 |                2 |              8 |         4.00 |
|  clkgen/clk_sys                                                          | u_ibex_demo_system/u_uart/u_tx_fifo/gen_normal_fifo.u_fifo_cnt/gen_normal_ptrs.wptr_wrap_cnt_q_reg[5]_7[0]                                            |                                                                                                                                                                 |                3 |              8 |         2.67 |
|  clkgen/clk_sys                                                          | u_ibex_demo_system/u_uart/u_tx_fifo/gen_normal_fifo.u_fifo_cnt/gen_normal_ptrs.wptr_wrap_cnt_q_reg[2]_6[0]                                            |                                                                                                                                                                 |                2 |              8 |         4.00 |
|  clkgen/clk_sys                                                          | u_ibex_demo_system/u_uart/u_tx_fifo/gen_normal_fifo.u_fifo_cnt/gen_normal_ptrs.wptr_wrap_cnt_q_reg[3]_5[0]                                            |                                                                                                                                                                 |                1 |              8 |         8.00 |
|  clkgen/clk_sys                                                          | u_ibex_demo_system/u_uart/u_tx_fifo/gen_normal_fifo.u_fifo_cnt/gen_normal_ptrs.wptr_wrap_cnt_q_reg[3]_4[0]                                            |                                                                                                                                                                 |                1 |              8 |         8.00 |
|  clkgen/clk_sys                                                          | u_ibex_demo_system/u_uart/u_tx_fifo/gen_normal_fifo.u_fifo_cnt/gen_normal_ptrs.wptr_wrap_cnt_q_reg[3]_3[0]                                            |                                                                                                                                                                 |                2 |              8 |         4.00 |
|  clkgen/clk_sys                                                          | u_ibex_demo_system/u_uart/u_tx_fifo/gen_normal_fifo.u_fifo_cnt/gen_normal_ptrs.wptr_wrap_cnt_q_reg[3]_2[0]                                            |                                                                                                                                                                 |                3 |              8 |         2.67 |
|  clkgen/clk_sys                                                          | u_ibex_demo_system/u_uart/u_tx_fifo/gen_normal_fifo.u_fifo_cnt/gen_normal_ptrs.wptr_wrap_cnt_q_reg[3]_1[0]                                            |                                                                                                                                                                 |                4 |              8 |         2.00 |
|  clkgen/clk_sys                                                          | u_ibex_demo_system/u_uart/u_tx_fifo/gen_normal_fifo.u_fifo_cnt/gen_normal_ptrs.wptr_wrap_cnt_q_reg[3]_0[0]                                            |                                                                                                                                                                 |                4 |              8 |         2.00 |
|  clkgen/clk_sys                                                          | u_ibex_demo_system/u_uart/u_tx_fifo/gen_normal_fifo.u_fifo_cnt/gen_normal_ptrs.wptr_wrap_cnt_q_reg[2]_9[0]                                            |                                                                                                                                                                 |                1 |              8 |         8.00 |
|  clkgen/clk_sys                                                          | u_ibex_demo_system/u_uart/u_tx_fifo/gen_normal_fifo.u_fifo_cnt/gen_normal_ptrs.wptr_wrap_cnt_q_reg[2]_8[0]                                            |                                                                                                                                                                 |                1 |              8 |         8.00 |
|  clkgen/clk_sys                                                          | u_ibex_demo_system/u_uart/u_tx_fifo/gen_normal_fifo.u_fifo_cnt/gen_normal_ptrs.wptr_wrap_cnt_q_reg[2]_7[0]                                            |                                                                                                                                                                 |                1 |              8 |         8.00 |
|  clkgen/clk_sys                                                          | u_ibex_demo_system/u_uart/u_tx_fifo/gen_normal_fifo.u_fifo_cnt/gen_normal_ptrs.wptr_wrap_cnt_q_reg[3]_6[0]                                            |                                                                                                                                                                 |                2 |              8 |         4.00 |
|  clkgen/clk_sys                                                          | u_ibex_demo_system/u_uart/u_tx_fifo/gen_normal_fifo.u_fifo_cnt/gen_normal_ptrs.wptr_wrap_cnt_q_reg[2]_5[0]                                            |                                                                                                                                                                 |                2 |              8 |         4.00 |
|  clkgen/clk_sys                                                          | u_ibex_demo_system/u_uart/u_tx_fifo/gen_normal_fifo.u_fifo_cnt/gen_normal_ptrs.wptr_wrap_cnt_q_reg[2]_4[0]                                            |                                                                                                                                                                 |                1 |              8 |         8.00 |
|  clkgen/clk_sys                                                          | u_ibex_demo_system/u_uart/u_tx_fifo/gen_normal_fifo.u_fifo_cnt/gen_normal_ptrs.wptr_wrap_cnt_q_reg[2]_3[0]                                            |                                                                                                                                                                 |                2 |              8 |         4.00 |
|  clkgen/clk_sys                                                          | u_ibex_demo_system/u_uart/u_tx_fifo/gen_normal_fifo.u_fifo_cnt/gen_normal_ptrs.wptr_wrap_cnt_q_reg[2]_26[0]                                           |                                                                                                                                                                 |                2 |              8 |         4.00 |
|  clkgen/clk_sys                                                          | u_ibex_demo_system/u_uart/u_tx_fifo/gen_normal_fifo.u_fifo_cnt/gen_normal_ptrs.wptr_wrap_cnt_q_reg[2]_25[0]                                           |                                                                                                                                                                 |                2 |              8 |         4.00 |
|  clkgen/clk_sys                                                          | u_ibex_demo_system/u_uart/u_tx_fifo/gen_normal_fifo.u_fifo_cnt/gen_normal_ptrs.wptr_wrap_cnt_q_reg[2]_24[0]                                           |                                                                                                                                                                 |                2 |              8 |         4.00 |
|  clkgen/clk_sys                                                          | u_ibex_demo_system/u_uart/u_tx_fifo/gen_normal_fifo.u_fifo_cnt/gen_normal_ptrs.wptr_wrap_cnt_q_reg[2]_23[0]                                           |                                                                                                                                                                 |                5 |              8 |         1.60 |
|  clkgen/clk_sys                                                          | u_ibex_demo_system/u_uart/u_tx_fifo/gen_normal_fifo.u_fifo_cnt/gen_normal_ptrs.wptr_wrap_cnt_q_reg[2]_22[0]                                           |                                                                                                                                                                 |                2 |              8 |         4.00 |
|  clkgen/clk_sys                                                          | u_ibex_demo_system/u_uart/u_tx_fifo/gen_normal_fifo.u_fifo_cnt/gen_normal_ptrs.wptr_wrap_cnt_q_reg[4]_15[0]                                           |                                                                                                                                                                 |                3 |              8 |         2.67 |
|  clkgen/clk_sys                                                          | u_ibex_demo_system/u_uart/u_tx_fifo/gen_normal_fifo.u_fifo_cnt/gen_normal_ptrs.wptr_wrap_cnt_q_reg[5]_0[0]                                            |                                                                                                                                                                 |                2 |              8 |         4.00 |
|  clkgen/clk_sys                                                          | u_ibex_demo_system/u_uart/u_tx_fifo/gen_normal_fifo.u_fifo_cnt/gen_normal_ptrs.wptr_wrap_cnt_q_reg[4]_9[0]                                            |                                                                                                                                                                 |                5 |              8 |         1.60 |
|  clkgen/clk_sys                                                          | u_ibex_demo_system/u_uart/u_tx_fifo/gen_normal_fifo.u_fifo_cnt/gen_normal_ptrs.wptr_wrap_cnt_q_reg[4]_8[0]                                            |                                                                                                                                                                 |                4 |              8 |         2.00 |
|  clkgen/clk_sys                                                          | u_ibex_demo_system/u_uart/u_tx_fifo/gen_normal_fifo.u_fifo_cnt/gen_normal_ptrs.wptr_wrap_cnt_q_reg[4]_7[0]                                            |                                                                                                                                                                 |                1 |              8 |         8.00 |
|  clkgen/clk_sys                                                          | u_ibex_demo_system/u_uart/u_tx_fifo/gen_normal_fifo.u_fifo_cnt/gen_normal_ptrs.wptr_wrap_cnt_q_reg[4]_6[0]                                            |                                                                                                                                                                 |                7 |              8 |         1.14 |
|  clkgen/clk_sys                                                          | u_ibex_demo_system/u_uart/u_tx_fifo/gen_normal_fifo.u_fifo_cnt/gen_normal_ptrs.wptr_wrap_cnt_q_reg[4]_5[0]                                            |                                                                                                                                                                 |                1 |              8 |         8.00 |
|  clkgen/clk_sys                                                          | u_ibex_demo_system/u_uart/u_tx_fifo/gen_normal_fifo.u_fifo_cnt/gen_normal_ptrs.wptr_wrap_cnt_q_reg[4]_4[0]                                            |                                                                                                                                                                 |                3 |              8 |         2.67 |
|  clkgen/clk_sys                                                          | u_ibex_demo_system/u_uart/u_tx_fifo/gen_normal_fifo.u_fifo_cnt/gen_normal_ptrs.wptr_wrap_cnt_q_reg[4]_3[0]                                            |                                                                                                                                                                 |                2 |              8 |         4.00 |
|  clkgen/clk_sys                                                          | u_ibex_demo_system/u_uart/u_tx_fifo/gen_normal_fifo.u_fifo_cnt/gen_normal_ptrs.wptr_wrap_cnt_q_reg[4]_2[0]                                            |                                                                                                                                                                 |                1 |              8 |         8.00 |
|  clkgen/clk_sys                                                          | u_ibex_demo_system/u_uart/u_tx_fifo/gen_normal_fifo.u_fifo_cnt/gen_normal_ptrs.wptr_wrap_cnt_q_reg[2]_21[0]                                           |                                                                                                                                                                 |                6 |              8 |         1.33 |
|  clkgen/clk_sys                                                          | u_ibex_demo_system/u_uart/u_tx_fifo/gen_normal_fifo.u_fifo_cnt/gen_normal_ptrs.wptr_wrap_cnt_q_reg[4]_14[0]                                           |                                                                                                                                                                 |                2 |              8 |         4.00 |
|  clkgen/clk_sys                                                          | u_ibex_demo_system/u_uart/u_tx_fifo/gen_normal_fifo.u_fifo_cnt/gen_normal_ptrs.wptr_wrap_cnt_q_reg[4]_13[0]                                           |                                                                                                                                                                 |                3 |              8 |         2.67 |
|  clkgen/clk_sys                                                          | u_ibex_demo_system/u_uart/u_tx_fifo/gen_normal_fifo.u_fifo_cnt/gen_normal_ptrs.wptr_wrap_cnt_q_reg[4]_12[0]                                           |                                                                                                                                                                 |                1 |              8 |         8.00 |
|  clkgen/clk_sys                                                          | u_ibex_demo_system/u_uart/u_tx_fifo/gen_normal_fifo.u_fifo_cnt/gen_normal_ptrs.wptr_wrap_cnt_q_reg[4]_11[0]                                           |                                                                                                                                                                 |                3 |              8 |         2.67 |
|  clkgen/clk_sys                                                          | u_ibex_demo_system/u_uart/u_tx_fifo/gen_normal_fifo.u_fifo_cnt/gen_normal_ptrs.wptr_wrap_cnt_q_reg[4]_10[0]                                           |                                                                                                                                                                 |                3 |              8 |         2.67 |
|  clkgen/clk_sys                                                          | u_ibex_demo_system/u_uart/u_tx_fifo/gen_normal_fifo.u_fifo_cnt/gen_normal_ptrs.wptr_wrap_cnt_q_reg[4]_1[0]                                            |                                                                                                                                                                 |                4 |              8 |         2.00 |
|  clkgen/clk_sys                                                          | u_ibex_demo_system/u_uart/u_tx_fifo/gen_normal_fifo.u_fifo_cnt/gen_normal_ptrs.wptr_wrap_cnt_q_reg[4]_0[0]                                            |                                                                                                                                                                 |                2 |              8 |         4.00 |
|  clkgen/clk_sys                                                          | u_ibex_demo_system/u_uart/u_tx_fifo/gen_normal_fifo.u_fifo_cnt/gen_normal_ptrs.wptr_wrap_cnt_q_reg[3]_7[0]                                            |                                                                                                                                                                 |                2 |              8 |         4.00 |
|  clkgen/clk_sys                                                          | u_ibex_demo_system/u_uart/u_rx_fifo/gen_normal_fifo.u_fifo_cnt/E[0]                                                                                   |                                                                                                                                                                 |                5 |              8 |         1.60 |
|  clkgen/clk_sys                                                          | u_ibex_demo_system/u_uart/u_rx_fifo/gen_normal_fifo.u_fifo_cnt/gen_normal_ptrs.wptr_wrap_cnt_q_reg[0]_6[0]                                            |                                                                                                                                                                 |                4 |              8 |         2.00 |
|  clkgen/clk_sys                                                          | u_ibex_demo_system/u_uart/u_rx_fifo/gen_normal_fifo.u_fifo_cnt/gen_normal_ptrs.wptr_wrap_cnt_q_reg[0]_5[0]                                            |                                                                                                                                                                 |                4 |              8 |         2.00 |
|  clkgen/clk_sys                                                          | u_ibex_demo_system/u_uart/u_rx_fifo/gen_normal_fifo.u_fifo_cnt/gen_normal_ptrs.wptr_wrap_cnt_q_reg[0]_4[0]                                            |                                                                                                                                                                 |                4 |              8 |         2.00 |
|  clkgen/clk_sys                                                          | u_ibex_demo_system/u_uart/u_rx_fifo/gen_normal_fifo.u_fifo_cnt/gen_normal_ptrs.wptr_wrap_cnt_q_reg[0]_3[0]                                            |                                                                                                                                                                 |                4 |              8 |         2.00 |
|  clkgen/clk_sys                                                          | u_ibex_demo_system/u_uart/u_rx_fifo/gen_normal_fifo.u_fifo_cnt/gen_normal_ptrs.wptr_wrap_cnt_q_reg[0]_2[0]                                            |                                                                                                                                                                 |                3 |              8 |         2.67 |
|  clkgen/clk_sys                                                          | u_ibex_demo_system/u_uart/u_rx_fifo/gen_normal_fifo.u_fifo_cnt/gen_normal_ptrs.wptr_wrap_cnt_q_reg[0]_11[0]                                           |                                                                                                                                                                 |                4 |              8 |         2.00 |
|  clkgen/clk_sys                                                          | u_ibex_demo_system/u_uart/u_rx_fifo/gen_normal_fifo.u_fifo_cnt/gen_normal_ptrs.wptr_wrap_cnt_q_reg[0]_10[0]                                           |                                                                                                                                                                 |                3 |              8 |         2.67 |
|  clkgen/clk_sys                                                          | u_ibex_demo_system/u_uart/u_rx_fifo/gen_normal_fifo.u_fifo_cnt/gen_normal_ptrs.wptr_wrap_cnt_q_reg[0]_1[0]                                            |                                                                                                                                                                 |                1 |              8 |         8.00 |
|  clkgen/clk_sys                                                          | u_ibex_demo_system/u_uart/u_rx_fifo/gen_normal_fifo.u_fifo_cnt/gen_normal_ptrs.wptr_wrap_cnt_q_reg[0]_0[0]                                            |                                                                                                                                                                 |                2 |              8 |         4.00 |
|  clkgen/clk_sys                                                          | u_ibex_demo_system/u_uart/u_rx_fifo/gen_normal_fifo.u_fifo_cnt/gen_normal_ptrs.wptr_wrap_cnt_q_reg[0]_7[0]                                            |                                                                                                                                                                 |                3 |              8 |         2.67 |
|  clkgen/clk_sys                                                          | u_ibex_demo_system/u_uart/u_rx_fifo/gen_normal_fifo.u_fifo_cnt/gen_normal_ptrs.wptr_wrap_cnt_q[7]_i_1__0_n_0                                          | clkgen/pll_0                                                                                                                                                    |                5 |              8 |         1.60 |
|  clkgen/clk_sys                                                          | u_ibex_demo_system/u_spi/u_tx_fifo/gen_normal_fifo.u_fifo_cnt/gen_normal_ptrs.rptr_wrap_cnt_q[7]_i_1__0_n_0                                           | clkgen/pll_0                                                                                                                                                    |                3 |              8 |         2.67 |
|  clkgen/clk_sys                                                          | u_ibex_demo_system/u_top/u_ibex_core/ex_block_i/alu_i/sbaddr_q_reg[5]_5[0]                                                                            | clkgen/pll_0                                                                                                                                                    |                1 |              8 |         8.00 |
|  clkgen/clk_sys                                                          | u_ibex_demo_system/u_top/u_ibex_core/ex_block_i/alu_i/sbaddr_q_reg[5]_4[0]                                                                            | clkgen/pll_0                                                                                                                                                    |                3 |              8 |         2.67 |
|  clkgen/clk_sys                                                          | u_ibex_demo_system/u_top/u_ibex_core/ex_block_i/alu_i/sbaddr_q_reg[3]_9[0]                                                                            | clkgen/pll_0                                                                                                                                                    |                2 |              8 |         4.00 |
|  clkgen/clk_sys                                                          | u_ibex_demo_system/u_top/u_ibex_core/ex_block_i/alu_i/sbaddr_q_reg[3]_8[0]                                                                            | clkgen/pll_0                                                                                                                                                    |                2 |              8 |         4.00 |
|  clkgen/clk_sys                                                          | u_ibex_demo_system/u_top/u_ibex_core/ex_block_i/alu_i/sbaddr_q_reg[3]_7[0]                                                                            | clkgen/pll_0                                                                                                                                                    |                2 |              8 |         4.00 |
|  clkgen/clk_sys                                                          | u_ibex_demo_system/u_top/u_ibex_core/ex_block_i/alu_i/sbaddr_q_reg[3]_6[0]                                                                            | clkgen/pll_0                                                                                                                                                    |                3 |              8 |         2.67 |
|  clkgen/clk_sys                                                          | u_ibex_demo_system/u_uart/u_rx_fifo/gen_normal_fifo.u_fifo_cnt/gen_normal_ptrs.wptr_wrap_cnt_q_reg[1]_14[0]                                           |                                                                                                                                                                 |                2 |              8 |         4.00 |
|  clkgen/clk_sys                                                          | u_ibex_demo_system/u_uart/u_rx_fifo/gen_normal_fifo.u_fifo_cnt/gen_normal_ptrs.wptr_wrap_cnt_q_reg[1]_21[0]                                           |                                                                                                                                                                 |                2 |              8 |         4.00 |
|  clkgen/clk_sys                                                          | u_ibex_demo_system/u_uart/u_rx_fifo/gen_normal_fifo.u_fifo_cnt/gen_normal_ptrs.wptr_wrap_cnt_q_reg[1]_20[0]                                           |                                                                                                                                                                 |                3 |              8 |         2.67 |
|  clkgen/clk_sys                                                          | u_ibex_demo_system/u_uart/u_rx_fifo/gen_normal_fifo.u_fifo_cnt/gen_normal_ptrs.wptr_wrap_cnt_q_reg[1]_2[0]                                            |                                                                                                                                                                 |                2 |              8 |         4.00 |
|  clkgen/clk_sys                                                          | u_ibex_demo_system/u_uart/u_rx_fifo/gen_normal_fifo.u_fifo_cnt/gen_normal_ptrs.wptr_wrap_cnt_q_reg[1]_19[0]                                           |                                                                                                                                                                 |                1 |              8 |         8.00 |
|  clkgen/clk_sys                                                          | u_ibex_demo_system/u_uart/u_rx_fifo/gen_normal_fifo.u_fifo_cnt/gen_normal_ptrs.wptr_wrap_cnt_q_reg[1]_18[0]                                           |                                                                                                                                                                 |                3 |              8 |         2.67 |
|  clkgen/clk_sys                                                          | u_ibex_demo_system/u_uart/u_rx_fifo/gen_normal_fifo.u_fifo_cnt/gen_normal_ptrs.wptr_wrap_cnt_q_reg[1]_17[0]                                           |                                                                                                                                                                 |                3 |              8 |         2.67 |
|  clkgen/clk_sys                                                          | u_ibex_demo_system/u_uart/u_rx_fifo/gen_normal_fifo.u_fifo_cnt/gen_normal_ptrs.wptr_wrap_cnt_q_reg[1]_16[0]                                           |                                                                                                                                                                 |                3 |              8 |         2.67 |
|  clkgen/clk_sys                                                          | u_ibex_demo_system/u_uart/u_rx_fifo/gen_normal_fifo.u_fifo_cnt/gen_normal_ptrs.wptr_wrap_cnt_q_reg[1]_15[0]                                           |                                                                                                                                                                 |                3 |              8 |         2.67 |
|  clkgen/clk_sys                                                          | u_ibex_demo_system/u_top/u_ibex_core/ex_block_i/alu_i/sbaddr_q_reg[3]_5[0]                                                                            | clkgen/pll_0                                                                                                                                                    |                2 |              8 |         4.00 |
|  clkgen/clk_sys                                                          | u_ibex_demo_system/u_uart/u_rx_fifo/gen_normal_fifo.u_fifo_cnt/gen_normal_ptrs.wptr_wrap_cnt_q_reg[1]_13[0]                                           |                                                                                                                                                                 |                5 |              8 |         1.60 |
|  clkgen/clk_sys                                                          | u_ibex_demo_system/u_uart/u_rx_fifo/gen_normal_fifo.u_fifo_cnt/gen_normal_ptrs.wptr_wrap_cnt_q_reg[1]_12[0]                                           |                                                                                                                                                                 |                2 |              8 |         4.00 |
|  clkgen/clk_sys                                                          | u_ibex_demo_system/u_uart/u_rx_fifo/gen_normal_fifo.u_fifo_cnt/gen_normal_ptrs.wptr_wrap_cnt_q_reg[1]_11[0]                                           |                                                                                                                                                                 |                2 |              8 |         4.00 |
|  clkgen/clk_sys                                                          | u_ibex_demo_system/u_uart/u_rx_fifo/gen_normal_fifo.u_fifo_cnt/gen_normal_ptrs.wptr_wrap_cnt_q_reg[1]_10[0]                                           |                                                                                                                                                                 |                3 |              8 |         2.67 |
|  clkgen/clk_sys                                                          | u_ibex_demo_system/u_uart/u_rx_fifo/gen_normal_fifo.u_fifo_cnt/gen_normal_ptrs.wptr_wrap_cnt_q_reg[1]_1[0]                                            |                                                                                                                                                                 |                2 |              8 |         4.00 |
|  clkgen/clk_sys                                                          | u_ibex_demo_system/u_uart/u_rx_fifo/gen_normal_fifo.u_fifo_cnt/gen_normal_ptrs.wptr_wrap_cnt_q_reg[1]_0[0]                                            |                                                                                                                                                                 |                2 |              8 |         4.00 |
|  clkgen/clk_sys                                                          | u_ibex_demo_system/u_uart/u_rx_fifo/gen_normal_fifo.u_fifo_cnt/gen_normal_ptrs.wptr_wrap_cnt_q_reg[0]_9[0]                                            |                                                                                                                                                                 |                2 |              8 |         4.00 |
|  clkgen/clk_sys                                                          | u_ibex_demo_system/u_uart/u_rx_fifo/gen_normal_fifo.u_fifo_cnt/gen_normal_ptrs.wptr_wrap_cnt_q_reg[0]_8[0]                                            |                                                                                                                                                                 |                2 |              8 |         4.00 |
|  u_ibex_demo_system/u_top/core_clock_gate_i/gen_xilinx.u_impl_xilinx/clk | u_ibex_demo_system/u_top/u_ibex_core/if_stage_i/g_instr_rdata_nr.instr_rdata_id_o_reg[29]_0[1]                                                        | u_ibex_demo_system/gen_dm_top.u_dm_top/i_dm_csrs/dmcontrol_q_reg[ndmreset]_2                                                                                    |                4 |              8 |         2.00 |
|  clkgen/clk_sys                                                          | u_ibex_demo_system/u_top/u_ibex_core/ex_block_i/alu_i/E[6]                                                                                            | clkgen/pll_0                                                                                                                                                    |                4 |              8 |         2.00 |
|  clkgen/clk_sys                                                          | u_ibex_demo_system/u_top/u_ibex_core/ex_block_i/alu_i/E[5]                                                                                            | clkgen/pll_0                                                                                                                                                    |                4 |              8 |         2.00 |
|  clkgen/clk_sys                                                          | u_ibex_demo_system/u_top/u_ibex_core/ex_block_i/alu_i/E[4]                                                                                            | clkgen/pll_0                                                                                                                                                    |                3 |              8 |         2.67 |
|  clkgen/clk_sys                                                          | u_ibex_demo_system/u_top/u_ibex_core/ex_block_i/alu_i/E[3]                                                                                            | clkgen/pll_0                                                                                                                                                    |                4 |              8 |         2.00 |
|  clkgen/clk_sys                                                          | u_ibex_demo_system/u_top/u_ibex_core/ex_block_i/alu_i/E[2]                                                                                            | clkgen/pll_0                                                                                                                                                    |                3 |              8 |         2.67 |
|  clkgen/clk_sys                                                          | u_ibex_demo_system/u_top/u_ibex_core/ex_block_i/alu_i/E[1]                                                                                            | clkgen/pll_0                                                                                                                                                    |                3 |              8 |         2.67 |
|  clkgen/clk_sys                                                          | u_ibex_demo_system/u_top/u_ibex_core/ex_block_i/alu_i/E[0]                                                                                            | clkgen/pll_0                                                                                                                                                    |                3 |              8 |         2.67 |
|  u_ibex_demo_system/u_top/core_clock_gate_i/gen_xilinx.u_impl_xilinx/clk | u_ibex_demo_system/u_top/u_ibex_core/if_stage_i/g_instr_rdata_nr.instr_rdata_id_o_reg[28]_1[1]                                                        | u_ibex_demo_system/gen_dm_top.u_dm_top/i_dm_csrs/dmcontrol_q_reg[ndmreset]_2                                                                                    |                2 |              8 |         4.00 |
|  u_ibex_demo_system/u_top/core_clock_gate_i/gen_xilinx.u_impl_xilinx/clk | u_ibex_demo_system/u_top/u_ibex_core/if_stage_i/g_instr_rdata_nr.instr_rdata_id_o_reg[28]_2[1]                                                        | u_ibex_demo_system/gen_dm_top.u_dm_top/i_dm_csrs/dmcontrol_q_reg[ndmreset]_2                                                                                    |                3 |              8 |         2.67 |
|  clkgen/clk_sys                                                          | u_ibex_demo_system/u_top/u_ibex_core/ex_block_i/alu_i/E[7]                                                                                            | clkgen/pll_0                                                                                                                                                    |                3 |              8 |         2.67 |
|  u_ibex_demo_system/u_top/core_clock_gate_i/gen_xilinx.u_impl_xilinx/clk | u_ibex_demo_system/u_top/u_ibex_core/if_stage_i/g_instr_rdata_nr.instr_rdata_id_o_reg[29]_10[1]                                                       | u_ibex_demo_system/gen_dm_top.u_dm_top/i_dm_csrs/dmcontrol_q_reg[ndmreset]_2                                                                                    |                1 |              8 |         8.00 |
|  u_ibex_demo_system/u_top/core_clock_gate_i/gen_xilinx.u_impl_xilinx/clk | u_ibex_demo_system/u_top/u_ibex_core/if_stage_i/g_instr_rdata_nr.instr_rdata_id_o_reg[29]_11[1]                                                       | u_ibex_demo_system/gen_dm_top.u_dm_top/i_dm_csrs/dmcontrol_q_reg[ndmreset]_2                                                                                    |                2 |              8 |         4.00 |
|  u_ibex_demo_system/u_top/core_clock_gate_i/gen_xilinx.u_impl_xilinx/clk | u_ibex_demo_system/u_top/u_ibex_core/if_stage_i/g_instr_rdata_nr.instr_rdata_id_o_reg[29]_5[1]                                                        | u_ibex_demo_system/gen_dm_top.u_dm_top/i_dm_csrs/dmcontrol_q_reg[ndmreset]_2                                                                                    |                1 |              8 |         8.00 |
|  u_ibex_demo_system/u_top/core_clock_gate_i/gen_xilinx.u_impl_xilinx/clk | u_ibex_demo_system/u_top/u_ibex_core/if_stage_i/g_instr_rdata_nr.instr_rdata_id_o_reg[29]_6[1]                                                        | u_ibex_demo_system/gen_dm_top.u_dm_top/i_dm_csrs/dmcontrol_q_reg[ndmreset]_2                                                                                    |                2 |              8 |         4.00 |
|  u_ibex_demo_system/u_top/core_clock_gate_i/gen_xilinx.u_impl_xilinx/clk | u_ibex_demo_system/u_top/u_ibex_core/if_stage_i/g_instr_rdata_nr.instr_rdata_id_o_reg[29]_7[1]                                                        | u_ibex_demo_system/gen_dm_top.u_dm_top/i_dm_csrs/dmcontrol_q_reg[ndmreset]_2                                                                                    |                3 |              8 |         2.67 |
|  u_ibex_demo_system/u_top/core_clock_gate_i/gen_xilinx.u_impl_xilinx/clk | u_ibex_demo_system/u_top/u_ibex_core/if_stage_i/g_instr_rdata_nr.instr_rdata_id_o_reg[29]_8[1]                                                        | u_ibex_demo_system/gen_dm_top.u_dm_top/i_dm_csrs/dmcontrol_q_reg[ndmreset]_2                                                                                    |                2 |              8 |         4.00 |
|  u_ibex_demo_system/u_top/core_clock_gate_i/gen_xilinx.u_impl_xilinx/clk | u_ibex_demo_system/u_top/u_ibex_core/if_stage_i/g_instr_rdata_nr.instr_rdata_id_o_reg[29]_9[1]                                                        | u_ibex_demo_system/gen_dm_top.u_dm_top/i_dm_csrs/dmcontrol_q_reg[ndmreset]_2                                                                                    |                1 |              8 |         8.00 |
|  gen_dm_top.u_dm_top/dap/tck                                             |                                                                                                                                                       |                                                                                                                                                                 |                4 |              8 |         2.00 |
|  clkgen/clk_sys                                                          | u_ibex_demo_system/u_top/u_ibex_core/ex_block_i/alu_i/sbaddr_q_reg[3]_1[2]                                                                            | clkgen/pll_0                                                                                                                                                    |                3 |              8 |         2.67 |
|  clkgen/clk_sys                                                          | u_ibex_demo_system/u_top/u_ibex_core/ex_block_i/alu_i/sbaddr_q_reg[3]_4[0]                                                                            | clkgen/pll_0                                                                                                                                                    |                2 |              8 |         4.00 |
|  clkgen/clk_sys                                                          | u_ibex_demo_system/u_top/u_ibex_core/ex_block_i/alu_i/sbaddr_q_reg[3]_11[0]                                                                           | clkgen/pll_0                                                                                                                                                    |                2 |              8 |         4.00 |
|  clkgen/clk_sys                                                          | u_ibex_demo_system/u_top/u_ibex_core/ex_block_i/alu_i/sbaddr_q_reg[3]_10[0]                                                                           | clkgen/pll_0                                                                                                                                                    |                3 |              8 |         2.67 |
|  clkgen/clk_sys                                                          | u_ibex_demo_system/u_top/u_ibex_core/ex_block_i/alu_i/sbaddr_q_reg[3]_1[7]                                                                            | clkgen/pll_0                                                                                                                                                    |                1 |              8 |         8.00 |
|  clkgen/clk_sys                                                          | u_ibex_demo_system/u_top/u_ibex_core/ex_block_i/alu_i/sbaddr_q_reg[3]_1[6]                                                                            | clkgen/pll_0                                                                                                                                                    |                3 |              8 |         2.67 |
|  clkgen/clk_sys                                                          | u_ibex_demo_system/u_top/u_ibex_core/ex_block_i/alu_i/sbaddr_q_reg[3]_1[5]                                                                            | clkgen/pll_0                                                                                                                                                    |                2 |              8 |         4.00 |
|  clkgen/clk_sys                                                          | u_ibex_demo_system/u_top/u_ibex_core/ex_block_i/alu_i/sbaddr_q_reg[3]_1[4]                                                                            | clkgen/pll_0                                                                                                                                                    |                2 |              8 |         4.00 |
|  clkgen/clk_sys                                                          | u_ibex_demo_system/u_top/u_ibex_core/ex_block_i/alu_i/sbaddr_q_reg[3]_1[3]                                                                            | clkgen/pll_0                                                                                                                                                    |                2 |              8 |         4.00 |
|  clkgen/clk_sys                                                          | u_ibex_demo_system/u_uart/u_rx_fifo/gen_normal_fifo.u_fifo_cnt/gen_normal_ptrs.wptr_wrap_cnt_q_reg[5]_11[0]                                           |                                                                                                                                                                 |                3 |              8 |         2.67 |
|  clkgen/clk_sys                                                          | u_ibex_demo_system/u_top/u_ibex_core/ex_block_i/alu_i/sbaddr_q_reg[3]_1[1]                                                                            | clkgen/pll_0                                                                                                                                                    |                4 |              8 |         2.00 |
|  clkgen/clk_sys                                                          | u_ibex_demo_system/u_top/u_ibex_core/ex_block_i/alu_i/sbaddr_q_reg[3]_1[0]                                                                            | clkgen/pll_0                                                                                                                                                    |                3 |              8 |         2.67 |
|  clkgen/clk_sys                                                          | u_ibex_demo_system/u_top/u_ibex_core/ex_block_i/alu_i/sbaddr_q_reg[2]_2[0]                                                                            | clkgen/pll_0                                                                                                                                                    |                2 |              8 |         4.00 |
|  clkgen/clk_sys                                                          | u_ibex_demo_system/u_top/u_ibex_core/ex_block_i/alu_i/sbaddr_q_reg[2]_1[0]                                                                            | clkgen/pll_0                                                                                                                                                    |                2 |              8 |         4.00 |
|  clkgen/clk_sys                                                          | u_ibex_demo_system/u_uart/tx_current_byte_q[0]                                                                                                        | clkgen/pll_0                                                                                                                                                    |                3 |              8 |         2.67 |
|  u_ibex_demo_system/u_top/core_clock_gate_i/gen_xilinx.u_impl_xilinx/clk | u_ibex_demo_system/u_top/u_ibex_core/id_stage_i/controller_i/div_en_ex                                                                                | u_ibex_demo_system/gen_dm_top.u_dm_top/i_dm_csrs/dmcontrol_q_reg[ndmreset]_2                                                                                    |                5 |              8 |         1.60 |
|  clkgen/clk_sys                                                          | u_ibex_demo_system/u_top/u_ibex_core/ex_block_i/alu_i/gen_normal_ptrs.wptr_wrap_cnt_q[7]_i_3__0_0[0]                                                  | clkgen/pll_0                                                                                                                                                    |                4 |              8 |         2.00 |
|  clkgen/clk_sys                                                          | u_ibex_demo_system/u_top/u_ibex_core/ex_block_i/alu_i/gen_normal_fifo.under_rst_reg_0[0]                                                              | clkgen/pll_0                                                                                                                                                    |                4 |              8 |         2.00 |
|  clkgen/clk_sys                                                          | u_ibex_demo_system/u_uart/u_rx_fifo/gen_normal_fifo.u_fifo_cnt/gen_normal_ptrs.wptr_wrap_cnt_q_reg[3]_8[0]                                            |                                                                                                                                                                 |                2 |              8 |         4.00 |
|  clkgen/clk_sys                                                          | u_ibex_demo_system/u_uart/u_rx_fifo/gen_normal_fifo.u_fifo_cnt/gen_normal_ptrs.wptr_wrap_cnt_q_reg[4]_15[0]                                           |                                                                                                                                                                 |                3 |              8 |         2.67 |
|  clkgen/clk_sys                                                          | u_ibex_demo_system/u_uart/u_rx_fifo/gen_normal_fifo.u_fifo_cnt/gen_normal_ptrs.wptr_wrap_cnt_q_reg[4]_14[0]                                           |                                                                                                                                                                 |                2 |              8 |         4.00 |
|  clkgen/clk_sys                                                          | u_ibex_demo_system/u_uart/u_rx_fifo/gen_normal_fifo.u_fifo_cnt/gen_normal_ptrs.wptr_wrap_cnt_q_reg[4]_13[0]                                           |                                                                                                                                                                 |                2 |              8 |         4.00 |
|  clkgen/clk_sys                                                          | u_ibex_demo_system/u_uart/u_rx_fifo/gen_normal_fifo.u_fifo_cnt/gen_normal_ptrs.wptr_wrap_cnt_q_reg[4]_12[0]                                           |                                                                                                                                                                 |                2 |              8 |         4.00 |
|  clkgen/clk_sys                                                          | u_ibex_demo_system/u_uart/u_rx_fifo/gen_normal_fifo.u_fifo_cnt/gen_normal_ptrs.wptr_wrap_cnt_q_reg[4]_11[0]                                           |                                                                                                                                                                 |                2 |              8 |         4.00 |
|  clkgen/clk_sys                                                          | u_ibex_demo_system/u_uart/u_rx_fifo/gen_normal_fifo.u_fifo_cnt/gen_normal_ptrs.wptr_wrap_cnt_q_reg[4]_10[0]                                           |                                                                                                                                                                 |                4 |              8 |         2.00 |
|  clkgen/clk_sys                                                          | u_ibex_demo_system/u_uart/u_rx_fifo/gen_normal_fifo.u_fifo_cnt/gen_normal_ptrs.wptr_wrap_cnt_q_reg[4]_1[0]                                            |                                                                                                                                                                 |                5 |              8 |         1.60 |
|  clkgen/clk_sys                                                          | u_ibex_demo_system/u_uart/u_rx_fifo/gen_normal_fifo.u_fifo_cnt/gen_normal_ptrs.wptr_wrap_cnt_q_reg[4]_0[0]                                            |                                                                                                                                                                 |                2 |              8 |         4.00 |
|  clkgen/clk_sys                                                          | u_ibex_demo_system/u_uart/u_rx_fifo/gen_normal_fifo.u_fifo_cnt/gen_normal_ptrs.wptr_wrap_cnt_q_reg[3]_9[0]                                            |                                                                                                                                                                 |                1 |              8 |         8.00 |
|  clkgen/clk_sys                                                          | u_ibex_demo_system/u_uart/u_rx_fifo/gen_normal_fifo.u_fifo_cnt/gen_normal_ptrs.wptr_wrap_cnt_q_reg[4]_16[0]                                           |                                                                                                                                                                 |                5 |              8 |         1.60 |
|  clkgen/clk_sys                                                          | u_ibex_demo_system/u_uart/u_rx_fifo/gen_normal_fifo.u_fifo_cnt/gen_normal_ptrs.wptr_wrap_cnt_q_reg[3]_7[0]                                            |                                                                                                                                                                 |                3 |              8 |         2.67 |
|  clkgen/clk_sys                                                          | u_ibex_demo_system/u_uart/u_rx_fifo/gen_normal_fifo.u_fifo_cnt/gen_normal_ptrs.wptr_wrap_cnt_q_reg[3]_6[0]                                            |                                                                                                                                                                 |                3 |              8 |         2.67 |
|  clkgen/clk_sys                                                          | u_ibex_demo_system/u_uart/u_rx_fifo/gen_normal_fifo.u_fifo_cnt/gen_normal_ptrs.wptr_wrap_cnt_q_reg[3]_5[0]                                            |                                                                                                                                                                 |                2 |              8 |         4.00 |
|  clkgen/clk_sys                                                          | u_ibex_demo_system/u_uart/u_rx_fifo/gen_normal_fifo.u_fifo_cnt/gen_normal_ptrs.wptr_wrap_cnt_q_reg[3]_4[0]                                            |                                                                                                                                                                 |                3 |              8 |         2.67 |
|  clkgen/clk_sys                                                          | u_ibex_demo_system/u_uart/u_rx_fifo/gen_normal_fifo.u_fifo_cnt/gen_normal_ptrs.wptr_wrap_cnt_q_reg[3]_3[0]                                            |                                                                                                                                                                 |                2 |              8 |         4.00 |
|  clkgen/clk_sys                                                          | u_ibex_demo_system/u_uart/u_rx_fifo/gen_normal_fifo.u_fifo_cnt/gen_normal_ptrs.wptr_wrap_cnt_q_reg[3]_2[0]                                            |                                                                                                                                                                 |                2 |              8 |         4.00 |
|  clkgen/clk_sys                                                          | u_ibex_demo_system/u_uart/u_rx_fifo/gen_normal_fifo.u_fifo_cnt/gen_normal_ptrs.wptr_wrap_cnt_q_reg[3]_11[0]                                           |                                                                                                                                                                 |                4 |              8 |         2.00 |
|  clkgen/clk_sys                                                          | u_ibex_demo_system/u_uart/u_rx_fifo/gen_normal_fifo.u_fifo_cnt/gen_normal_ptrs.wptr_wrap_cnt_q_reg[3]_10[0]                                           |                                                                                                                                                                 |                4 |              8 |         2.00 |
|  clkgen/clk_sys                                                          | u_ibex_demo_system/u_uart/u_rx_fifo/gen_normal_fifo.u_fifo_cnt/gen_normal_ptrs.wptr_wrap_cnt_q_reg[4]_5[0]                                            |                                                                                                                                                                 |                3 |              8 |         2.67 |
|  clkgen/clk_sys                                                          | u_ibex_demo_system/u_uart/u_rx_fifo/gen_normal_fifo.u_fifo_cnt/gen_normal_ptrs.wptr_wrap_cnt_q_reg[5]_12[0]                                           |                                                                                                                                                                 |                2 |              8 |         4.00 |
|  clkgen/clk_sys                                                          | u_ibex_demo_system/u_uart/u_rx_fifo/gen_normal_fifo.u_fifo_cnt/gen_normal_ptrs.wptr_wrap_cnt_q_reg[5]_10[0]                                           |                                                                                                                                                                 |                4 |              8 |         2.00 |
|  clkgen/clk_sys                                                          | u_ibex_demo_system/u_uart/u_rx_fifo/gen_normal_fifo.u_fifo_cnt/gen_normal_ptrs.wptr_wrap_cnt_q_reg[5]_1[0]                                            |                                                                                                                                                                 |                3 |              8 |         2.67 |
|  clkgen/clk_sys                                                          | u_ibex_demo_system/u_uart/u_rx_fifo/gen_normal_fifo.u_fifo_cnt/gen_normal_ptrs.wptr_wrap_cnt_q_reg[5]_0[0]                                            |                                                                                                                                                                 |                2 |              8 |         4.00 |
|  clkgen/clk_sys                                                          | u_ibex_demo_system/u_uart/u_rx_fifo/gen_normal_fifo.u_fifo_cnt/gen_normal_ptrs.wptr_wrap_cnt_q_reg[4]_9[0]                                            |                                                                                                                                                                 |                3 |              8 |         2.67 |
|  clkgen/clk_sys                                                          | u_ibex_demo_system/u_uart/u_rx_fifo/gen_normal_fifo.u_fifo_cnt/gen_normal_ptrs.wptr_wrap_cnt_q_reg[4]_8[0]                                            |                                                                                                                                                                 |                2 |              8 |         4.00 |
|  clkgen/clk_sys                                                          | u_ibex_demo_system/u_uart/u_rx_fifo/gen_normal_fifo.u_fifo_cnt/gen_normal_ptrs.wptr_wrap_cnt_q_reg[4]_7[0]                                            |                                                                                                                                                                 |                4 |              8 |         2.00 |
|  clkgen/clk_sys                                                          | u_ibex_demo_system/u_uart/u_rx_fifo/gen_normal_fifo.u_fifo_cnt/gen_normal_ptrs.wptr_wrap_cnt_q_reg[4]_6[0]                                            |                                                                                                                                                                 |                3 |              8 |         2.67 |
|  clkgen/clk_sys                                                          | u_ibex_demo_system/u_uart/u_rx_fifo/gen_normal_fifo.u_fifo_cnt/gen_normal_ptrs.wptr_wrap_cnt_q_reg[1]_3[0]                                            |                                                                                                                                                                 |                2 |              8 |         4.00 |
|  clkgen/clk_sys                                                          | u_ibex_demo_system/u_uart/u_rx_fifo/gen_normal_fifo.u_fifo_cnt/gen_normal_ptrs.wptr_wrap_cnt_q_reg[4]_4[0]                                            |                                                                                                                                                                 |                2 |              8 |         4.00 |
|  clkgen/clk_sys                                                          | u_ibex_demo_system/u_uart/u_rx_fifo/gen_normal_fifo.u_fifo_cnt/gen_normal_ptrs.wptr_wrap_cnt_q_reg[4]_3[0]                                            |                                                                                                                                                                 |                3 |              8 |         2.67 |
|  clkgen/clk_sys                                                          | u_ibex_demo_system/u_uart/u_rx_fifo/gen_normal_fifo.u_fifo_cnt/gen_normal_ptrs.wptr_wrap_cnt_q_reg[4]_21[0]                                           |                                                                                                                                                                 |                2 |              8 |         4.00 |
|  clkgen/clk_sys                                                          | u_ibex_demo_system/u_uart/u_rx_fifo/gen_normal_fifo.u_fifo_cnt/gen_normal_ptrs.wptr_wrap_cnt_q_reg[4]_20[0]                                           |                                                                                                                                                                 |                2 |              8 |         4.00 |
|  clkgen/clk_sys                                                          | u_ibex_demo_system/u_uart/u_rx_fifo/gen_normal_fifo.u_fifo_cnt/gen_normal_ptrs.wptr_wrap_cnt_q_reg[4]_2[0]                                            |                                                                                                                                                                 |                3 |              8 |         2.67 |
|  clkgen/clk_sys                                                          | u_ibex_demo_system/u_uart/u_rx_fifo/gen_normal_fifo.u_fifo_cnt/gen_normal_ptrs.wptr_wrap_cnt_q_reg[4]_19[0]                                           |                                                                                                                                                                 |                3 |              8 |         2.67 |
|  clkgen/clk_sys                                                          | u_ibex_demo_system/u_uart/u_rx_fifo/gen_normal_fifo.u_fifo_cnt/gen_normal_ptrs.wptr_wrap_cnt_q_reg[4]_18[0]                                           |                                                                                                                                                                 |                1 |              8 |         8.00 |
|  clkgen/clk_sys                                                          | u_ibex_demo_system/u_uart/u_rx_fifo/gen_normal_fifo.u_fifo_cnt/gen_normal_ptrs.wptr_wrap_cnt_q_reg[4]_17[0]                                           |                                                                                                                                                                 |                2 |              8 |         4.00 |
|  clkgen/clk_sys                                                          | u_ibex_demo_system/u_uart/u_rx_fifo/gen_normal_fifo.u_fifo_cnt/gen_normal_ptrs.wptr_wrap_cnt_q_reg[2]_1[0]                                            |                                                                                                                                                                 |                3 |              8 |         2.67 |
|  clkgen/clk_sys                                                          | u_ibex_demo_system/u_uart/u_rx_fifo/gen_normal_fifo.u_fifo_cnt/gen_normal_ptrs.wptr_wrap_cnt_q_reg[2]_18[0]                                           |                                                                                                                                                                 |                3 |              8 |         2.67 |
|  clkgen/clk_sys                                                          | u_ibex_demo_system/u_uart/u_rx_fifo/gen_normal_fifo.u_fifo_cnt/gen_normal_ptrs.wptr_wrap_cnt_q_reg[2]_17[0]                                           |                                                                                                                                                                 |                4 |              8 |         2.00 |
|  clkgen/clk_sys                                                          | u_ibex_demo_system/u_uart/u_rx_fifo/gen_normal_fifo.u_fifo_cnt/gen_normal_ptrs.wptr_wrap_cnt_q_reg[2]_16[0]                                           |                                                                                                                                                                 |                4 |              8 |         2.00 |
|  clkgen/clk_sys                                                          | u_ibex_demo_system/u_uart/u_rx_fifo/gen_normal_fifo.u_fifo_cnt/gen_normal_ptrs.wptr_wrap_cnt_q_reg[2]_15[0]                                           |                                                                                                                                                                 |                3 |              8 |         2.67 |
|  clkgen/clk_sys                                                          | u_ibex_demo_system/u_uart/u_rx_fifo/gen_normal_fifo.u_fifo_cnt/gen_normal_ptrs.wptr_wrap_cnt_q_reg[2]_14[0]                                           |                                                                                                                                                                 |                2 |              8 |         4.00 |
|  clkgen/clk_sys                                                          | u_ibex_demo_system/u_uart/u_rx_fifo/gen_normal_fifo.u_fifo_cnt/gen_normal_ptrs.wptr_wrap_cnt_q_reg[2]_13[0]                                           |                                                                                                                                                                 |                3 |              8 |         2.67 |
|  clkgen/clk_sys                                                          | u_ibex_demo_system/u_uart/u_rx_fifo/gen_normal_fifo.u_fifo_cnt/gen_normal_ptrs.wptr_wrap_cnt_q_reg[2]_12[0]                                           |                                                                                                                                                                 |                4 |              8 |         2.00 |
|  clkgen/clk_sys                                                          | u_ibex_demo_system/u_uart/u_rx_fifo/gen_normal_fifo.u_fifo_cnt/gen_normal_ptrs.wptr_wrap_cnt_q_reg[2]_11[0]                                           |                                                                                                                                                                 |                2 |              8 |         4.00 |
|  clkgen/clk_sys                                                          | u_ibex_demo_system/u_uart/u_rx_fifo/gen_normal_fifo.u_fifo_cnt/gen_normal_ptrs.wptr_wrap_cnt_q_reg[2]_10[0]                                           |                                                                                                                                                                 |                1 |              8 |         8.00 |
|  clkgen/clk_sys                                                          | u_ibex_demo_system/u_uart/u_rx_fifo/gen_normal_fifo.u_fifo_cnt/gen_normal_ptrs.wptr_wrap_cnt_q_reg[3]_0[0]                                            |                                                                                                                                                                 |                4 |              8 |         2.00 |
|  clkgen/clk_sys                                                          | u_ibex_demo_system/u_uart/u_rx_fifo/gen_normal_fifo.u_fifo_cnt/gen_normal_ptrs.wptr_wrap_cnt_q_reg[2]_0[0]                                            |                                                                                                                                                                 |                2 |              8 |         4.00 |
|  clkgen/clk_sys                                                          | u_ibex_demo_system/u_uart/u_rx_fifo/gen_normal_fifo.u_fifo_cnt/gen_normal_ptrs.wptr_wrap_cnt_q_reg[1]_9[0]                                            |                                                                                                                                                                 |                2 |              8 |         4.00 |
|  clkgen/clk_sys                                                          | u_ibex_demo_system/u_uart/u_rx_fifo/gen_normal_fifo.u_fifo_cnt/gen_normal_ptrs.wptr_wrap_cnt_q_reg[1]_8[0]                                            |                                                                                                                                                                 |                2 |              8 |         4.00 |
|  clkgen/clk_sys                                                          | u_ibex_demo_system/u_uart/u_rx_fifo/gen_normal_fifo.u_fifo_cnt/gen_normal_ptrs.wptr_wrap_cnt_q_reg[1]_7[0]                                            |                                                                                                                                                                 |                4 |              8 |         2.00 |
|  clkgen/clk_sys                                                          | u_ibex_demo_system/u_uart/u_rx_fifo/gen_normal_fifo.u_fifo_cnt/gen_normal_ptrs.wptr_wrap_cnt_q_reg[1]_6[0]                                            |                                                                                                                                                                 |                1 |              8 |         8.00 |
|  clkgen/clk_sys                                                          | u_ibex_demo_system/u_uart/u_rx_fifo/gen_normal_fifo.u_fifo_cnt/gen_normal_ptrs.wptr_wrap_cnt_q_reg[1]_5[0]                                            |                                                                                                                                                                 |                3 |              8 |         2.67 |
|  clkgen/clk_sys                                                          | u_ibex_demo_system/u_uart/u_rx_fifo/gen_normal_fifo.u_fifo_cnt/gen_normal_ptrs.wptr_wrap_cnt_q_reg[1]_4[0]                                            |                                                                                                                                                                 |                2 |              8 |         4.00 |
|  clkgen/clk_sys                                                          | u_ibex_demo_system/u_uart/u_rx_fifo/gen_normal_fifo.u_fifo_cnt/gen_normal_ptrs.wptr_wrap_cnt_q_reg[1]_22[0]                                           |                                                                                                                                                                 |                4 |              8 |         2.00 |
|  clkgen/clk_sys                                                          | u_ibex_demo_system/u_uart/u_rx_fifo/gen_normal_fifo.u_fifo_cnt/gen_normal_ptrs.wptr_wrap_cnt_q_reg[2]_2[0]                                            |                                                                                                                                                                 |                2 |              8 |         4.00 |
|  clkgen/clk_sys                                                          | u_ibex_demo_system/u_uart/u_rx_fifo/gen_normal_fifo.u_fifo_cnt/gen_normal_ptrs.wptr_wrap_cnt_q_reg[3]_1[0]                                            |                                                                                                                                                                 |                1 |              8 |         8.00 |
|  clkgen/clk_sys                                                          | u_ibex_demo_system/u_uart/u_rx_fifo/gen_normal_fifo.u_fifo_cnt/gen_normal_ptrs.wptr_wrap_cnt_q_reg[2]_9[0]                                            |                                                                                                                                                                 |                2 |              8 |         4.00 |
|  clkgen/clk_sys                                                          | u_ibex_demo_system/u_uart/u_rx_fifo/gen_normal_fifo.u_fifo_cnt/gen_normal_ptrs.wptr_wrap_cnt_q_reg[2]_8[0]                                            |                                                                                                                                                                 |                3 |              8 |         2.67 |
|  clkgen/clk_sys                                                          | u_ibex_demo_system/u_uart/u_rx_fifo/gen_normal_fifo.u_fifo_cnt/gen_normal_ptrs.wptr_wrap_cnt_q_reg[2]_7[0]                                            |                                                                                                                                                                 |                3 |              8 |         2.67 |
|  clkgen/clk_sys                                                          | u_ibex_demo_system/u_uart/u_rx_fifo/gen_normal_fifo.u_fifo_cnt/gen_normal_ptrs.wptr_wrap_cnt_q_reg[2]_6[0]                                            |                                                                                                                                                                 |                4 |              8 |         2.00 |
|  clkgen/clk_sys                                                          | u_ibex_demo_system/u_uart/u_rx_fifo/gen_normal_fifo.u_fifo_cnt/gen_normal_ptrs.wptr_wrap_cnt_q_reg[2]_5[0]                                            |                                                                                                                                                                 |                3 |              8 |         2.67 |
|  clkgen/clk_sys                                                          | u_ibex_demo_system/u_uart/u_rx_fifo/gen_normal_fifo.u_fifo_cnt/gen_normal_ptrs.wptr_wrap_cnt_q_reg[2]_4[0]                                            |                                                                                                                                                                 |                3 |              8 |         2.67 |
|  clkgen/clk_sys                                                          | u_ibex_demo_system/u_uart/u_rx_fifo/gen_normal_fifo.u_fifo_cnt/gen_normal_ptrs.wptr_wrap_cnt_q_reg[2]_3[0]                                            |                                                                                                                                                                 |                2 |              8 |         4.00 |
|  clkgen/clk_sys                                                          | u_ibex_demo_system/u_uart/u_rx_fifo/gen_normal_fifo.u_fifo_cnt/gen_normal_ptrs.wptr_wrap_cnt_q_reg[2]_27[0]                                           |                                                                                                                                                                 |                5 |              8 |         1.60 |
|  clkgen/clk_sys                                                          | u_ibex_demo_system/u_uart/u_rx_fifo/gen_normal_fifo.u_fifo_cnt/gen_normal_ptrs.wptr_wrap_cnt_q_reg[2]_26[0]                                           |                                                                                                                                                                 |                2 |              8 |         4.00 |
|  clkgen/clk_sys                                                          | u_ibex_demo_system/u_uart/u_rx_fifo/gen_normal_fifo.u_fifo_cnt/gen_normal_ptrs.wptr_wrap_cnt_q_reg[2]_25[0]                                           |                                                                                                                                                                 |                3 |              8 |         2.67 |
|  clkgen/clk_sys                                                          | u_ibex_demo_system/u_uart/u_rx_fifo/gen_normal_fifo.u_fifo_cnt/gen_normal_ptrs.wptr_wrap_cnt_q_reg[2]_24[0]                                           |                                                                                                                                                                 |                2 |              8 |         4.00 |
|  clkgen/clk_sys                                                          | u_ibex_demo_system/u_uart/u_rx_fifo/gen_normal_fifo.u_fifo_cnt/gen_normal_ptrs.wptr_wrap_cnt_q_reg[2]_23[0]                                           |                                                                                                                                                                 |                4 |              8 |         2.00 |
|  clkgen/clk_sys                                                          | u_ibex_demo_system/u_uart/u_rx_fifo/gen_normal_fifo.u_fifo_cnt/gen_normal_ptrs.wptr_wrap_cnt_q_reg[2]_22[0]                                           |                                                                                                                                                                 |                2 |              8 |         4.00 |
|  clkgen/clk_sys                                                          | u_ibex_demo_system/u_uart/u_rx_fifo/gen_normal_fifo.u_fifo_cnt/gen_normal_ptrs.wptr_wrap_cnt_q_reg[2]_21[0]                                           |                                                                                                                                                                 |                4 |              8 |         2.00 |
|  clkgen/clk_sys                                                          | u_ibex_demo_system/u_uart/u_rx_fifo/gen_normal_fifo.u_fifo_cnt/gen_normal_ptrs.wptr_wrap_cnt_q_reg[2]_20[0]                                           |                                                                                                                                                                 |                3 |              8 |         2.67 |
|  clkgen/clk_sys                                                          | u_ibex_demo_system/u_uart/u_rx_fifo/gen_normal_fifo.u_fifo_cnt/gen_normal_ptrs.wptr_wrap_cnt_q_reg[2]_19[0]                                           |                                                                                                                                                                 |                4 |              8 |         2.00 |
|  u_ibex_demo_system/u_top/core_clock_gate_i/gen_xilinx.u_impl_xilinx/clk | u_ibex_demo_system/u_top/u_ibex_core/if_stage_i/g_instr_rdata_nr.instr_rdata_id_o_reg[27]_7[0]                                                        | u_ibex_demo_system/gen_dm_top.u_dm_top/i_dm_csrs/dmcontrol_q_reg[ndmreset]_2                                                                                    |                5 |              9 |         1.80 |
|  clkgen/clk_sys                                                          |                                                                                                                                                       | u_ibex_demo_system/gen_dm_top.u_dm_top/dap/i_dmi_cdc/u_combined_rstn_sync/u_sync_2/q_o_reg[0]                                                                   |                4 |              9 |         2.25 |
|  clkgen/clk_sys                                                          | u_ibex_demo_system/gen_dm_top.u_dm_top/i_dm_csrs/i_fifo/gen_normal_fifo.u_fifo_cnt/E[0]                                                               |                                                                                                                                                                 |                3 |             10 |         3.33 |
|  clkgen/clk_sys                                                          | u_ibex_demo_system/gen_dm_top.u_dm_top/i_dm_csrs/i_fifo/gen_normal_fifo.u_fifo_cnt/gen_normal_fifo.storage[0]                                         |                                                                                                                                                                 |                2 |             10 |         5.00 |
|  clkgen/clk_sys                                                          | u_ibex_demo_system/gen_dm_top.u_dm_top/dap/i_dmi_cdc/i_cdc_req/E[0]                                                                                   | clkgen/pll_0                                                                                                                                                    |                3 |             10 |         3.33 |
|  u_ibex_demo_system/u_top/core_clock_gate_i/gen_xilinx.u_impl_xilinx/clk | u_ibex_demo_system/u_top/u_ibex_core/if_stage_i/g_instr_rdata_nr.instr_rdata_id_o_reg[30]_2[0]                                                        | u_ibex_demo_system/gen_dm_top.u_dm_top/i_dm_csrs/dmcontrol_q_reg[ndmreset]_2                                                                                    |               10 |             12 |         1.20 |
|  clkgen/clk_sys                                                          | u_ibex_demo_system/u_uart/u_tx_fifo/gen_normal_fifo.u_fifo_cnt/gen_normal_ptrs.rptr_wrap_cnt_q[7]_i_1_n_0                                             | clkgen/pll_0                                                                                                                                                    |                4 |             12 |         3.00 |
|  clkgen/clk_sys                                                          | u_ibex_demo_system/gen_dm_top.u_dm_top/dap/i_dmi_cdc/i_cdc_req/dmcontrol_q_reg[dmactive]_rep                                                          | clkgen/pll_0                                                                                                                                                    |                4 |             12 |         3.00 |
|  clkgen/clk_sys                                                          | u_ibex_demo_system/u_top/u_ibex_core/ex_block_i/alu_i/gen_normal_fifo.under_rst_reg                                                                   | clkgen/pll_0                                                                                                                                                    |                5 |             13 |         2.60 |
|  clkgen/clk_sys                                                          | u_ibex_demo_system/u_top/u_ibex_core/ex_block_i/alu_i/sbaddr_q_reg[1]_1[1]                                                                            | clkgen/pll_0                                                                                                                                                    |                5 |             16 |         3.20 |
|  clkgen/clk_sys                                                          | u_ibex_demo_system/u_top/u_ibex_core/ex_block_i/alu_i/sbaddr_q_reg[1]_1[0]                                                                            | clkgen/pll_0                                                                                                                                                    |                5 |             16 |         3.20 |
|  u_ibex_demo_system/u_top/core_clock_gate_i/gen_xilinx.u_impl_xilinx/clk | u_ibex_demo_system/u_top/u_ibex_core/if_stage_i/g_instr_rdata_nr.instr_rdata_id_o_reg[20]_3[0]                                                        | u_ibex_demo_system/gen_dm_top.u_dm_top/i_dm_csrs/dmcontrol_q_reg[ndmreset]_2                                                                                    |                8 |             18 |         2.25 |
|  clkgen/clk_sys                                                          | u_ibex_demo_system/gen_dm_top.u_dm_top/dap/i_dmi_cdc/i_cdc_req/data_q_reg[34]_0[0]                                                                    | clkgen/pll_0                                                                                                                                                    |               10 |             22 |         2.20 |
|  clkgen/clk_sys                                                          | u_ibex_demo_system/gen_dm_top.u_dm_top/i_dm_csrs/i_fifo/gen_normal_fifo.u_fifo_cnt/E[0]                                                               | u_ibex_demo_system/gen_dm_top.u_dm_top/i_dm_csrs/i_fifo/gen_normal_fifo.u_fifo_cnt/gen_normal_ptrs.wptr_wrap_cnt_q_reg[0]_1                                     |                5 |             23 |         4.60 |
|  clkgen/clk_sys                                                          | u_ibex_demo_system/gen_dm_top.u_dm_top/i_dm_csrs/i_fifo/gen_normal_fifo.u_fifo_cnt/gen_normal_fifo.storage[0]                                         | u_ibex_demo_system/gen_dm_top.u_dm_top/i_dm_csrs/i_fifo/gen_normal_fifo.u_fifo_cnt/gen_normal_ptrs.wptr_wrap_cnt_q_reg[0]_0                                     |                4 |             23 |         5.75 |
|  u_ibex_demo_system/u_top/core_clock_gate_i/gen_xilinx.u_impl_xilinx/clk | u_ibex_demo_system/u_top/u_ibex_core/if_stage_i/g_instr_rdata_nr.instr_rdata_id_o_reg[20]_0[0]                                                        | u_ibex_demo_system/gen_dm_top.u_dm_top/i_dm_csrs/dmcontrol_q_reg[ndmreset]_2                                                                                    |                8 |             24 |         3.00 |
|  u_ibex_demo_system/u_top/core_clock_gate_i/gen_xilinx.u_impl_xilinx/clk | u_ibex_demo_system/u_top/u_ibex_core/load_store_unit_i/rdata_update                                                                                   | u_ibex_demo_system/gen_dm_top.u_dm_top/i_dm_csrs/dmcontrol_q_reg[ndmreset]_2                                                                                    |               13 |             24 |         1.85 |
|  clkgen/clk_sys                                                          | u_ibex_demo_system/gen_dm_top.u_dm_top/dap/i_dmi_cdc/i_cdc_req/data_q_reg[37]_0[0]                                                                    | clkgen/pll_0                                                                                                                                                    |                9 |             30 |         3.33 |
|  u_ibex_demo_system/u_top/core_clock_gate_i/gen_xilinx.u_impl_xilinx/clk | u_ibex_demo_system/u_top/u_ibex_core/if_stage_i/gen_prefetch_buffer.prefetch_buffer_i/fifo_i/valid_req_q_reg_3[0]                                     |                                                                                                                                                                 |                8 |             30 |         3.75 |
|  u_ibex_demo_system/u_top/core_clock_gate_i/gen_xilinx.u_impl_xilinx/clk | u_ibex_demo_system/u_top/u_ibex_core/if_stage_i/gen_prefetch_buffer.prefetch_buffer_i/fifo_i/valid_req_q_reg_2[0]                                     |                                                                                                                                                                 |               19 |             30 |         1.58 |
|  u_ibex_demo_system/u_top/core_clock_gate_i/gen_xilinx.u_impl_xilinx/clk | u_ibex_demo_system/u_top/u_ibex_core/if_stage_i/debug_mode_q_reg_1[0]                                                                                 | u_ibex_demo_system/gen_dm_top.u_dm_top/i_dm_csrs/dmcontrol_q_reg[ndmreset]_2                                                                                    |               20 |             31 |         1.55 |
|  u_ibex_demo_system/u_top/core_clock_gate_i/gen_xilinx.u_impl_xilinx/clk | u_ibex_demo_system/u_top/u_ibex_core/if_stage_i/g_instr_rdata_nr.instr_rdata_id_o_reg[27]_5[0]                                                        | u_ibex_demo_system/gen_dm_top.u_dm_top/i_dm_csrs/dmcontrol_q_reg[ndmreset]_2                                                                                    |               18 |             31 |         1.72 |
|  u_ibex_demo_system/u_top/core_clock_gate_i/gen_xilinx.u_impl_xilinx/clk | u_ibex_demo_system/u_top/u_ibex_core/id_stage_i/controller_i/E[0]                                                                                     |                                                                                                                                                                 |                8 |             31 |         3.88 |
|  clkgen/clk_sys                                                          | u_ibex_demo_system/gen_dm_top.u_dm_top/dap/i_dmi_cdc/i_cdc_req/FSM_sequential_state_q_reg[1][0]                                                       | clkgen/pll_0                                                                                                                                                    |               12 |             32 |         2.67 |
|  u_ibex_demo_system/u_top/core_clock_gate_i/gen_xilinx.u_impl_xilinx/clk | u_ibex_demo_system/u_top/u_ibex_core/if_stage_i/g_instr_rdata_nr.instr_rdata_id_o_reg[29]_5[0]                                                        | u_ibex_demo_system/gen_dm_top.u_dm_top/i_dm_csrs/dmcontrol_q_reg[ndmreset]_2                                                                                    |                4 |             32 |         8.00 |
|  gen_dm_top.u_dm_top/dap/tck                                             | u_ibex_demo_system/gen_dm_top.u_dm_top/dap/i_dmi_jtag_tap/i_tap_dtmcs_1                                                                               |                                                                                                                                                                 |                5 |             32 |         6.40 |
|  u_ibex_demo_system/u_top/core_clock_gate_i/gen_xilinx.u_impl_xilinx/clk | u_ibex_demo_system/u_top/u_ibex_core/if_stage_i/g_instr_rdata_nr.instr_rdata_id_o_reg[29]_6[0]                                                        | u_ibex_demo_system/gen_dm_top.u_dm_top/i_dm_csrs/dmcontrol_q_reg[ndmreset]_2                                                                                    |                5 |             32 |         6.40 |
|  clkgen/clk_sys                                                          | u_ibex_demo_system/gen_dm_top.u_dm_top/dap/i_dmi_cdc/i_cdc_req/data_q_reg[36]_3[0]                                                                    | clkgen/pll_0                                                                                                                                                    |               15 |             32 |         2.13 |
|  u_ibex_demo_system/u_top/core_clock_gate_i/gen_xilinx.u_impl_xilinx/clk | u_ibex_demo_system/u_top/u_ibex_core/if_stage_i/g_instr_rdata_nr.instr_rdata_id_o_reg[29]_7[0]                                                        | u_ibex_demo_system/gen_dm_top.u_dm_top/i_dm_csrs/dmcontrol_q_reg[ndmreset]_2                                                                                    |                5 |             32 |         6.40 |
|  clkgen/clk_sys                                                          | u_ibex_demo_system/gen_dm_top.u_dm_top/dap/i_dmi_cdc/i_cdc_req/data_q_reg[36]_2[0]                                                                    | clkgen/pll_0                                                                                                                                                    |               16 |             32 |         2.00 |
|  u_ibex_demo_system/u_top/core_clock_gate_i/gen_xilinx.u_impl_xilinx/clk | u_ibex_demo_system/u_top/u_ibex_core/if_stage_i/g_instr_rdata_nr.instr_rdata_id_o_reg[29]_8[0]                                                        | u_ibex_demo_system/gen_dm_top.u_dm_top/i_dm_csrs/dmcontrol_q_reg[ndmreset]_2                                                                                    |                7 |             32 |         4.57 |
|  clkgen/clk_sys                                                          | u_ibex_demo_system/gen_dm_top.u_dm_top/dap/i_dmi_cdc/i_cdc_req/data_q_reg[36]_1[0]                                                                    | clkgen/pll_0                                                                                                                                                    |               10 |             32 |         3.20 |
|  gen_dm_top.u_dm_top/dap/tck                                             | u_ibex_demo_system/gen_dm_top.u_dm_top/dap/i_dmi_cdc/i_cdc_resp/u_prim_sync_reqack/gen_rz_hs_protocol.req_sync/u_sync_2/FSM_sequential_state_q_reg[2] |                                                                                                                                                                 |                9 |             32 |         3.56 |
|  u_ibex_demo_system/u_top/core_clock_gate_i/gen_xilinx.u_impl_xilinx/clk | u_ibex_demo_system/u_top/u_ibex_core/if_stage_i/g_instr_rdata_nr.instr_rdata_id_o_reg[29]_9[0]                                                        | u_ibex_demo_system/gen_dm_top.u_dm_top/i_dm_csrs/dmcontrol_q_reg[ndmreset]_2                                                                                    |                8 |             32 |         4.00 |
|  clkgen/clk_sys                                                          | u_ibex_demo_system/gen_dm_top.u_dm_top/dap/i_dmi_cdc/i_cdc_req/data_q_reg[34]_5[0]                                                                    | clkgen/pll_0                                                                                                                                                    |               13 |             32 |         2.46 |
|  u_ibex_demo_system/u_top/core_clock_gate_i/gen_xilinx.u_impl_xilinx/clk | u_ibex_demo_system/u_top/u_ibex_core/load_store_unit_i/addr_update                                                                                    | u_ibex_demo_system/gen_dm_top.u_dm_top/i_dm_csrs/dmcontrol_q_reg[ndmreset]_2                                                                                    |               11 |             32 |         2.91 |
|  clkgen/clk_sys                                                          | u_ibex_demo_system/gen_dm_top.u_dm_top/dap/i_dmi_cdc/i_cdc_req/data_q_reg[34]_2[0]                                                                    | clkgen/pll_0                                                                                                                                                    |               16 |             32 |         2.00 |
|  u_ibex_demo_system/u_top/core_clock_gate_i/gen_xilinx.u_impl_xilinx/clk | u_ibex_demo_system/u_top/u_ibex_core/if_stage_i/g_instr_rdata_nr.instr_rdata_id_o_reg[3]_3[0]                                                         | u_ibex_demo_system/gen_dm_top.u_dm_top/i_dm_csrs/dmcontrol_q_reg[ndmreset]_2                                                                                    |               18 |             32 |         1.78 |
|  u_ibex_demo_system/u_top/core_clock_gate_i/gen_xilinx.u_impl_xilinx/clk | u_ibex_demo_system/u_top/u_ibex_core/if_stage_i/mcountinhibit_q_reg[0][0]                                                                             | u_ibex_demo_system/gen_dm_top.u_dm_top/i_dm_csrs/dmcontrol_q_reg[ndmreset]_2                                                                                    |               16 |             32 |         2.00 |
|  u_ibex_demo_system/u_top/core_clock_gate_i/gen_xilinx.u_impl_xilinx/clk | u_ibex_demo_system/u_top/u_ibex_core/if_stage_i/mcountinhibit_q_reg[0][1]                                                                             | u_ibex_demo_system/gen_dm_top.u_dm_top/i_dm_csrs/dmcontrol_q_reg[ndmreset]_2                                                                                    |               14 |             32 |         2.29 |
|  clkgen/clk_sys                                                          | u_ibex_demo_system/gen_dm_top.u_dm_top/dap/i_dmi_cdc/i_cdc_req/FSM_sequential_state_q_reg[1]_0[0]                                                     | clkgen/pll_0                                                                                                                                                    |               15 |             32 |         2.13 |
|  clkgen/clk_sys                                                          | u_ibex_demo_system/gen_dm_top.u_dm_top/dap/i_dmi_cdc/i_cdc_req/FSM_sequential_state_q_reg[1]_1[0]                                                     | clkgen/pll_0                                                                                                                                                    |               11 |             32 |         2.91 |
|  clkgen/clk_sys                                                          | g_fifo_regs[2].g_rdata_nr.rdata_q_reg[2][31]_i_4_n_0                                                                                                  |                                                                                                                                                                 |               19 |             32 |         1.68 |
|  u_ibex_demo_system/u_top/core_clock_gate_i/gen_xilinx.u_impl_xilinx/clk | u_ibex_demo_system/u_top/u_ibex_core/if_stage_i/rdata_q_reg[0][0]                                                                                     | u_ibex_demo_system/gen_dm_top.u_dm_top/i_dm_csrs/dmcontrol_q_reg[ndmreset]_2                                                                                    |                6 |             32 |         5.33 |
|  u_ibex_demo_system/u_top/core_clock_gate_i/gen_xilinx.u_impl_xilinx/clk | u_ibex_demo_system/u_top/u_ibex_core/if_stage_i/rdata_q_reg[0]_0[0]                                                                                   | u_ibex_demo_system/gen_dm_top.u_dm_top/i_dm_csrs/dmcontrol_q_reg[ndmreset]_2                                                                                    |                8 |             32 |         4.00 |
|  clkgen/clk_sys                                                          | u_ibex_demo_system/gen_dm_top.u_dm_top/dap/i_dmi_cdc/i_cdc_req/data_q_reg[34]_1[0]                                                                    | clkgen/pll_0                                                                                                                                                    |               14 |             32 |         2.29 |
|  u_ibex_demo_system/u_top/core_clock_gate_i/gen_xilinx.u_impl_xilinx/clk | u_ibex_demo_system/u_top/u_ibex_core/if_stage_i/g_instr_rdata_nr.instr_rdata_id_o_reg[29]_11[0]                                                       | u_ibex_demo_system/gen_dm_top.u_dm_top/i_dm_csrs/dmcontrol_q_reg[ndmreset]_2                                                                                    |                7 |             32 |         4.57 |
|  clkgen/clk_sys                                                          | rdata_q_reg[31]_i_6_n_0                                                                                                                               |                                                                                                                                                                 |               19 |             32 |         1.68 |
|  u_ibex_demo_system/u_top/core_clock_gate_i/gen_xilinx.u_impl_xilinx/clk | u_ibex_demo_system/u_top/u_ibex_core/ex_block_i/gen_multdiv_fast.multdiv_i/op_numerator_q[0]                                                          | u_ibex_demo_system/gen_dm_top.u_dm_top/i_dm_csrs/dmcontrol_q_reg[ndmreset]_2                                                                                    |               10 |             32 |         3.20 |
|  u_ibex_demo_system/u_top/core_clock_gate_i/gen_xilinx.u_impl_xilinx/clk | u_ibex_demo_system/u_top/u_ibex_core/ex_block_i/gen_multdiv_fast.multdiv_i/op_quotient_q[0]                                                           | u_ibex_demo_system/gen_dm_top.u_dm_top/i_dm_csrs/dmcontrol_q_reg[ndmreset]_2                                                                                    |               22 |             32 |         1.45 |
|  u_ibex_demo_system/u_top/core_clock_gate_i/gen_xilinx.u_impl_xilinx/clk | u_ibex_demo_system/u_top/u_ibex_core/if_stage_i/gen_prefetch_buffer.prefetch_buffer_i/fifo_i/entry_en_0                                               |                                                                                                                                                                 |               12 |             32 |         2.67 |
|  u_ibex_demo_system/u_top/core_clock_gate_i/gen_xilinx.u_impl_xilinx/clk | u_ibex_demo_system/u_top/u_ibex_core/if_stage_i/gen_prefetch_buffer.prefetch_buffer_i/fifo_i/entry_en_1                                               |                                                                                                                                                                 |               11 |             32 |         2.91 |
|  u_ibex_demo_system/u_top/core_clock_gate_i/gen_xilinx.u_impl_xilinx/clk | u_ibex_demo_system/u_top/u_ibex_core/if_stage_i/gen_prefetch_buffer.prefetch_buffer_i/fifo_i/entry_en_2                                               |                                                                                                                                                                 |               10 |             32 |         3.20 |
|  u_ibex_demo_system/u_top/core_clock_gate_i/gen_xilinx.u_impl_xilinx/clk | u_ibex_demo_system/u_top/u_ibex_core/if_stage_i/debug_mode_q_reg[0]                                                                                   | u_ibex_demo_system/gen_dm_top.u_dm_top/i_dm_csrs/dmcontrol_q_reg[ndmreset]_2                                                                                    |               14 |             32 |         2.29 |
|  clkgen/clk_sys                                                          | u_ibex_demo_system/u_top/u_ibex_core/ex_block_i/alu_i/FSM_sequential_ls_fsm_cs_reg[0]_2                                                               | u_ibex_demo_system/u_top/u_ibex_core/ex_block_i/alu_i/sbaddr_q_reg[1]_0                                                                                         |               13 |             32 |         2.46 |
|  u_ibex_demo_system/u_top/core_clock_gate_i/gen_xilinx.u_impl_xilinx/clk | u_ibex_demo_system/u_top/u_ibex_core/if_stage_i/g_instr_rdata_nr.instr_rdata_id_o_reg[21]_0[0]                                                        | u_ibex_demo_system/gen_dm_top.u_dm_top/i_dm_csrs/dmcontrol_q_reg[ndmreset]_2                                                                                    |               11 |             32 |         2.91 |
|  u_ibex_demo_system/u_top/core_clock_gate_i/gen_xilinx.u_impl_xilinx/clk | u_ibex_demo_system/u_top/u_ibex_core/if_stage_i/g_instr_rdata_nr.instr_rdata_id_o_reg[21]_0[1]                                                        | u_ibex_demo_system/gen_dm_top.u_dm_top/i_dm_csrs/dmcontrol_q_reg[ndmreset]_2                                                                                    |               11 |             32 |         2.91 |
|  u_ibex_demo_system/u_top/core_clock_gate_i/gen_xilinx.u_impl_xilinx/clk | u_ibex_demo_system/u_top/u_ibex_core/if_stage_i/g_instr_rdata_nr.instr_rdata_id_o_reg[22]_2[0]                                                        | u_ibex_demo_system/gen_dm_top.u_dm_top/i_dm_csrs/dmcontrol_q_reg[ndmreset]_2                                                                                    |               16 |             32 |         2.00 |
|  clkgen/clk_sys                                                          | u_ibex_demo_system/gen_dm_top.u_dm_top/dap/i_dmi_cdc/i_cdc_req/dmcontrol_q_reg[dmactive]_rep__0[0]                                                    | clkgen/pll_0                                                                                                                                                    |               11 |             32 |         2.91 |
|  clkgen/clk_sys                                                          | u_ibex_demo_system/gen_dm_top.u_dm_top/dap/i_dmi_cdc/i_cdc_req/sbcs_q_reg[sbbusyerror][0]                                                             | clkgen/pll_0                                                                                                                                                    |               19 |             32 |         1.68 |
|  u_ibex_demo_system/u_top/core_clock_gate_i/gen_xilinx.u_impl_xilinx/clk | u_ibex_demo_system/u_top/u_ibex_core/if_stage_i/g_instr_rdata_nr.instr_rdata_id_o_reg[29]_10[0]                                                       | u_ibex_demo_system/gen_dm_top.u_dm_top/i_dm_csrs/dmcontrol_q_reg[ndmreset]_2                                                                                    |                7 |             32 |         4.57 |
|  clkgen/clk_sys                                                          | u_ibex_demo_system/gen_dm_top.u_dm_top/dap/i_dmi_cdc/i_cdc_req/sbcs_q_reg[sbbusyerror][1]                                                             | clkgen/pll_0                                                                                                                                                    |               15 |             32 |         2.13 |
|  u_ibex_demo_system/u_top/core_clock_gate_i/gen_xilinx.u_impl_xilinx/clk | u_ibex_demo_system/u_top/u_ibex_core/if_stage_i/g_instr_rdata_nr.instr_rdata_id_o_reg[29]_0[0]                                                        | u_ibex_demo_system/gen_dm_top.u_dm_top/i_dm_csrs/dmcontrol_q_reg[ndmreset]_2                                                                                    |               12 |             32 |         2.67 |
|  u_ibex_demo_system/u_top/core_clock_gate_i/gen_xilinx.u_impl_xilinx/clk | u_ibex_demo_system/u_top/u_ibex_core/if_stage_i/g_instr_rdata_nr.instr_rdata_id_o_reg[28]_2[0]                                                        | u_ibex_demo_system/gen_dm_top.u_dm_top/i_dm_csrs/dmcontrol_q_reg[ndmreset]_2                                                                                    |                8 |             32 |         4.00 |
|  u_ibex_demo_system/u_top/core_clock_gate_i/gen_xilinx.u_impl_xilinx/clk | u_ibex_demo_system/u_top/u_ibex_core/if_stage_i/g_instr_rdata_nr.instr_rdata_id_o_reg[28]_1[0]                                                        | u_ibex_demo_system/gen_dm_top.u_dm_top/i_dm_csrs/dmcontrol_q_reg[ndmreset]_2                                                                                    |               10 |             32 |         3.20 |
|  u_ibex_demo_system/u_top/core_clock_gate_i/gen_xilinx.u_impl_xilinx/clk | u_ibex_demo_system/u_top/u_ibex_core/if_stage_i/g_instr_rdata_nr.instr_rdata_id_o_reg[27]_8[0]                                                        | u_ibex_demo_system/gen_dm_top.u_dm_top/i_dm_csrs/dmcontrol_q_reg[ndmreset]_2                                                                                    |               17 |             32 |         1.88 |
|  u_ibex_demo_system/u_top/core_clock_gate_i/gen_xilinx.u_impl_xilinx/clk | u_ibex_demo_system/u_top/u_ibex_core/if_stage_i/g_instr_rdata_nr.instr_rdata_id_o_reg[22]_1[0]                                                        | u_ibex_demo_system/gen_dm_top.u_dm_top/i_dm_csrs/dmcontrol_q_reg[ndmreset]_2                                                                                    |               19 |             32 |         1.68 |
|  clkgen/clk_sys                                                          | u_ibex_demo_system/gen_dm_top.u_dm_top/dap/i_dmi_cdc/i_cdc_resp/wr_en                                                                                 |                                                                                                                                                                 |               11 |             33 |         3.00 |
|  u_ibex_demo_system/u_top/core_clock_gate_i/gen_xilinx.u_impl_xilinx/clk | u_ibex_demo_system/u_top/u_ibex_core/id_stage_i/controller_i/instr_valid_id_q_reg_2[0]                                                                | u_ibex_demo_system/gen_dm_top.u_dm_top/i_dm_csrs/dmcontrol_q_reg[ndmreset]_2                                                                                    |               24 |             34 |         1.42 |
|  u_ibex_demo_system/u_top/core_clock_gate_i/gen_xilinx.u_impl_xilinx/clk |                                                                                                                                                       | u_ibex_demo_system/gen_dm_top.u_dm_top/i_dm_csrs/dmcontrol_q_reg[ndmreset]_2                                                                                    |               23 |             38 |         1.65 |
|  gen_dm_top.u_dm_top/dap/tck                                             | u_ibex_demo_system/gen_dm_top.u_dm_top/dap/i_dmi_jtag_tap/i_tap_dtmcs_0                                                                               |                                                                                                                                                                 |               14 |             41 |         2.93 |
|  gen_dm_top.u_dm_top/dap/tck                                             | u_ibex_demo_system/gen_dm_top.u_dm_top/dap/i_dmi_jtag_tap/FSM_sequential_state_q_reg[2]_0[0]                                                          |                                                                                                                                                                 |               12 |             41 |         3.42 |
|  clkgen/clk_sys                                                          | u_ibex_demo_system/u_top/u_ibex_core/ex_block_i/alu_i/rdata_q[63]_i_8_0[0]                                                                            | clkgen/pll_0                                                                                                                                                    |               26 |             64 |         2.46 |
|  u_ibex_demo_system/u_top/core_clock_gate_i/gen_xilinx.u_impl_xilinx/clk | u_ibex_demo_system/u_top/u_ibex_core/if_stage_i/gen_prefetch_buffer.prefetch_buffer_i/fifo_i/E[0]                                                     |                                                                                                                                                                 |               40 |             81 |         2.03 |
|  u_ibex_demo_system/u_top/core_clock_gate_i/gen_xilinx.u_impl_xilinx/clk | u_ibex_demo_system/u_top/gen_regfile_fpga.register_file_i/we                                                                                          |                                                                                                                                                                 |               11 |             88 |         8.00 |
|  clkgen/clk_sys                                                          |                                                                                                                                                       | clkgen/pll_0                                                                                                                                                    |              168 |            453 |         2.70 |
+--------------------------------------------------------------------------+-------------------------------------------------------------------------------------------------------------------------------------------------------+-----------------------------------------------------------------------------------------------------------------------------------------------------------------+------------------+----------------+--------------+


